path,label,is_franken,plate,index,label_idx
/kaggle/input/datasets/maryemmahmood/glyph2025/Glyph2025/d60/d60_18.jpg,D60,False,-1,-1,29
/kaggle/input/datasets/maryemmahmood/glyph2025/Glyph2025/x7/x7_21.jpg,X7,False,-1,-1,161
/kaggle/input/datasets/maryemmahmood/glyph2025/Glyph2025/i9/i9_249.png,I9,False,-1,-1,68
/kaggle/input/datasets/maryemmahmood/glyph2025/Glyph2025/m17/m17_337.png,M17,False,-1,-1,73
/kaggle/input/datasets/maryemmahmood/glyph2025/Glyph2025/n33/n33_51.png,N33,False,-1,-1,92
/kaggle/input/datasets/maryemmahmood/glyph2025/Glyph2025/x1/x1_190.png,X1,False,-1,-1,160
/kaggle/input/datasets/maryemmahmood/glyph2025/Glyph2025/y1/y1_49.png,Y1,False,-1,-1,163
/kaggle/input/datasets/maryemmahmood/glyph2025/Glyph2025/g36/g36_7.jpg,G36,False,-1,-1,54
/kaggle/input/datasets/maryemmahmood/glyph2025/Glyph2025/h6/h6_11.png,H6,False,-1,-1,63
/kaggle/input/datasets/maryemmahmood/glyph2025/Glyph2025/v29/v29_4.png,V29,False,-1,-1,143
/kaggle/input/datasets/maryemmahmood/glyph2025/Glyph2025/o1/o1_19.png,O1,False,-1,-1,100
/kaggle/input/datasets/maryemmahmood/glyph2025/Glyph2025/g35/050049_g35.png,G35,True,5,49,53
/kaggle/input/datasets/maryemmahmood/glyph2025/Glyph2025/d4/d4_227.png,D4,False,-1,-1,20
/kaggle/input/datasets/maryemmahmood/glyph2025/Glyph2025/l2/l2_18.png,L2,False,-1,-1,70
/kaggle/input/datasets/maryemmahmood/glyph2025/Glyph2025/n35/210115_n35.png,N35,True,21,115,94
/kaggle/input/datasets/maryemmahmood/glyph2025/Glyph2025/d58/d58_113.jpg,D58,False,-1,-1,28
/kaggle/input/datasets/maryemmahmood/glyph2025/Glyph2025/o34/o34_45.png,O34,False,-1,-1,103
/kaggle/input/datasets/maryemmahmood/glyph2025/Glyph2025/r14/r14_22.png,R14,False,-1,-1,115
/kaggle/input/datasets/maryemmahmood/glyph2025/Glyph2025/s29/050157_s29.png,S29,True,5,157,124
/kaggle/input/datasets/maryemmahmood/glyph2025/Glyph2025/x1/x1_254.png,X1,False,-1,-1,160
/kaggle/input/datasets/maryemmahmood/glyph2025/Glyph2025/q3/q3_129.png,Q3,False,-1,-1,113
/kaggle/input/datasets/maryemmahmood/glyph2025/Glyph2025/q1/q1_123.png,Q1,False,-1,-1,111
/kaggle/input/datasets/maryemmahmood/glyph2025/Glyph2025/u1/u1_11.png,U1,False,-1,-1,132
/kaggle/input/datasets/maryemmahmood/glyph2025/Glyph2025/v31/v31_63.jpg,V31,False,-1,-1,145
/kaggle/input/datasets/maryemmahmood/glyph2025/Glyph2025/e34/200149_e34.png,E34,True,20,149,34
/kaggle/input/datasets/maryemmahmood/glyph2025/Glyph2025/v28/v28_128.png,V28,False,-1,-1,142
/kaggle/input/datasets/maryemmahmood/glyph2025/Glyph2025/d36/390372_d36.png,D36,True,39,372,17
/kaggle/input/datasets/maryemmahmood/glyph2025/Glyph2025/n35/n35_363.png,N35,False,-1,-1,94
/kaggle/input/datasets/maryemmahmood/glyph2025/Glyph2025/x1/x1_246.png,X1,False,-1,-1,160
/kaggle/input/datasets/maryemmahmood/glyph2025/Glyph2025/r8/r8_134.png,R8,False,-1,-1,118
/kaggle/input/datasets/maryemmahmood/glyph2025/Glyph2025/s29/s29_100.png,S29,False,-1,-1,124
/kaggle/input/datasets/maryemmahmood/glyph2025/Glyph2025/v28/v28_4.png,V28,False,-1,-1,142
/kaggle/input/datasets/maryemmahmood/glyph2025/Glyph2025/d40/d40_36.png,D40,False,-1,-1,21
/kaggle/input/datasets/maryemmahmood/glyph2025/Glyph2025/m17/050147_m17.png,M17,True,5,147,73
/kaggle/input/datasets/maryemmahmood/glyph2025/Glyph2025/q1/q1_60.png,Q1,False,-1,-1,111
/kaggle/input/datasets/maryemmahmood/glyph2025/Glyph2025/o4/o4_34.png,O4,False,-1,-1,104
/kaggle/input/datasets/maryemmahmood/glyph2025/Glyph2025/d21/d21_345.png,D21,False,-1,-1,14
/kaggle/input/datasets/maryemmahmood/glyph2025/Glyph2025/e34/210058_e34.png,E34,True,21,58,34
/kaggle/input/datasets/maryemmahmood/glyph2025/Glyph2025/m23/m23_156.png,M23,False,-1,-1,78
/kaggle/input/datasets/maryemmahmood/glyph2025/Glyph2025/o1/o1_127.jpg,O1,False,-1,-1,100
/kaggle/input/datasets/maryemmahmood/glyph2025/Glyph2025/i9/200170_i9.png,I9,True,20,170,68
/kaggle/input/datasets/maryemmahmood/glyph2025/Glyph2025/d4/d4_56.jpg,D4,False,-1,-1,20
/kaggle/input/datasets/maryemmahmood/glyph2025/Glyph2025/e34/230320_e34.png,E34,True,23,320,34
/kaggle/input/datasets/maryemmahmood/glyph2025/Glyph2025/d36/200324_d36.png,D36,True,20,324,17
/kaggle/input/datasets/maryemmahmood/glyph2025/Glyph2025/n35/210204_n35.png,N35,True,21,204,94
/kaggle/input/datasets/maryemmahmood/glyph2025/Glyph2025/d4/d4_79.png,D4,False,-1,-1,20
/kaggle/input/datasets/maryemmahmood/glyph2025/Glyph2025/r8/030073_r8.png,R8,True,3,73,118
/kaggle/input/datasets/maryemmahmood/glyph2025/Glyph2025/d40/d40_23.png,D40,False,-1,-1,21
/kaggle/input/datasets/maryemmahmood/glyph2025/Glyph2025/m17/220154_m17.png,M17,True,22,154,73
/kaggle/input/datasets/maryemmahmood/glyph2025/Glyph2025/d4/210259_d4.png,D4,True,21,259,20
/kaggle/input/datasets/maryemmahmood/glyph2025/Glyph2025/g17/g17_89.jpg,G17,False,-1,-1,51
/kaggle/input/datasets/maryemmahmood/glyph2025/Glyph2025/e34/200088_e34.png,E34,True,20,88,34
/kaggle/input/datasets/maryemmahmood/glyph2025/Glyph2025/x7/x7_1.jpg,X7,False,-1,-1,161
/kaggle/input/datasets/maryemmahmood/glyph2025/Glyph2025/u1/u1_34.jpg,U1,False,-1,-1,132
/kaggle/input/datasets/maryemmahmood/glyph2025/Glyph2025/n35/n35_536.png,N35,False,-1,-1,94
/kaggle/input/datasets/maryemmahmood/glyph2025/Glyph2025/v30/v30_57.png,V30,False,-1,-1,144
/kaggle/input/datasets/maryemmahmood/glyph2025/Glyph2025/s38/s38_23.png,S38,False,-1,-1,127
/kaggle/input/datasets/maryemmahmood/glyph2025/Glyph2025/n18/n18_1.png,N18,False,-1,-1,86
/kaggle/input/datasets/maryemmahmood/glyph2025/Glyph2025/a1/a1_59.jpg,A1,False,-1,-1,0
/kaggle/input/datasets/maryemmahmood/glyph2025/Glyph2025/d40/d40_19.jpg,D40,False,-1,-1,21
/kaggle/input/datasets/maryemmahmood/glyph2025/Glyph2025/s29/s29_104.jpg,S29,False,-1,-1,124
/kaggle/input/datasets/maryemmahmood/glyph2025/Glyph2025/x8/x8_3.jpg,X8,False,-1,-1,162
/kaggle/input/datasets/maryemmahmood/glyph2025/Glyph2025/n31/210030_n31.png,N31,True,21,30,91
/kaggle/input/datasets/maryemmahmood/glyph2025/Glyph2025/d21/220268_d21.png,D21,True,22,268,14
/kaggle/input/datasets/maryemmahmood/glyph2025/Glyph2025/q3/q3_56.png,Q3,False,-1,-1,113
/kaggle/input/datasets/maryemmahmood/glyph2025/Glyph2025/f35/f35_93.png,F35,False,-1,-1,46
/kaggle/input/datasets/maryemmahmood/glyph2025/Glyph2025/v6/v6_11.jpg,V6,False,-1,-1,147
/kaggle/input/datasets/maryemmahmood/glyph2025/Glyph2025/x1/x1_277.png,X1,False,-1,-1,160
/kaggle/input/datasets/maryemmahmood/glyph2025/Glyph2025/x1/x1_220.png,X1,False,-1,-1,160
/kaggle/input/datasets/maryemmahmood/glyph2025/Glyph2025/x1/x1_60.png,X1,False,-1,-1,160
/kaggle/input/datasets/maryemmahmood/glyph2025/Glyph2025/i9/050369_i9.png,I9,True,5,369,68
/kaggle/input/datasets/maryemmahmood/glyph2025/Glyph2025/m17/m17_36.png,M17,False,-1,-1,73
/kaggle/input/datasets/maryemmahmood/glyph2025/Glyph2025/x1/x1_365.png,X1,False,-1,-1,160
/kaggle/input/datasets/maryemmahmood/glyph2025/Glyph2025/y1/y1_69.png,Y1,False,-1,-1,163
/kaggle/input/datasets/maryemmahmood/glyph2025/Glyph2025/n35/n35_301.png,N35,False,-1,-1,94
/kaggle/input/datasets/maryemmahmood/glyph2025/Glyph2025/a2/a2_12.jpg,A2,False,-1,-1,3
/kaggle/input/datasets/maryemmahmood/glyph2025/Glyph2025/s21/s21_11.png,S21,False,-1,-1,120
/kaggle/input/datasets/maryemmahmood/glyph2025/Glyph2025/n35/220033_n35.png,N35,True,22,33,94
/kaggle/input/datasets/maryemmahmood/glyph2025/Glyph2025/i9/220002_i9.png,I9,True,22,2,68
/kaggle/input/datasets/maryemmahmood/glyph2025/Glyph2025/n35/n35_203.png,N35,False,-1,-1,94
/kaggle/input/datasets/maryemmahmood/glyph2025/Glyph2025/d36/d36_124.png,D36,False,-1,-1,17
/kaggle/input/datasets/maryemmahmood/glyph2025/Glyph2025/n35/090402_n35.png,N35,True,9,402,94
/kaggle/input/datasets/maryemmahmood/glyph2025/Glyph2025/o4/090108_o4.png,O4,True,9,108,104
/kaggle/input/datasets/maryemmahmood/glyph2025/Glyph2025/i9/i9_290.jpg,I9,False,-1,-1,68
/kaggle/input/datasets/maryemmahmood/glyph2025/Glyph2025/d4/d4_122.png,D4,False,-1,-1,20
/kaggle/input/datasets/maryemmahmood/glyph2025/Glyph2025/m17/m17_118.jpg,M17,False,-1,-1,73
/kaggle/input/datasets/maryemmahmood/glyph2025/Glyph2025/s29/230249_s29.png,S29,True,23,249,124
/kaggle/input/datasets/maryemmahmood/glyph2025/Glyph2025/n33/n33_88.png,N33,False,-1,-1,92
/kaggle/input/datasets/maryemmahmood/glyph2025/Glyph2025/aa15/aa15_59.png,AA15,False,-1,-1,10
/kaggle/input/datasets/maryemmahmood/glyph2025/Glyph2025/x1/090305_x1.png,X1,True,9,305,160
/kaggle/input/datasets/maryemmahmood/glyph2025/Glyph2025/y5/y5_91.png,Y5,False,-1,-1,167
/kaggle/input/datasets/maryemmahmood/glyph2025/Glyph2025/f39/f39_10.png,F39,False,-1,-1,47
/kaggle/input/datasets/maryemmahmood/glyph2025/Glyph2025/w15/w15_3.png,W15,False,-1,-1,151
/kaggle/input/datasets/maryemmahmood/glyph2025/Glyph2025/e34/030176_e34.png,E34,True,3,176,34
/kaggle/input/datasets/maryemmahmood/glyph2025/Glyph2025/n35/n35_67.jpg,N35,False,-1,-1,94
/kaggle/input/datasets/maryemmahmood/glyph2025/Glyph2025/n26/n26_20.png,N26,False,-1,-1,89
/kaggle/input/datasets/maryemmahmood/glyph2025/Glyph2025/g43/050223_g43.png,G43,True,5,223,60
/kaggle/input/datasets/maryemmahmood/glyph2025/Glyph2025/x8/x8_71.png,X8,False,-1,-1,162
/kaggle/input/datasets/maryemmahmood/glyph2025/Glyph2025/a1/a1_53.jpg,A1,False,-1,-1,0
/kaggle/input/datasets/maryemmahmood/glyph2025/Glyph2025/v31/390133_v31.png,V31,True,39,133,145
/kaggle/input/datasets/maryemmahmood/glyph2025/Glyph2025/r8/200230_r8.png,R8,True,20,230,118
/kaggle/input/datasets/maryemmahmood/glyph2025/Glyph2025/d58/d58_48.png,D58,False,-1,-1,28
/kaggle/input/datasets/maryemmahmood/glyph2025/Glyph2025/y5/200047_y5.png,Y5,True,20,47,167
/kaggle/input/datasets/maryemmahmood/glyph2025/Glyph2025/u23/u23_8.png,U23,False,-1,-1,134
/kaggle/input/datasets/maryemmahmood/glyph2025/Glyph2025/s34/s34_108.png,S34,False,-1,-1,126
/kaggle/input/datasets/maryemmahmood/glyph2025/Glyph2025/e1/e1_6.png,E1,False,-1,-1,30
/kaggle/input/datasets/maryemmahmood/glyph2025/Glyph2025/m17/200317_m17.png,M17,True,20,317,73
/kaggle/input/datasets/maryemmahmood/glyph2025/Glyph2025/q3/030228_q3.png,Q3,True,3,228,113
/kaggle/input/datasets/maryemmahmood/glyph2025/Glyph2025/m18/m18_8.png,M18,False,-1,-1,74
/kaggle/input/datasets/maryemmahmood/glyph2025/Glyph2025/i9/220047_i9.png,I9,True,22,47,68
/kaggle/input/datasets/maryemmahmood/glyph2025/Glyph2025/i9/i9_274.png,I9,False,-1,-1,68
/kaggle/input/datasets/maryemmahmood/glyph2025/Glyph2025/y1/y1_66.png,Y1,False,-1,-1,163
/kaggle/input/datasets/maryemmahmood/glyph2025/Glyph2025/g43/050014_g43.png,G43,True,5,14,60
/kaggle/input/datasets/maryemmahmood/glyph2025/Glyph2025/m17/m17_108.png,M17,False,-1,-1,73
/kaggle/input/datasets/maryemmahmood/glyph2025/Glyph2025/u7/u7_71.png,U7,False,-1,-1,137
/kaggle/input/datasets/maryemmahmood/glyph2025/Glyph2025/d54/d54_22.png,D54,False,-1,-1,25
/kaggle/input/datasets/maryemmahmood/glyph2025/Glyph2025/n35/200259_n35.png,N35,True,20,259,94
/kaggle/input/datasets/maryemmahmood/glyph2025/Glyph2025/y1/y1_86.png,Y1,False,-1,-1,163
/kaggle/input/datasets/maryemmahmood/glyph2025/Glyph2025/n35/n35_452.png,N35,False,-1,-1,94
/kaggle/input/datasets/maryemmahmood/glyph2025/Glyph2025/m12/m12_50.jpg,M12,False,-1,-1,71
/kaggle/input/datasets/maryemmahmood/glyph2025/Glyph2025/o1/o1_89.png,O1,False,-1,-1,100
/kaggle/input/datasets/maryemmahmood/glyph2025/Glyph2025/x8/x8_119.png,X8,False,-1,-1,162
/kaggle/input/datasets/maryemmahmood/glyph2025/Glyph2025/q3/q3_98.png,Q3,False,-1,-1,113
/kaggle/input/datasets/maryemmahmood/glyph2025/Glyph2025/m17/390057_m17.png,M17,True,39,57,73
/kaggle/input/datasets/maryemmahmood/glyph2025/Glyph2025/i10/i10_3.png,I10,False,-1,-1,66
/kaggle/input/datasets/maryemmahmood/glyph2025/Glyph2025/s34/s34_105.png,S34,False,-1,-1,126
/kaggle/input/datasets/maryemmahmood/glyph2025/Glyph2025/x8/x8_133.png,X8,False,-1,-1,162
/kaggle/input/datasets/maryemmahmood/glyph2025/Glyph2025/x1/030044_x1.png,X1,True,3,44,160
/kaggle/input/datasets/maryemmahmood/glyph2025/Glyph2025/d36/050125_d36.png,D36,True,5,125,17
/kaggle/input/datasets/maryemmahmood/glyph2025/Glyph2025/m23/m23_148.png,M23,False,-1,-1,78
/kaggle/input/datasets/maryemmahmood/glyph2025/Glyph2025/m17/220078_m17.png,M17,True,22,78,73
/kaggle/input/datasets/maryemmahmood/glyph2025/Glyph2025/d2/d2_14.jpg,D2,False,-1,-1,13
/kaggle/input/datasets/maryemmahmood/glyph2025/Glyph2025/g17/390266_g17.png,G17,True,39,266,51
/kaggle/input/datasets/maryemmahmood/glyph2025/Glyph2025/d21/d21_270.png,D21,False,-1,-1,14
/kaggle/input/datasets/maryemmahmood/glyph2025/Glyph2025/z1/z1_10.png,Z1,False,-1,-1,168
/kaggle/input/datasets/maryemmahmood/glyph2025/Glyph2025/o4/o4_43.jpg,O4,False,-1,-1,104
/kaggle/input/datasets/maryemmahmood/glyph2025/Glyph2025/q1/q1_97.png,Q1,False,-1,-1,111
/kaggle/input/datasets/maryemmahmood/glyph2025/Glyph2025/g25/030347_g25.png,G25,True,3,347,52
/kaggle/input/datasets/maryemmahmood/glyph2025/Glyph2025/i9/i9_289.jpg,I9,False,-1,-1,68
/kaggle/input/datasets/maryemmahmood/glyph2025/Glyph2025/d2/d2_21.png,D2,False,-1,-1,13
/kaggle/input/datasets/maryemmahmood/glyph2025/Glyph2025/s21/s21_6.png,S21,False,-1,-1,120
/kaggle/input/datasets/maryemmahmood/glyph2025/Glyph2025/d21/410330_d21.png,D21,True,41,330,14
/kaggle/input/datasets/maryemmahmood/glyph2025/Glyph2025/m17/m17_406.png,M17,False,-1,-1,73
/kaggle/input/datasets/maryemmahmood/glyph2025/Glyph2025/x1/x1_226.png,X1,False,-1,-1,160
/kaggle/input/datasets/maryemmahmood/glyph2025/Glyph2025/m17/m17_246.png,M17,False,-1,-1,73
/kaggle/input/datasets/maryemmahmood/glyph2025/Glyph2025/d21/200201_d21.png,D21,True,20,201,14
/kaggle/input/datasets/maryemmahmood/glyph2025/Glyph2025/o1/o1_96.png,O1,False,-1,-1,100
/kaggle/input/datasets/maryemmahmood/glyph2025/Glyph2025/o1/o1_92.png,O1,False,-1,-1,100
/kaggle/input/datasets/maryemmahmood/glyph2025/Glyph2025/m23/m23_75.png,M23,False,-1,-1,78
/kaggle/input/datasets/maryemmahmood/glyph2025/Glyph2025/f1/f1_67.png,F1,False,-1,-1,37
/kaggle/input/datasets/maryemmahmood/glyph2025/Glyph2025/d37/d37_106.png,D37,False,-1,-1,18
/kaggle/input/datasets/maryemmahmood/glyph2025/Glyph2025/e34/e34_1.png,E34,False,-1,-1,34
/kaggle/input/datasets/maryemmahmood/glyph2025/Glyph2025/n33/n33_93.png,N33,False,-1,-1,92
/kaggle/input/datasets/maryemmahmood/glyph2025/Glyph2025/m17/m17_205.png,M17,False,-1,-1,73
/kaggle/input/datasets/maryemmahmood/glyph2025/Glyph2025/a24/a24_10.jpg,A24,False,-1,-1,4
/kaggle/input/datasets/maryemmahmood/glyph2025/Glyph2025/d21/d21_239.png,D21,False,-1,-1,14
/kaggle/input/datasets/maryemmahmood/glyph2025/Glyph2025/w17/w17_14.jpg,W17,False,-1,-1,152
/kaggle/input/datasets/maryemmahmood/glyph2025/Glyph2025/n35/220182_n35.png,N35,True,22,182,94
/kaggle/input/datasets/maryemmahmood/glyph2025/Glyph2025/d58/d58_43.png,D58,False,-1,-1,28
/kaggle/input/datasets/maryemmahmood/glyph2025/Glyph2025/v1/v1_29.png,V1,False,-1,-1,138
/kaggle/input/datasets/maryemmahmood/glyph2025/Glyph2025/x8/x8_69.png,X8,False,-1,-1,162
/kaggle/input/datasets/maryemmahmood/glyph2025/Glyph2025/n18/n18_4.png,N18,False,-1,-1,86
/kaggle/input/datasets/maryemmahmood/glyph2025/Glyph2025/o1/o1_107.png,O1,False,-1,-1,100
/kaggle/input/datasets/maryemmahmood/glyph2025/Glyph2025/q1/q1_117.png,Q1,False,-1,-1,111
/kaggle/input/datasets/maryemmahmood/glyph2025/Glyph2025/n35/n35_367.png,N35,False,-1,-1,94
/kaggle/input/datasets/maryemmahmood/glyph2025/Glyph2025/n35/n35_399.png,N35,False,-1,-1,94
/kaggle/input/datasets/maryemmahmood/glyph2025/Glyph2025/i9/030236_i9.png,I9,True,3,236,68
/kaggle/input/datasets/maryemmahmood/glyph2025/Glyph2025/g43/g43_138.jpg,G43,False,-1,-1,60
/kaggle/input/datasets/maryemmahmood/glyph2025/Glyph2025/q1/q1_116.png,Q1,False,-1,-1,111
/kaggle/input/datasets/maryemmahmood/glyph2025/Glyph2025/z1/030340_z1.png,Z1,True,3,340,168
/kaggle/input/datasets/maryemmahmood/glyph2025/Glyph2025/n35/n35_88.png,N35,False,-1,-1,94
/kaggle/input/datasets/maryemmahmood/glyph2025/Glyph2025/g17/g17_37.jpg,G17,False,-1,-1,51
/kaggle/input/datasets/maryemmahmood/glyph2025/Glyph2025/v6/v6_7.png,V6,False,-1,-1,147
/kaggle/input/datasets/maryemmahmood/glyph2025/Glyph2025/n14/n14_15.png,N14,False,-1,-1,84
/kaggle/input/datasets/maryemmahmood/glyph2025/Glyph2025/s29/s29_24.jpg,S29,False,-1,-1,124
/kaggle/input/datasets/maryemmahmood/glyph2025/Glyph2025/v13/v13_51.jpg,V13,False,-1,-1,140
/kaggle/input/datasets/maryemmahmood/glyph2025/Glyph2025/f35/f35_158.png,F35,False,-1,-1,46
/kaggle/input/datasets/maryemmahmood/glyph2025/Glyph2025/i9/200369_i9.png,I9,True,20,369,68
/kaggle/input/datasets/maryemmahmood/glyph2025/Glyph2025/m17/m17_296.png,M17,False,-1,-1,73
/kaggle/input/datasets/maryemmahmood/glyph2025/Glyph2025/x7/x7_2.jpg,X7,False,-1,-1,161
/kaggle/input/datasets/maryemmahmood/glyph2025/Glyph2025/q1/q1_82.png,Q1,False,-1,-1,111
/kaggle/input/datasets/maryemmahmood/glyph2025/Glyph2025/n29/230124_n29.png,N29,True,23,124,90
/kaggle/input/datasets/maryemmahmood/glyph2025/Glyph2025/q3/030273_q3.png,Q3,True,3,273,113
/kaggle/input/datasets/maryemmahmood/glyph2025/Glyph2025/d55/d55_18.jpg,D55,False,-1,-1,26
/kaggle/input/datasets/maryemmahmood/glyph2025/Glyph2025/y5/y5_12.png,Y5,False,-1,-1,167
/kaggle/input/datasets/maryemmahmood/glyph2025/Glyph2025/n35/n35_458.jpg,N35,False,-1,-1,94
/kaggle/input/datasets/maryemmahmood/glyph2025/Glyph2025/x7/x7_6.jpg,X7,False,-1,-1,161
/kaggle/input/datasets/maryemmahmood/glyph2025/Glyph2025/m17/m17_317.png,M17,False,-1,-1,73
/kaggle/input/datasets/maryemmahmood/glyph2025/Glyph2025/o50/230031_o50.png,O50,True,23,31,106
/kaggle/input/datasets/maryemmahmood/glyph2025/Glyph2025/g14/g14_17.png,G14,False,-1,-1,50
/kaggle/input/datasets/maryemmahmood/glyph2025/Glyph2025/v29/v29_2.png,V29,False,-1,-1,143
/kaggle/input/datasets/maryemmahmood/glyph2025/Glyph2025/r8/r8_142.png,R8,False,-1,-1,118
/kaggle/input/datasets/maryemmahmood/glyph2025/Glyph2025/i9/i9_242.png,I9,False,-1,-1,68
/kaggle/input/datasets/maryemmahmood/glyph2025/Glyph2025/o1/o1_83.png,O1,False,-1,-1,100
/kaggle/input/datasets/maryemmahmood/glyph2025/Glyph2025/a19/a19_5.jpg,A19,False,-1,-1,2
/kaggle/input/datasets/maryemmahmood/glyph2025/Glyph2025/g14/g14_3.png,G14,False,-1,-1,50
/kaggle/input/datasets/maryemmahmood/glyph2025/Glyph2025/s34/s34_106.jpg,S34,False,-1,-1,126
/kaggle/input/datasets/maryemmahmood/glyph2025/Glyph2025/v28/v28_93.png,V28,False,-1,-1,142
/kaggle/input/datasets/maryemmahmood/glyph2025/Glyph2025/r8/r8_130.png,R8,False,-1,-1,118
/kaggle/input/datasets/maryemmahmood/glyph2025/Glyph2025/z7/390316_z7.png,Z7,True,39,316,174
/kaggle/input/datasets/maryemmahmood/glyph2025/Glyph2025/s29/s29_127.png,S29,False,-1,-1,124
/kaggle/input/datasets/maryemmahmood/glyph2025/Glyph2025/m17/m17_379.png,M17,False,-1,-1,73
/kaggle/input/datasets/maryemmahmood/glyph2025/Glyph2025/m17/m17_281.png,M17,False,-1,-1,73
/kaggle/input/datasets/maryemmahmood/glyph2025/Glyph2025/g17/220159_g17.png,G17,True,22,159,51
/kaggle/input/datasets/maryemmahmood/glyph2025/Glyph2025/n31/n31_1.jpg,N31,False,-1,-1,91
/kaggle/input/datasets/maryemmahmood/glyph2025/Glyph2025/i9/i9_223.png,I9,False,-1,-1,68
/kaggle/input/datasets/maryemmahmood/glyph2025/Glyph2025/d36/d36_137.png,D36,False,-1,-1,17
/kaggle/input/datasets/maryemmahmood/glyph2025/Glyph2025/x1/x1_214.png,X1,False,-1,-1,160
/kaggle/input/datasets/maryemmahmood/glyph2025/Glyph2025/a40/a40_31.png,A40,False,-1,-1,6
/kaggle/input/datasets/maryemmahmood/glyph2025/Glyph2025/a40/a40_11.jpg,A40,False,-1,-1,6
/kaggle/input/datasets/maryemmahmood/glyph2025/Glyph2025/i1/i1_12.png,I1,False,-1,-1,65
/kaggle/input/datasets/maryemmahmood/glyph2025/Glyph2025/n35/n35_216.png,N35,False,-1,-1,94
/kaggle/input/datasets/maryemmahmood/glyph2025/Glyph2025/d4/d4_59.jpg,D4,False,-1,-1,20
/kaggle/input/datasets/maryemmahmood/glyph2025/Glyph2025/m23/m23_51.png,M23,False,-1,-1,78
/kaggle/input/datasets/maryemmahmood/glyph2025/Glyph2025/v31/v31_23.jpg,V31,False,-1,-1,145
/kaggle/input/datasets/maryemmahmood/glyph2025/Glyph2025/w24/410213_w24.png,W24,True,41,213,157
/kaggle/input/datasets/maryemmahmood/glyph2025/Glyph2025/v6/v6_10.jpg,V6,False,-1,-1,147
/kaggle/input/datasets/maryemmahmood/glyph2025/Glyph2025/g43/200012_g43.png,G43,True,20,12,60
/kaggle/input/datasets/maryemmahmood/glyph2025/Glyph2025/m23/m23_113.png,M23,False,-1,-1,78
/kaggle/input/datasets/maryemmahmood/glyph2025/Glyph2025/x8/x8_122.png,X8,False,-1,-1,162
/kaggle/input/datasets/maryemmahmood/glyph2025/Glyph2025/s29/390196_s29.png,S29,True,39,196,124
/kaggle/input/datasets/maryemmahmood/glyph2025/Glyph2025/f4/f4_17.jpg,F4,False,-1,-1,48
/kaggle/input/datasets/maryemmahmood/glyph2025/Glyph2025/n35/n35_369.png,N35,False,-1,-1,94
/kaggle/input/datasets/maryemmahmood/glyph2025/Glyph2025/v28/v28_37.png,V28,False,-1,-1,142
/kaggle/input/datasets/maryemmahmood/glyph2025/Glyph2025/i9/220007_i9.png,I9,True,22,7,68
/kaggle/input/datasets/maryemmahmood/glyph2025/Glyph2025/n35/210273_n35.png,N35,True,21,273,94
/kaggle/input/datasets/maryemmahmood/glyph2025/Glyph2025/m12/m12_43.png,M12,False,-1,-1,71
/kaggle/input/datasets/maryemmahmood/glyph2025/Glyph2025/n35/n35_38.png,N35,False,-1,-1,94
/kaggle/input/datasets/maryemmahmood/glyph2025/Glyph2025/h1/h1_21.png,H1,False,-1,-1,62
/kaggle/input/datasets/maryemmahmood/glyph2025/Glyph2025/a1/a1_130.jpg,A1,False,-1,-1,0
/kaggle/input/datasets/maryemmahmood/glyph2025/Glyph2025/a40/a40_8.jpg,A40,False,-1,-1,6
/kaggle/input/datasets/maryemmahmood/glyph2025/Glyph2025/d21/d21_215.png,D21,False,-1,-1,14
/kaggle/input/datasets/maryemmahmood/glyph2025/Glyph2025/z3/z3_8.jpg,Z3,False,-1,-1,172
/kaggle/input/datasets/maryemmahmood/glyph2025/Glyph2025/n35/050096_n35.png,N35,True,5,96,94
/kaggle/input/datasets/maryemmahmood/glyph2025/Glyph2025/d4/d4_61.png,D4,False,-1,-1,20
/kaggle/input/datasets/maryemmahmood/glyph2025/Glyph2025/d21/d21_306.png,D21,False,-1,-1,14
/kaggle/input/datasets/maryemmahmood/glyph2025/Glyph2025/u6/u6_19.jpg,U6,False,-1,-1,136
/kaggle/input/datasets/maryemmahmood/glyph2025/Glyph2025/d37/d37_131.png,D37,False,-1,-1,18
/kaggle/input/datasets/maryemmahmood/glyph2025/Glyph2025/n33/n33_17.png,N33,False,-1,-1,92
/kaggle/input/datasets/maryemmahmood/glyph2025/Glyph2025/d36/d36_31.jpg,D36,False,-1,-1,17
/kaggle/input/datasets/maryemmahmood/glyph2025/Glyph2025/v28/v28_79.png,V28,False,-1,-1,142
/kaggle/input/datasets/maryemmahmood/glyph2025/Glyph2025/n35/n35_74.jpg,N35,False,-1,-1,94
/kaggle/input/datasets/maryemmahmood/glyph2025/Glyph2025/g43/230314_g43.png,G43,True,23,314,60
/kaggle/input/datasets/maryemmahmood/glyph2025/Glyph2025/g17/030266_g17.png,G17,True,3,266,51
/kaggle/input/datasets/maryemmahmood/glyph2025/Glyph2025/i10/030463_i10.png,I10,True,3,463,66
/kaggle/input/datasets/maryemmahmood/glyph2025/Glyph2025/d21/030281_d21.png,D21,True,3,281,14
/kaggle/input/datasets/maryemmahmood/glyph2025/Glyph2025/d28/d28_32.jpg,D28,False,-1,-1,15
/kaggle/input/datasets/maryemmahmood/glyph2025/Glyph2025/n35/n35_48.png,N35,False,-1,-1,94
/kaggle/input/datasets/maryemmahmood/glyph2025/Glyph2025/v30/v30_244.png,V30,False,-1,-1,144
/kaggle/input/datasets/maryemmahmood/glyph2025/Glyph2025/d21/230337_d21.png,D21,True,23,337,14
/kaggle/input/datasets/maryemmahmood/glyph2025/Glyph2025/d54/d54_20.png,D54,False,-1,-1,25
/kaggle/input/datasets/maryemmahmood/glyph2025/Glyph2025/x8/x8_98.jpg,X8,False,-1,-1,162
/kaggle/input/datasets/maryemmahmood/glyph2025/Glyph2025/o49/030101_o49.png,O49,True,3,101,105
/kaggle/input/datasets/maryemmahmood/glyph2025/Glyph2025/f35/f35_89.jpg,F35,False,-1,-1,46
/kaggle/input/datasets/maryemmahmood/glyph2025/Glyph2025/m17/030068_m17.png,M17,True,3,68,73
/kaggle/input/datasets/maryemmahmood/glyph2025/Glyph2025/n35/030134_n35.png,N35,True,3,134,94
/kaggle/input/datasets/maryemmahmood/glyph2025/Glyph2025/a1/a1_139.png,A1,False,-1,-1,0
/kaggle/input/datasets/maryemmahmood/glyph2025/Glyph2025/d1/d1_19.png,D1,False,-1,-1,12
/kaggle/input/datasets/maryemmahmood/glyph2025/Glyph2025/y5/y5_35.jpg,Y5,False,-1,-1,167
/kaggle/input/datasets/maryemmahmood/glyph2025/Glyph2025/s29/090093_s29.png,S29,True,9,93,124
/kaggle/input/datasets/maryemmahmood/glyph2025/Glyph2025/y5/y5_24.png,Y5,False,-1,-1,167
/kaggle/input/datasets/maryemmahmood/glyph2025/Glyph2025/n35/030152_n35.png,N35,True,3,152,94
/kaggle/input/datasets/maryemmahmood/glyph2025/Glyph2025/r11/r11_7.jpg,R11,False,-1,-1,114
/kaggle/input/datasets/maryemmahmood/glyph2025/Glyph2025/v13/050045_v13.png,V13,True,5,45,140
/kaggle/input/datasets/maryemmahmood/glyph2025/Glyph2025/g40/g40_18.png,G40,False,-1,-1,59
/kaggle/input/datasets/maryemmahmood/glyph2025/Glyph2025/d58/410176_d58.png,D58,True,41,176,28
/kaggle/input/datasets/maryemmahmood/glyph2025/Glyph2025/i9/i9_151.png,I9,False,-1,-1,68
/kaggle/input/datasets/maryemmahmood/glyph2025/Glyph2025/v13/v13_63.png,V13,False,-1,-1,140
/kaggle/input/datasets/maryemmahmood/glyph2025/Glyph2025/m12/m12_26.png,M12,False,-1,-1,71
/kaggle/input/datasets/maryemmahmood/glyph2025/Glyph2025/d21/d21_148.png,D21,False,-1,-1,14
/kaggle/input/datasets/maryemmahmood/glyph2025/Glyph2025/s29/s29_32.png,S29,False,-1,-1,124
/kaggle/input/datasets/maryemmahmood/glyph2025/Glyph2025/m20/m20_5.jpg,M20,False,-1,-1,76
/kaggle/input/datasets/maryemmahmood/glyph2025/Glyph2025/v28/v28_133.png,V28,False,-1,-1,142
/kaggle/input/datasets/maryemmahmood/glyph2025/Glyph2025/g17/220252_g17.png,G17,True,22,252,51
/kaggle/input/datasets/maryemmahmood/glyph2025/Glyph2025/q1/050116_q1.png,Q1,True,5,116,111
/kaggle/input/datasets/maryemmahmood/glyph2025/Glyph2025/x1/210344_x1.png,X1,True,21,344,160
/kaggle/input/datasets/maryemmahmood/glyph2025/Glyph2025/e10/e10_8.jpg,E10,False,-1,-1,31
/kaggle/input/datasets/maryemmahmood/glyph2025/Glyph2025/n35/n35_49.png,N35,False,-1,-1,94
/kaggle/input/datasets/maryemmahmood/glyph2025/Glyph2025/e7/e7_3.jpg,E7,False,-1,-1,35
/kaggle/input/datasets/maryemmahmood/glyph2025/Glyph2025/u1/u1_4.jpg,U1,False,-1,-1,132
/kaggle/input/datasets/maryemmahmood/glyph2025/Glyph2025/g25/230012_g25.png,G25,True,23,12,52
/kaggle/input/datasets/maryemmahmood/glyph2025/Glyph2025/x1/x1_35.jpg,X1,False,-1,-1,160
/kaggle/input/datasets/maryemmahmood/glyph2025/Glyph2025/s29/s29_61.png,S29,False,-1,-1,124
/kaggle/input/datasets/maryemmahmood/glyph2025/Glyph2025/s29/s29_21.png,S29,False,-1,-1,124
/kaggle/input/datasets/maryemmahmood/glyph2025/Glyph2025/g43/050037_g43.png,G43,True,5,37,60
/kaggle/input/datasets/maryemmahmood/glyph2025/Glyph2025/m23/m23_100.png,M23,False,-1,-1,78
/kaggle/input/datasets/maryemmahmood/glyph2025/Glyph2025/f35/f35_87.png,F35,False,-1,-1,46
/kaggle/input/datasets/maryemmahmood/glyph2025/Glyph2025/d21/d21_231.png,D21,False,-1,-1,14
/kaggle/input/datasets/maryemmahmood/glyph2025/Glyph2025/d40/d40_29.png,D40,False,-1,-1,21
/kaggle/input/datasets/maryemmahmood/glyph2025/Glyph2025/v31/030412_v31.png,V31,True,3,412,145
/kaggle/input/datasets/maryemmahmood/glyph2025/Glyph2025/g17/210053_g17.png,G17,True,21,53,51
/kaggle/input/datasets/maryemmahmood/glyph2025/Glyph2025/q3/220333_q3.png,Q3,True,22,333,113
/kaggle/input/datasets/maryemmahmood/glyph2025/Glyph2025/v28/v28_161.png,V28,False,-1,-1,142
/kaggle/input/datasets/maryemmahmood/glyph2025/Glyph2025/x1/x1_417.jpg,X1,False,-1,-1,160
/kaggle/input/datasets/maryemmahmood/glyph2025/Glyph2025/n1/n1_80.png,N1,False,-1,-1,83
/kaggle/input/datasets/maryemmahmood/glyph2025/Glyph2025/d28/d28_4.png,D28,False,-1,-1,15
/kaggle/input/datasets/maryemmahmood/glyph2025/Glyph2025/n26/n26_12.png,N26,False,-1,-1,89
/kaggle/input/datasets/maryemmahmood/glyph2025/Glyph2025/q1/q1_2.png,Q1,False,-1,-1,111
/kaggle/input/datasets/maryemmahmood/glyph2025/Glyph2025/x1/x1_268.png,X1,False,-1,-1,160
/kaggle/input/datasets/maryemmahmood/glyph2025/Glyph2025/n35/230409_n35.png,N35,True,23,409,94
/kaggle/input/datasets/maryemmahmood/glyph2025/Glyph2025/d21/d21_280.png,D21,False,-1,-1,14
/kaggle/input/datasets/maryemmahmood/glyph2025/Glyph2025/x1/390354_x1.png,X1,True,39,354,160
/kaggle/input/datasets/maryemmahmood/glyph2025/Glyph2025/m17/m17_405.png,M17,False,-1,-1,73
/kaggle/input/datasets/maryemmahmood/glyph2025/Glyph2025/x1/220085_x1.png,X1,True,22,85,160
/kaggle/input/datasets/maryemmahmood/glyph2025/Glyph2025/a1/a1_54.jpg,A1,False,-1,-1,0
/kaggle/input/datasets/maryemmahmood/glyph2025/Glyph2025/v28/v28_12.jpg,V28,False,-1,-1,142
/kaggle/input/datasets/maryemmahmood/glyph2025/Glyph2025/i9/i9_212.png,I9,False,-1,-1,68
/kaggle/input/datasets/maryemmahmood/glyph2025/Glyph2025/q1/030309_q1.png,Q1,True,3,309,111
/kaggle/input/datasets/maryemmahmood/glyph2025/Glyph2025/u6/u6_12.png,U6,False,-1,-1,136
/kaggle/input/datasets/maryemmahmood/glyph2025/Glyph2025/m17/m17_427.png,M17,False,-1,-1,73
/kaggle/input/datasets/maryemmahmood/glyph2025/Glyph2025/i9/i9_243.png,I9,False,-1,-1,68
/kaggle/input/datasets/maryemmahmood/glyph2025/Glyph2025/s29/200253_s29.png,S29,True,20,253,124
/kaggle/input/datasets/maryemmahmood/glyph2025/Glyph2025/v13/v13_65.png,V13,False,-1,-1,140
/kaggle/input/datasets/maryemmahmood/glyph2025/Glyph2025/v28/030364_v28.png,V28,True,3,364,142
/kaggle/input/datasets/maryemmahmood/glyph2025/Glyph2025/m17/200377_m17.png,M17,True,20,377,73
/kaggle/input/datasets/maryemmahmood/glyph2025/Glyph2025/d28/d28_44.png,D28,False,-1,-1,15
/kaggle/input/datasets/maryemmahmood/glyph2025/Glyph2025/n1/n1_34.png,N1,False,-1,-1,83
/kaggle/input/datasets/maryemmahmood/glyph2025/Glyph2025/n33/n33_64.jpg,N33,False,-1,-1,92
/kaggle/input/datasets/maryemmahmood/glyph2025/Glyph2025/r8/390074_r8.png,R8,True,39,74,118
/kaggle/input/datasets/maryemmahmood/glyph2025/Glyph2025/o34/o34_9.png,O34,False,-1,-1,103
/kaggle/input/datasets/maryemmahmood/glyph2025/Glyph2025/v30/v30_93.png,V30,False,-1,-1,144
/kaggle/input/datasets/maryemmahmood/glyph2025/Glyph2025/d55/d55_33.png,D55,False,-1,-1,26
/kaggle/input/datasets/maryemmahmood/glyph2025/Glyph2025/y1/y1_123.png,Y1,False,-1,-1,163
/kaggle/input/datasets/maryemmahmood/glyph2025/Glyph2025/d37/d37_13.png,D37,False,-1,-1,18
/kaggle/input/datasets/maryemmahmood/glyph2025/Glyph2025/g17/090309_g17.png,G17,True,9,309,51
/kaggle/input/datasets/maryemmahmood/glyph2025/Glyph2025/x1/x1_410.png,X1,False,-1,-1,160
/kaggle/input/datasets/maryemmahmood/glyph2025/Glyph2025/v30/v30_202.png,V30,False,-1,-1,144
/kaggle/input/datasets/maryemmahmood/glyph2025/Glyph2025/v4/v4_11.png,V4,False,-1,-1,146
/kaggle/input/datasets/maryemmahmood/glyph2025/Glyph2025/v31/v31_19.jpg,V31,False,-1,-1,145
/kaggle/input/datasets/maryemmahmood/glyph2025/Glyph2025/s29/s29_19.png,S29,False,-1,-1,124
/kaggle/input/datasets/maryemmahmood/glyph2025/Glyph2025/d37/d37_91.png,D37,False,-1,-1,18
/kaggle/input/datasets/maryemmahmood/glyph2025/Glyph2025/i9/200270_i9.png,I9,True,20,270,68
/kaggle/input/datasets/maryemmahmood/glyph2025/Glyph2025/f21/f21_6.png,F21,False,-1,-1,41
/kaggle/input/datasets/maryemmahmood/glyph2025/Glyph2025/s29/090319_s29.png,S29,True,9,319,124
/kaggle/input/datasets/maryemmahmood/glyph2025/Glyph2025/o4/o4_25.png,O4,False,-1,-1,104
/kaggle/input/datasets/maryemmahmood/glyph2025/Glyph2025/i9/230219_i9.png,I9,True,23,219,68
/kaggle/input/datasets/maryemmahmood/glyph2025/Glyph2025/m42/030386_m42.png,M42,True,3,386,81
/kaggle/input/datasets/maryemmahmood/glyph2025/Glyph2025/d45/d45_25.png,D45,False,-1,-1,22
/kaggle/input/datasets/maryemmahmood/glyph2025/Glyph2025/p1/220046_p1.png,P1,True,22,46,108
/kaggle/input/datasets/maryemmahmood/glyph2025/Glyph2025/s29/s29_136.png,S29,False,-1,-1,124
/kaggle/input/datasets/maryemmahmood/glyph2025/Glyph2025/d21/d21_343.jpg,D21,False,-1,-1,14
/kaggle/input/datasets/maryemmahmood/glyph2025/Glyph2025/s3/s3_9.png,S3,False,-1,-1,125
/kaggle/input/datasets/maryemmahmood/glyph2025/Glyph2025/p8/050213_p8.png,P8,True,5,213,110
/kaggle/input/datasets/maryemmahmood/glyph2025/Glyph2025/o49/o49_79.png,O49,False,-1,-1,105
/kaggle/input/datasets/maryemmahmood/glyph2025/Glyph2025/x1/x1_364.png,X1,False,-1,-1,160
/kaggle/input/datasets/maryemmahmood/glyph2025/Glyph2025/m20/m20_7.jpg,M20,False,-1,-1,76
/kaggle/input/datasets/maryemmahmood/glyph2025/Glyph2025/u6/u6_35.png,U6,False,-1,-1,136
/kaggle/input/datasets/maryemmahmood/glyph2025/Glyph2025/o1/090345_o1.png,O1,True,9,345,100
/kaggle/input/datasets/maryemmahmood/glyph2025/Glyph2025/r8/r8_5.png,R8,False,-1,-1,118
/kaggle/input/datasets/maryemmahmood/glyph2025/Glyph2025/m17/m17_327.png,M17,False,-1,-1,73
/kaggle/input/datasets/maryemmahmood/glyph2025/Glyph2025/f31/f31_41.png,F31,False,-1,-1,43
/kaggle/input/datasets/maryemmahmood/glyph2025/Glyph2025/s29/410255_s29.png,S29,True,41,255,124
/kaggle/input/datasets/maryemmahmood/glyph2025/Glyph2025/d45/d45_22.png,D45,False,-1,-1,22
/kaggle/input/datasets/maryemmahmood/glyph2025/Glyph2025/g17/g17_118.jpg,G17,False,-1,-1,51
/kaggle/input/datasets/maryemmahmood/glyph2025/Glyph2025/q3/q3_87.png,Q3,False,-1,-1,113
/kaggle/input/datasets/maryemmahmood/glyph2025/Glyph2025/g43/210324_g43.png,G43,True,21,324,60
/kaggle/input/datasets/maryemmahmood/glyph2025/Glyph2025/g25/410088_g25.png,G25,True,41,88,52
/kaggle/input/datasets/maryemmahmood/glyph2025/Glyph2025/n18/230111_n18.png,N18,True,23,111,86
/kaggle/input/datasets/maryemmahmood/glyph2025/Glyph2025/d4/d4_86.png,D4,False,-1,-1,20
/kaggle/input/datasets/maryemmahmood/glyph2025/Glyph2025/n35/090368_n35.png,N35,True,9,368,94
/kaggle/input/datasets/maryemmahmood/glyph2025/Glyph2025/n33/n33_29.png,N33,False,-1,-1,92
/kaggle/input/datasets/maryemmahmood/glyph2025/Glyph2025/d37/d37_94.png,D37,False,-1,-1,18
/kaggle/input/datasets/maryemmahmood/glyph2025/Glyph2025/n35/n35_155.png,N35,False,-1,-1,94
/kaggle/input/datasets/maryemmahmood/glyph2025/Glyph2025/n1/230255_n1.png,N1,True,23,255,83
/kaggle/input/datasets/maryemmahmood/glyph2025/Glyph2025/l1/l1_22.png,L1,False,-1,-1,69
/kaggle/input/datasets/maryemmahmood/glyph2025/Glyph2025/u1/u1_24.jpg,U1,False,-1,-1,132
/kaggle/input/datasets/maryemmahmood/glyph2025/Glyph2025/g17/410292_g17.png,G17,True,41,292,51
/kaggle/input/datasets/maryemmahmood/glyph2025/Glyph2025/d58/050034_d58.png,D58,True,5,34,28
/kaggle/input/datasets/maryemmahmood/glyph2025/Glyph2025/i9/i9_36.png,I9,False,-1,-1,68
/kaggle/input/datasets/maryemmahmood/glyph2025/Glyph2025/n36/n36_13.png,N36,False,-1,-1,95
/kaggle/input/datasets/maryemmahmood/glyph2025/Glyph2025/r4/r4_111.png,R4,False,-1,-1,116
/kaggle/input/datasets/maryemmahmood/glyph2025/Glyph2025/n8/n8_3.jpg,N8,False,-1,-1,99
/kaggle/input/datasets/maryemmahmood/glyph2025/Glyph2025/d4/d4_51.png,D4,False,-1,-1,20
/kaggle/input/datasets/maryemmahmood/glyph2025/Glyph2025/n35/n35_14.jpg,N35,False,-1,-1,94
/kaggle/input/datasets/maryemmahmood/glyph2025/Glyph2025/s29/090323_s29.png,S29,True,9,323,124
/kaggle/input/datasets/maryemmahmood/glyph2025/Glyph2025/u7/u7_58.png,U7,False,-1,-1,137
/kaggle/input/datasets/maryemmahmood/glyph2025/Glyph2025/n35/050281_n35.png,N35,True,5,281,94
/kaggle/input/datasets/maryemmahmood/glyph2025/Glyph2025/d45/d45_10.png,D45,False,-1,-1,22
/kaggle/input/datasets/maryemmahmood/glyph2025/Glyph2025/p8/090144_p8.png,P8,True,9,144,110
/kaggle/input/datasets/maryemmahmood/glyph2025/Glyph2025/i9/210069_i9.png,I9,True,21,69,68
/kaggle/input/datasets/maryemmahmood/glyph2025/Glyph2025/d46/230073_d46.png,D46,True,23,73,23
/kaggle/input/datasets/maryemmahmood/glyph2025/Glyph2025/w11/w11_14.png,W11,False,-1,-1,149
/kaggle/input/datasets/maryemmahmood/glyph2025/Glyph2025/g40/g40_5.jpg,G40,False,-1,-1,59
/kaggle/input/datasets/maryemmahmood/glyph2025/Glyph2025/n35/230199_n35.png,N35,True,23,199,94
/kaggle/input/datasets/maryemmahmood/glyph2025/Glyph2025/i15/i15_2.png,I15,False,-1,-1,67
/kaggle/input/datasets/maryemmahmood/glyph2025/Glyph2025/o50/410351_o50.png,O50,True,41,351,106
/kaggle/input/datasets/maryemmahmood/glyph2025/Glyph2025/o3/o3_3.jpg,O3,False,-1,-1,102
/kaggle/input/datasets/maryemmahmood/glyph2025/Glyph2025/v30/v30_14.png,V30,False,-1,-1,144
/kaggle/input/datasets/maryemmahmood/glyph2025/Glyph2025/s29/230233_s29.png,S29,True,23,233,124
/kaggle/input/datasets/maryemmahmood/glyph2025/Glyph2025/d45/d45_9.png,D45,False,-1,-1,22
/kaggle/input/datasets/maryemmahmood/glyph2025/Glyph2025/w24/200275_w24.png,W24,True,20,275,157
/kaggle/input/datasets/maryemmahmood/glyph2025/Glyph2025/w19/050285_w19.png,W19,True,5,285,154
/kaggle/input/datasets/maryemmahmood/glyph2025/Glyph2025/d46/050377_d46.png,D46,True,5,377,23
/kaggle/input/datasets/maryemmahmood/glyph2025/Glyph2025/y3/y3_3.png,Y3,False,-1,-1,165
/kaggle/input/datasets/maryemmahmood/glyph2025/Glyph2025/g17/030127_g17.png,G17,True,3,127,51
/kaggle/input/datasets/maryemmahmood/glyph2025/Glyph2025/o50/230263_o50.png,O50,True,23,263,106
/kaggle/input/datasets/maryemmahmood/glyph2025/Glyph2025/d21/d21_357.png,D21,False,-1,-1,14
/kaggle/input/datasets/maryemmahmood/glyph2025/Glyph2025/v30/v30_131.png,V30,False,-1,-1,144
/kaggle/input/datasets/maryemmahmood/glyph2025/Glyph2025/p3/p3_6.png,P3,False,-1,-1,109
/kaggle/input/datasets/maryemmahmood/glyph2025/Glyph2025/o4/o4_8.jpg,O4,False,-1,-1,104
/kaggle/input/datasets/maryemmahmood/glyph2025/Glyph2025/d46/d46_19.jpg,D46,False,-1,-1,23
/kaggle/input/datasets/maryemmahmood/glyph2025/Glyph2025/i10/i10_29.png,I10,False,-1,-1,66
/kaggle/input/datasets/maryemmahmood/glyph2025/Glyph2025/f35/f35_68.png,F35,False,-1,-1,46
/kaggle/input/datasets/maryemmahmood/glyph2025/Glyph2025/q3/390095_q3.png,Q3,True,39,95,113
/kaggle/input/datasets/maryemmahmood/glyph2025/Glyph2025/g43/g43_176.jpg,G43,False,-1,-1,60
/kaggle/input/datasets/maryemmahmood/glyph2025/Glyph2025/q3/q3_22.png,Q3,False,-1,-1,113
/kaggle/input/datasets/maryemmahmood/glyph2025/Glyph2025/g43/390257_g43.png,G43,True,39,257,60
/kaggle/input/datasets/maryemmahmood/glyph2025/Glyph2025/g17/410344_g17.png,G17,True,41,344,51
/kaggle/input/datasets/maryemmahmood/glyph2025/Glyph2025/m17/200227_m17.png,M17,True,20,227,73
/kaggle/input/datasets/maryemmahmood/glyph2025/Glyph2025/g36/390105_g36.png,G36,True,39,105,54
/kaggle/input/datasets/maryemmahmood/glyph2025/Glyph2025/i9/i9_83.jpg,I9,False,-1,-1,68
/kaggle/input/datasets/maryemmahmood/glyph2025/Glyph2025/x1/x1_367.png,X1,False,-1,-1,160
/kaggle/input/datasets/maryemmahmood/glyph2025/Glyph2025/x1/x1_86.png,X1,False,-1,-1,160
/kaggle/input/datasets/maryemmahmood/glyph2025/Glyph2025/e34/210158_e34.png,E34,True,21,158,34
/kaggle/input/datasets/maryemmahmood/glyph2025/Glyph2025/y1/y1_21.jpg,Y1,False,-1,-1,163
/kaggle/input/datasets/maryemmahmood/glyph2025/Glyph2025/q1/q1_139.png,Q1,False,-1,-1,111
/kaggle/input/datasets/maryemmahmood/glyph2025/Glyph2025/m17/m17_122.png,M17,False,-1,-1,73
/kaggle/input/datasets/maryemmahmood/glyph2025/Glyph2025/r7/r7_4.png,R7,False,-1,-1,117
/kaggle/input/datasets/maryemmahmood/glyph2025/Glyph2025/r8/r8_53.jpg,R8,False,-1,-1,118
/kaggle/input/datasets/maryemmahmood/glyph2025/Glyph2025/d4/d4_84.jpg,D4,False,-1,-1,20
/kaggle/input/datasets/maryemmahmood/glyph2025/Glyph2025/n35/n35_384.png,N35,False,-1,-1,94
/kaggle/input/datasets/maryemmahmood/glyph2025/Glyph2025/z1/z1_18.png,Z1,False,-1,-1,168
/kaggle/input/datasets/maryemmahmood/glyph2025/Glyph2025/o4/o4_22.png,O4,False,-1,-1,104
/kaggle/input/datasets/maryemmahmood/glyph2025/Glyph2025/n8/n8_14.png,N8,False,-1,-1,99
/kaggle/input/datasets/maryemmahmood/glyph2025/Glyph2025/m17/230401_m17.png,M17,True,23,401,73
/kaggle/input/datasets/maryemmahmood/glyph2025/Glyph2025/m12/m12_21.png,M12,False,-1,-1,71
/kaggle/input/datasets/maryemmahmood/glyph2025/Glyph2025/v31/410257_v31.png,V31,True,41,257,145
/kaggle/input/datasets/maryemmahmood/glyph2025/Glyph2025/m17/m17_47.png,M17,False,-1,-1,73
/kaggle/input/datasets/maryemmahmood/glyph2025/Glyph2025/x1/390271_x1.png,X1,True,39,271,160
/kaggle/input/datasets/maryemmahmood/glyph2025/Glyph2025/s29/220391_s29.png,S29,True,22,391,124
/kaggle/input/datasets/maryemmahmood/glyph2025/Glyph2025/m17/m17_137.png,M17,False,-1,-1,73
/kaggle/input/datasets/maryemmahmood/glyph2025/Glyph2025/i1/i1_7.png,I1,False,-1,-1,65
/kaggle/input/datasets/maryemmahmood/glyph2025/Glyph2025/d35/d35_19.jpg,D35,False,-1,-1,16
/kaggle/input/datasets/maryemmahmood/glyph2025/Glyph2025/x1/x1_283.jpg,X1,False,-1,-1,160
/kaggle/input/datasets/maryemmahmood/glyph2025/Glyph2025/m17/m17_450.png,M17,False,-1,-1,73
/kaggle/input/datasets/maryemmahmood/glyph2025/Glyph2025/x1/x1_4.jpg,X1,False,-1,-1,160
/kaggle/input/datasets/maryemmahmood/glyph2025/Glyph2025/i9/090251_i9.png,I9,True,9,251,68
/kaggle/input/datasets/maryemmahmood/glyph2025/Glyph2025/i9/i9_220.png,I9,False,-1,-1,68
/kaggle/input/datasets/maryemmahmood/glyph2025/Glyph2025/v13/220397_v13.png,V13,True,22,397,140
/kaggle/input/datasets/maryemmahmood/glyph2025/Glyph2025/x1/x1_18.jpg,X1,False,-1,-1,160
/kaggle/input/datasets/maryemmahmood/glyph2025/Glyph2025/e23/090007_e23.png,E23,True,9,7,33
/kaggle/input/datasets/maryemmahmood/glyph2025/Glyph2025/r8/r8_96.png,R8,False,-1,-1,118
/kaggle/input/datasets/maryemmahmood/glyph2025/Glyph2025/n35/030431_n35.png,N35,True,3,431,94
/kaggle/input/datasets/maryemmahmood/glyph2025/Glyph2025/s29/s29_163.png,S29,False,-1,-1,124
/kaggle/input/datasets/maryemmahmood/glyph2025/Glyph2025/d1/d1_12.png,D1,False,-1,-1,12
/kaggle/input/datasets/maryemmahmood/glyph2025/Glyph2025/m17/090069_m17.png,M17,True,9,69,73
/kaggle/input/datasets/maryemmahmood/glyph2025/Glyph2025/d21/090349_d21.png,D21,True,9,349,14
/kaggle/input/datasets/maryemmahmood/glyph2025/Glyph2025/i10/i10_19.png,I10,False,-1,-1,66
/kaggle/input/datasets/maryemmahmood/glyph2025/Glyph2025/q3/q3_136.png,Q3,False,-1,-1,113
/kaggle/input/datasets/maryemmahmood/glyph2025/Glyph2025/d21/d21_65.png,D21,False,-1,-1,14
/kaggle/input/datasets/maryemmahmood/glyph2025/Glyph2025/v29/v29_3.png,V29,False,-1,-1,143
/kaggle/input/datasets/maryemmahmood/glyph2025/Glyph2025/e34/050127_e34.png,E34,True,5,127,34
/kaggle/input/datasets/maryemmahmood/glyph2025/Glyph2025/s29/210112_s29.png,S29,True,21,112,124
/kaggle/input/datasets/maryemmahmood/glyph2025/Glyph2025/g36/g36_6.jpg,G36,False,-1,-1,54
/kaggle/input/datasets/maryemmahmood/glyph2025/Glyph2025/v1/v1_19.jpg,V1,False,-1,-1,138
/kaggle/input/datasets/maryemmahmood/glyph2025/Glyph2025/m23/m23_23.jpg,M23,False,-1,-1,78
/kaggle/input/datasets/maryemmahmood/glyph2025/Glyph2025/v30/v30_85.png,V30,False,-1,-1,144
/kaggle/input/datasets/maryemmahmood/glyph2025/Glyph2025/r4/r4_58.jpg,R4,False,-1,-1,116
/kaggle/input/datasets/maryemmahmood/glyph2025/Glyph2025/r8/r8_149.png,R8,False,-1,-1,118
/kaggle/input/datasets/maryemmahmood/glyph2025/Glyph2025/d21/230104_d21.png,D21,True,23,104,14
/kaggle/input/datasets/maryemmahmood/glyph2025/Glyph2025/d4/d4_160.png,D4,False,-1,-1,20
/kaggle/input/datasets/maryemmahmood/glyph2025/Glyph2025/m17/090264_m17.png,M17,True,9,264,73
/kaggle/input/datasets/maryemmahmood/glyph2025/Glyph2025/aa15/aa15_76.png,AA15,False,-1,-1,10
/kaggle/input/datasets/maryemmahmood/glyph2025/Glyph2025/g17/g17_114.jpg,G17,False,-1,-1,51
/kaggle/input/datasets/maryemmahmood/glyph2025/Glyph2025/i9/i9_196.png,I9,False,-1,-1,68
/kaggle/input/datasets/maryemmahmood/glyph2025/Glyph2025/m17/m17_197.png,M17,False,-1,-1,73
/kaggle/input/datasets/maryemmahmood/glyph2025/Glyph2025/n35/n35_200.png,N35,False,-1,-1,94
/kaggle/input/datasets/maryemmahmood/glyph2025/Glyph2025/r8/r8_81.png,R8,False,-1,-1,118
/kaggle/input/datasets/maryemmahmood/glyph2025/Glyph2025/d40/d40_24.png,D40,False,-1,-1,21
/kaggle/input/datasets/maryemmahmood/glyph2025/Glyph2025/q3/410326_q3.png,Q3,True,41,326,113
/kaggle/input/datasets/maryemmahmood/glyph2025/Glyph2025/d21/d21_120.png,D21,False,-1,-1,14
/kaggle/input/datasets/maryemmahmood/glyph2025/Glyph2025/n1/n1_65.png,N1,False,-1,-1,83
/kaggle/input/datasets/maryemmahmood/glyph2025/Glyph2025/n35/n35_482.png,N35,False,-1,-1,94
/kaggle/input/datasets/maryemmahmood/glyph2025/Glyph2025/n26/n26_2.png,N26,False,-1,-1,89
/kaggle/input/datasets/maryemmahmood/glyph2025/Glyph2025/o4/o4_35.png,O4,False,-1,-1,104
/kaggle/input/datasets/maryemmahmood/glyph2025/Glyph2025/r8/r8_61.png,R8,False,-1,-1,118
/kaggle/input/datasets/maryemmahmood/glyph2025/Glyph2025/g17/g17_97.png,G17,False,-1,-1,51
/kaggle/input/datasets/maryemmahmood/glyph2025/Glyph2025/t21/t21_5.png,T21,False,-1,-1,129
/kaggle/input/datasets/maryemmahmood/glyph2025/Glyph2025/d4/d4_112.png,D4,False,-1,-1,20
/kaggle/input/datasets/maryemmahmood/glyph2025/Glyph2025/g43/g43_10.jpg,G43,False,-1,-1,60
/kaggle/input/datasets/maryemmahmood/glyph2025/Glyph2025/v30/v30_149.png,V30,False,-1,-1,144
/kaggle/input/datasets/maryemmahmood/glyph2025/Glyph2025/v28/410027_v28.png,V28,True,41,27,142
/kaggle/input/datasets/maryemmahmood/glyph2025/Glyph2025/o34/o34_65.png,O34,False,-1,-1,103
/kaggle/input/datasets/maryemmahmood/glyph2025/Glyph2025/n35/200057_n35.png,N35,True,20,57,94
/kaggle/input/datasets/maryemmahmood/glyph2025/Glyph2025/m17/410249_m17.png,M17,True,41,249,73
/kaggle/input/datasets/maryemmahmood/glyph2025/Glyph2025/n33b/n33b_7.png,N33B,False,-1,-1,93
/kaggle/input/datasets/maryemmahmood/glyph2025/Glyph2025/s29/050004_s29.png,S29,True,5,4,124
/kaggle/input/datasets/maryemmahmood/glyph2025/Glyph2025/i10/210183_i10.png,I10,True,21,183,66
/kaggle/input/datasets/maryemmahmood/glyph2025/Glyph2025/n33/n33_137.png,N33,False,-1,-1,92
/kaggle/input/datasets/maryemmahmood/glyph2025/Glyph2025/d58/d58_38.png,D58,False,-1,-1,28
/kaggle/input/datasets/maryemmahmood/glyph2025/Glyph2025/o1/o1_91.png,O1,False,-1,-1,100
/kaggle/input/datasets/maryemmahmood/glyph2025/Glyph2025/m17/200271_m17.png,M17,True,20,271,73
/kaggle/input/datasets/maryemmahmood/glyph2025/Glyph2025/d39/d39_18.png,D39,False,-1,-1,19
/kaggle/input/datasets/maryemmahmood/glyph2025/Glyph2025/d35/220324_d35.png,D35,True,22,324,16
/kaggle/input/datasets/maryemmahmood/glyph2025/Glyph2025/n35/210077_n35.png,N35,True,21,77,94
/kaggle/input/datasets/maryemmahmood/glyph2025/Glyph2025/s24/s24_7.png,S24,False,-1,-1,121
/kaggle/input/datasets/maryemmahmood/glyph2025/Glyph2025/u7/u7_63.png,U7,False,-1,-1,137
/kaggle/input/datasets/maryemmahmood/glyph2025/Glyph2025/r4/r4_83.png,R4,False,-1,-1,116
/kaggle/input/datasets/maryemmahmood/glyph2025/Glyph2025/n35/n35_46.png,N35,False,-1,-1,94
/kaggle/input/datasets/maryemmahmood/glyph2025/Glyph2025/q3/q3_121.png,Q3,False,-1,-1,113
/kaggle/input/datasets/maryemmahmood/glyph2025/Glyph2025/d21/d21_177.png,D21,False,-1,-1,14
/kaggle/input/datasets/maryemmahmood/glyph2025/Glyph2025/x1/090397_x1.png,X1,True,9,397,160
/kaggle/input/datasets/maryemmahmood/glyph2025/Glyph2025/d45/d45_27.png,D45,False,-1,-1,22
/kaggle/input/datasets/maryemmahmood/glyph2025/Glyph2025/x1/200224_x1.png,X1,True,20,224,160
/kaggle/input/datasets/maryemmahmood/glyph2025/Glyph2025/d21/090245_d21.png,D21,True,9,245,14
/kaggle/input/datasets/maryemmahmood/glyph2025/Glyph2025/aa15/aa15_73.png,AA15,False,-1,-1,10
/kaggle/input/datasets/maryemmahmood/glyph2025/Glyph2025/g38/g38_5.png,G38,False,-1,-1,56
/kaggle/input/datasets/maryemmahmood/glyph2025/Glyph2025/g1/210214_g1.png,G1,True,21,214,49
/kaggle/input/datasets/maryemmahmood/glyph2025/Glyph2025/g14/g14_13.jpg,G14,False,-1,-1,50
/kaggle/input/datasets/maryemmahmood/glyph2025/Glyph2025/g38/g38_14.png,G38,False,-1,-1,56
/kaggle/input/datasets/maryemmahmood/glyph2025/Glyph2025/a50/a50_6.jpg,A50,False,-1,-1,8
/kaggle/input/datasets/maryemmahmood/glyph2025/Glyph2025/g43/210360_g43.png,G43,True,21,360,60
/kaggle/input/datasets/maryemmahmood/glyph2025/Glyph2025/d21/d21_205.jpg,D21,False,-1,-1,14
/kaggle/input/datasets/maryemmahmood/glyph2025/Glyph2025/r8/r8_90.png,R8,False,-1,-1,118
/kaggle/input/datasets/maryemmahmood/glyph2025/Glyph2025/y4/y4_12.jpg,Y4,False,-1,-1,166
/kaggle/input/datasets/maryemmahmood/glyph2025/Glyph2025/m23/m23_1.png,M23,False,-1,-1,78
/kaggle/input/datasets/maryemmahmood/glyph2025/Glyph2025/v4/v4_10.png,V4,False,-1,-1,146
/kaggle/input/datasets/maryemmahmood/glyph2025/Glyph2025/v30/v30_276.png,V30,False,-1,-1,144
/kaggle/input/datasets/maryemmahmood/glyph2025/Glyph2025/m42/m42_6.png,M42,False,-1,-1,81
/kaggle/input/datasets/maryemmahmood/glyph2025/Glyph2025/n5/090223_n5.png,N5,True,9,223,98
/kaggle/input/datasets/maryemmahmood/glyph2025/Glyph2025/n14/n14_13.jpg,N14,False,-1,-1,84
/kaggle/input/datasets/maryemmahmood/glyph2025/Glyph2025/o4/o4_6.jpg,O4,False,-1,-1,104
/kaggle/input/datasets/maryemmahmood/glyph2025/Glyph2025/d21/050366_d21.png,D21,True,5,366,14
/kaggle/input/datasets/maryemmahmood/glyph2025/Glyph2025/n33/n33_47.jpg,N33,False,-1,-1,92
/kaggle/input/datasets/maryemmahmood/glyph2025/Glyph2025/v30/v30_49.png,V30,False,-1,-1,144
/kaggle/input/datasets/maryemmahmood/glyph2025/Glyph2025/a1/a1_35.jpg,A1,False,-1,-1,0
/kaggle/input/datasets/maryemmahmood/glyph2025/Glyph2025/n35/390158_n35.png,N35,True,39,158,94
/kaggle/input/datasets/maryemmahmood/glyph2025/Glyph2025/g17/390203_g17.png,G17,True,39,203,51
/kaggle/input/datasets/maryemmahmood/glyph2025/Glyph2025/m23/m23_3.jpg,M23,False,-1,-1,78
/kaggle/input/datasets/maryemmahmood/glyph2025/Glyph2025/n33b/n33b_6.png,N33B,False,-1,-1,93
/kaggle/input/datasets/maryemmahmood/glyph2025/Glyph2025/d37/d37_124.png,D37,False,-1,-1,18
/kaggle/input/datasets/maryemmahmood/glyph2025/Glyph2025/y1/y1_79.png,Y1,False,-1,-1,163
/kaggle/input/datasets/maryemmahmood/glyph2025/Glyph2025/m17/m17_387.jpg,M17,False,-1,-1,73
/kaggle/input/datasets/maryemmahmood/glyph2025/Glyph2025/s29/s29_121.png,S29,False,-1,-1,124
/kaggle/input/datasets/maryemmahmood/glyph2025/Glyph2025/g43/230240_g43.png,G43,True,23,240,60
/kaggle/input/datasets/maryemmahmood/glyph2025/Glyph2025/s29/s29_167.png,S29,False,-1,-1,124
/kaggle/input/datasets/maryemmahmood/glyph2025/Glyph2025/z4/z4_4.png,Z4,False,-1,-1,173
/kaggle/input/datasets/maryemmahmood/glyph2025/Glyph2025/aa15/aa15_10.png,AA15,False,-1,-1,10
/kaggle/input/datasets/maryemmahmood/glyph2025/Glyph2025/n31/030196_n31.png,N31,True,3,196,91
/kaggle/input/datasets/maryemmahmood/glyph2025/Glyph2025/d28/d28_22.png,D28,False,-1,-1,15
/kaggle/input/datasets/maryemmahmood/glyph2025/Glyph2025/s29/s29_5.jpg,S29,False,-1,-1,124
/kaggle/input/datasets/maryemmahmood/glyph2025/Glyph2025/f35/f35_20.png,F35,False,-1,-1,46
/kaggle/input/datasets/maryemmahmood/glyph2025/Glyph2025/l1/l1_26.png,L1,False,-1,-1,69
/kaggle/input/datasets/maryemmahmood/glyph2025/Glyph2025/m17/410076_m17.png,M17,True,41,76,73
/kaggle/input/datasets/maryemmahmood/glyph2025/Glyph2025/e34/090288_e34.png,E34,True,9,288,34
/kaggle/input/datasets/maryemmahmood/glyph2025/Glyph2025/v30/v30_113.png,V30,False,-1,-1,144
/kaggle/input/datasets/maryemmahmood/glyph2025/Glyph2025/d4/d4_132.png,D4,False,-1,-1,20
/kaggle/input/datasets/maryemmahmood/glyph2025/Glyph2025/s29/030436_s29.png,S29,True,3,436,124
/kaggle/input/datasets/maryemmahmood/glyph2025/Glyph2025/d58/d58_68.jpg,D58,False,-1,-1,28
/kaggle/input/datasets/maryemmahmood/glyph2025/Glyph2025/s34/s34_31.png,S34,False,-1,-1,126
/kaggle/input/datasets/maryemmahmood/glyph2025/Glyph2025/s38/s38_17.png,S38,False,-1,-1,127
/kaggle/input/datasets/maryemmahmood/glyph2025/Glyph2025/a1/a1_31.png,A1,False,-1,-1,0
/kaggle/input/datasets/maryemmahmood/glyph2025/Glyph2025/n35/090077_n35.png,N35,True,9,77,94
/kaggle/input/datasets/maryemmahmood/glyph2025/Glyph2025/w24/200276_w24.png,W24,True,20,276,157
/kaggle/input/datasets/maryemmahmood/glyph2025/Glyph2025/d36/d36_64.jpg,D36,False,-1,-1,17
/kaggle/input/datasets/maryemmahmood/glyph2025/Glyph2025/n35/n35_112.png,N35,False,-1,-1,94
/kaggle/input/datasets/maryemmahmood/glyph2025/Glyph2025/g17/390000_g17.png,G17,True,39,0,51
/kaggle/input/datasets/maryemmahmood/glyph2025/Glyph2025/n35/n35_266.png,N35,False,-1,-1,94
/kaggle/input/datasets/maryemmahmood/glyph2025/Glyph2025/r8/r8_131.png,R8,False,-1,-1,118
/kaggle/input/datasets/maryemmahmood/glyph2025/Glyph2025/f1/f1_54.png,F1,False,-1,-1,37
/kaggle/input/datasets/maryemmahmood/glyph2025/Glyph2025/m3/m3_11.png,M3,False,-1,-1,80
/kaggle/input/datasets/maryemmahmood/glyph2025/Glyph2025/x1/x1_9.png,X1,False,-1,-1,160
/kaggle/input/datasets/maryemmahmood/glyph2025/Glyph2025/d21/090001_d21.png,D21,True,9,1,14
/kaggle/input/datasets/maryemmahmood/glyph2025/Glyph2025/v28/v28_44.png,V28,False,-1,-1,142
/kaggle/input/datasets/maryemmahmood/glyph2025/Glyph2025/x8/x8_70.png,X8,False,-1,-1,162
/kaggle/input/datasets/maryemmahmood/glyph2025/Glyph2025/n35/n35_502.png,N35,False,-1,-1,94
/kaggle/input/datasets/maryemmahmood/glyph2025/Glyph2025/v31/090372_v31.png,V31,True,9,372,145
/kaggle/input/datasets/maryemmahmood/glyph2025/Glyph2025/i9/i9_221.png,I9,False,-1,-1,68
/kaggle/input/datasets/maryemmahmood/glyph2025/Glyph2025/v28/v28_163.jpg,V28,False,-1,-1,142
/kaggle/input/datasets/maryemmahmood/glyph2025/Glyph2025/n5/220348_n5.png,N5,True,22,348,98
/kaggle/input/datasets/maryemmahmood/glyph2025/Glyph2025/v4/v4_4.jpg,V4,False,-1,-1,146
/kaggle/input/datasets/maryemmahmood/glyph2025/Glyph2025/m12/050167_m12.png,M12,True,5,167,71
/kaggle/input/datasets/maryemmahmood/glyph2025/Glyph2025/d4/d4_138.png,D4,False,-1,-1,20
/kaggle/input/datasets/maryemmahmood/glyph2025/Glyph2025/d58/030290_d58.png,D58,True,3,290,28
/kaggle/input/datasets/maryemmahmood/glyph2025/Glyph2025/v31/v31_97.png,V31,False,-1,-1,145
/kaggle/input/datasets/maryemmahmood/glyph2025/Glyph2025/m17/m17_156.png,M17,False,-1,-1,73
/kaggle/input/datasets/maryemmahmood/glyph2025/Glyph2025/d36/d36_117.png,D36,False,-1,-1,17
/kaggle/input/datasets/maryemmahmood/glyph2025/Glyph2025/x1/200147_x1.png,X1,True,20,147,160
/kaggle/input/datasets/maryemmahmood/glyph2025/Glyph2025/d36/030030_d36.png,D36,True,3,30,17
/kaggle/input/datasets/maryemmahmood/glyph2025/Glyph2025/g1/230185_g1.png,G1,True,23,185,49
/kaggle/input/datasets/maryemmahmood/glyph2025/Glyph2025/d40/d40_1.jpg,D40,False,-1,-1,21
/kaggle/input/datasets/maryemmahmood/glyph2025/Glyph2025/v28/v28_132.png,V28,False,-1,-1,142
/kaggle/input/datasets/maryemmahmood/glyph2025/Glyph2025/g25/030346_g25.png,G25,True,3,346,52
/kaggle/input/datasets/maryemmahmood/glyph2025/Glyph2025/d4/d4_127.png,D4,False,-1,-1,20
/kaggle/input/datasets/maryemmahmood/glyph2025/Glyph2025/y2/y2_11.png,Y2,False,-1,-1,164
/kaggle/input/datasets/maryemmahmood/glyph2025/Glyph2025/o49/o49_97.jpg,O49,False,-1,-1,105
/kaggle/input/datasets/maryemmahmood/glyph2025/Glyph2025/x1/x1_176.jpg,X1,False,-1,-1,160
/kaggle/input/datasets/maryemmahmood/glyph2025/Glyph2025/n35/200104_n35.png,N35,True,20,104,94
/kaggle/input/datasets/maryemmahmood/glyph2025/Glyph2025/n1/n1_26.png,N1,False,-1,-1,83
/kaggle/input/datasets/maryemmahmood/glyph2025/Glyph2025/x7/x7_4.jpg,X7,False,-1,-1,161
/kaggle/input/datasets/maryemmahmood/glyph2025/Glyph2025/b1/b1_38.png,B1,False,-1,-1,11
/kaggle/input/datasets/maryemmahmood/glyph2025/Glyph2025/v30/v30_103.png,V30,False,-1,-1,144
/kaggle/input/datasets/maryemmahmood/glyph2025/Glyph2025/g43/g43_162.jpg,G43,False,-1,-1,60
/kaggle/input/datasets/maryemmahmood/glyph2025/Glyph2025/i9/410139_i9.png,I9,True,41,139,68
/kaggle/input/datasets/maryemmahmood/glyph2025/Glyph2025/m17/m17_126.png,M17,False,-1,-1,73
/kaggle/input/datasets/maryemmahmood/glyph2025/Glyph2025/v31/v31_37.jpg,V31,False,-1,-1,145
/kaggle/input/datasets/maryemmahmood/glyph2025/Glyph2025/m17/m17_292.png,M17,False,-1,-1,73
/kaggle/input/datasets/maryemmahmood/glyph2025/Glyph2025/i9/i9_163.jpg,I9,False,-1,-1,68
/kaggle/input/datasets/maryemmahmood/glyph2025/Glyph2025/s34/s34_63.png,S34,False,-1,-1,126
/kaggle/input/datasets/maryemmahmood/glyph2025/Glyph2025/r8/050313_r8.png,R8,True,5,313,118
/kaggle/input/datasets/maryemmahmood/glyph2025/Glyph2025/d4/090074_d4.png,D4,True,9,74,20
/kaggle/input/datasets/maryemmahmood/glyph2025/Glyph2025/i9/i9_264.png,I9,False,-1,-1,68
/kaggle/input/datasets/maryemmahmood/glyph2025/Glyph2025/v13/230356_v13.png,V13,True,23,356,140
/kaggle/input/datasets/maryemmahmood/glyph2025/Glyph2025/d1/d1_20.png,D1,False,-1,-1,12
/kaggle/input/datasets/maryemmahmood/glyph2025/Glyph2025/u1/u1_33.png,U1,False,-1,-1,132
/kaggle/input/datasets/maryemmahmood/glyph2025/Glyph2025/v28/v28_153.jpg,V28,False,-1,-1,142
/kaggle/input/datasets/maryemmahmood/glyph2025/Glyph2025/v13/v13_67.png,V13,False,-1,-1,140
/kaggle/input/datasets/maryemmahmood/glyph2025/Glyph2025/d4/d4_129.png,D4,False,-1,-1,20
/kaggle/input/datasets/maryemmahmood/glyph2025/Glyph2025/m23/200232_m23.png,M23,True,20,232,78
/kaggle/input/datasets/maryemmahmood/glyph2025/Glyph2025/n35/n35_186.jpg,N35,False,-1,-1,94
/kaggle/input/datasets/maryemmahmood/glyph2025/Glyph2025/p8/200374_p8.png,P8,True,20,374,110
/kaggle/input/datasets/maryemmahmood/glyph2025/Glyph2025/d21/d21_342.png,D21,False,-1,-1,14
/kaggle/input/datasets/maryemmahmood/glyph2025/Glyph2025/f31/f31_29.jpg,F31,False,-1,-1,43
/kaggle/input/datasets/maryemmahmood/glyph2025/Glyph2025/o1/o1_118.png,O1,False,-1,-1,100
/kaggle/input/datasets/maryemmahmood/glyph2025/Glyph2025/g36/g36_27.png,G36,False,-1,-1,54
/kaggle/input/datasets/maryemmahmood/glyph2025/Glyph2025/e34/220326_e34.png,E34,True,22,326,34
/kaggle/input/datasets/maryemmahmood/glyph2025/Glyph2025/o50/230086_o50.png,O50,True,23,86,106
/kaggle/input/datasets/maryemmahmood/glyph2025/Glyph2025/y1/y1_22.png,Y1,False,-1,-1,163
/kaggle/input/datasets/maryemmahmood/glyph2025/Glyph2025/y5/y5_67.png,Y5,False,-1,-1,167
/kaggle/input/datasets/maryemmahmood/glyph2025/Glyph2025/q3/q3_15.png,Q3,False,-1,-1,113
/kaggle/input/datasets/maryemmahmood/glyph2025/Glyph2025/a17/a17_3.png,A17,False,-1,-1,1
/kaggle/input/datasets/maryemmahmood/glyph2025/Glyph2025/g43/410064_g43.png,G43,True,41,64,60
/kaggle/input/datasets/maryemmahmood/glyph2025/Glyph2025/d35/200165_d35.png,D35,True,20,165,16
/kaggle/input/datasets/maryemmahmood/glyph2025/Glyph2025/m17/m17_369.png,M17,False,-1,-1,73
/kaggle/input/datasets/maryemmahmood/glyph2025/Glyph2025/q3/230113_q3.png,Q3,True,23,113,113
/kaggle/input/datasets/maryemmahmood/glyph2025/Glyph2025/d46/d46_14.png,D46,False,-1,-1,23
/kaggle/input/datasets/maryemmahmood/glyph2025/Glyph2025/r4/r4_135.png,R4,False,-1,-1,116
/kaggle/input/datasets/maryemmahmood/glyph2025/Glyph2025/d21/d21_233.png,D21,False,-1,-1,14
/kaggle/input/datasets/maryemmahmood/glyph2025/Glyph2025/n5/230042_n5.png,N5,True,23,42,98
/kaggle/input/datasets/maryemmahmood/glyph2025/Glyph2025/g17/410391_g17.png,G17,True,41,391,51
/kaggle/input/datasets/maryemmahmood/glyph2025/Glyph2025/r8/030161_r8.png,R8,True,3,161,118
/kaggle/input/datasets/maryemmahmood/glyph2025/Glyph2025/n37/n37_9.png,N37,False,-1,-1,96
/kaggle/input/datasets/maryemmahmood/glyph2025/Glyph2025/q3/q3_86.png,Q3,False,-1,-1,113
/kaggle/input/datasets/maryemmahmood/glyph2025/Glyph2025/s29/200217_s29.png,S29,True,20,217,124
/kaggle/input/datasets/maryemmahmood/glyph2025/Glyph2025/n35/n35_291.png,N35,False,-1,-1,94
/kaggle/input/datasets/maryemmahmood/glyph2025/Glyph2025/e34/410015_e34.png,E34,True,41,15,34
/kaggle/input/datasets/maryemmahmood/glyph2025/Glyph2025/f31/f31_9.jpg,F31,False,-1,-1,43
/kaggle/input/datasets/maryemmahmood/glyph2025/Glyph2025/f35/f35_27.png,F35,False,-1,-1,46
/kaggle/input/datasets/maryemmahmood/glyph2025/Glyph2025/a40/a40_12.png,A40,False,-1,-1,6
/kaggle/input/datasets/maryemmahmood/glyph2025/Glyph2025/s29/210186_s29.png,S29,True,21,186,124
/kaggle/input/datasets/maryemmahmood/glyph2025/Glyph2025/n14/n14_5.png,N14,False,-1,-1,84
/kaggle/input/datasets/maryemmahmood/glyph2025/Glyph2025/g43/g43_49.jpg,G43,False,-1,-1,60
/kaggle/input/datasets/maryemmahmood/glyph2025/Glyph2025/d35/220322_d35.png,D35,True,22,322,16
/kaggle/input/datasets/maryemmahmood/glyph2025/Glyph2025/y4/y4_29.png,Y4,False,-1,-1,166
/kaggle/input/datasets/maryemmahmood/glyph2025/Glyph2025/g17/g17_54.jpg,G17,False,-1,-1,51
/kaggle/input/datasets/maryemmahmood/glyph2025/Glyph2025/n35/n35_455.png,N35,False,-1,-1,94
/kaggle/input/datasets/maryemmahmood/glyph2025/Glyph2025/w22/410376_w22.png,W22,True,41,376,155
/kaggle/input/datasets/maryemmahmood/glyph2025/Glyph2025/m23/m23_115.png,M23,False,-1,-1,78
/kaggle/input/datasets/maryemmahmood/glyph2025/Glyph2025/g17/210165_g17.png,G17,True,21,165,51
/kaggle/input/datasets/maryemmahmood/glyph2025/Glyph2025/n35/n35_272.png,N35,False,-1,-1,94
/kaggle/input/datasets/maryemmahmood/glyph2025/Glyph2025/n35/030298_n35.png,N35,True,3,298,94
/kaggle/input/datasets/maryemmahmood/glyph2025/Glyph2025/r11/r11_19.png,R11,False,-1,-1,114
/kaggle/input/datasets/maryemmahmood/glyph2025/Glyph2025/s29/390170_s29.png,S29,True,39,170,124
/kaggle/input/datasets/maryemmahmood/glyph2025/Glyph2025/g17/230358_g17.png,G17,True,23,358,51
/kaggle/input/datasets/maryemmahmood/glyph2025/Glyph2025/v31/230025_v31.png,V31,True,23,25,145
/kaggle/input/datasets/maryemmahmood/glyph2025/Glyph2025/n35/390087_n35.png,N35,True,39,87,94
/kaggle/input/datasets/maryemmahmood/glyph2025/Glyph2025/e7/e7_2.jpg,E7,False,-1,-1,35
/kaggle/input/datasets/maryemmahmood/glyph2025/Glyph2025/m17/m17_385.png,M17,False,-1,-1,73
/kaggle/input/datasets/maryemmahmood/glyph2025/Glyph2025/n37/210296_n37.png,N37,True,21,296,96
/kaggle/input/datasets/maryemmahmood/glyph2025/Glyph2025/v28/v28_170.png,V28,False,-1,-1,142
/kaggle/input/datasets/maryemmahmood/glyph2025/Glyph2025/u1/200322_u1.png,U1,True,20,322,132
/kaggle/input/datasets/maryemmahmood/glyph2025/Glyph2025/d35/230354_d35.png,D35,True,23,354,16
/kaggle/input/datasets/maryemmahmood/glyph2025/Glyph2025/f31/f31_68.jpg,F31,False,-1,-1,43
/kaggle/input/datasets/maryemmahmood/glyph2025/Glyph2025/f35/f35_134.png,F35,False,-1,-1,46
/kaggle/input/datasets/maryemmahmood/glyph2025/Glyph2025/d37/d37_119.png,D37,False,-1,-1,18
/kaggle/input/datasets/maryemmahmood/glyph2025/Glyph2025/m23/410054_m23.png,M23,True,41,54,78
/kaggle/input/datasets/maryemmahmood/glyph2025/Glyph2025/w19/w19_7.jpg,W19,False,-1,-1,154
/kaggle/input/datasets/maryemmahmood/glyph2025/Glyph2025/d21/d21_193.png,D21,False,-1,-1,14
/kaggle/input/datasets/maryemmahmood/glyph2025/Glyph2025/x1/x1_189.jpg,X1,False,-1,-1,160
/kaggle/input/datasets/maryemmahmood/glyph2025/Glyph2025/x8/x8_117.png,X8,False,-1,-1,162
/kaggle/input/datasets/maryemmahmood/glyph2025/Glyph2025/m17/m17_357.png,M17,False,-1,-1,73
/kaggle/input/datasets/maryemmahmood/glyph2025/Glyph2025/v28/v28_142.png,V28,False,-1,-1,142
/kaggle/input/datasets/maryemmahmood/glyph2025/Glyph2025/n35/n35_483.jpg,N35,False,-1,-1,94
/kaggle/input/datasets/maryemmahmood/glyph2025/Glyph2025/m17/m17_247.png,M17,False,-1,-1,73
/kaggle/input/datasets/maryemmahmood/glyph2025/Glyph2025/f35/f35_60.jpg,F35,False,-1,-1,46
/kaggle/input/datasets/maryemmahmood/glyph2025/Glyph2025/s21/s21_38.png,S21,False,-1,-1,120
/kaggle/input/datasets/maryemmahmood/glyph2025/Glyph2025/y5/y5_36.png,Y5,False,-1,-1,167
/kaggle/input/datasets/maryemmahmood/glyph2025/Glyph2025/q1/q1_43.png,Q1,False,-1,-1,111
/kaggle/input/datasets/maryemmahmood/glyph2025/Glyph2025/b1/b1_20.png,B1,False,-1,-1,11
/kaggle/input/datasets/maryemmahmood/glyph2025/Glyph2025/r8/r8_21.png,R8,False,-1,-1,118
/kaggle/input/datasets/maryemmahmood/glyph2025/Glyph2025/z11/z11_16.png,Z11,False,-1,-1,169
/kaggle/input/datasets/maryemmahmood/glyph2025/Glyph2025/m17/m17_269.png,M17,False,-1,-1,73
/kaggle/input/datasets/maryemmahmood/glyph2025/Glyph2025/m17/210168_m17.png,M17,True,21,168,73
/kaggle/input/datasets/maryemmahmood/glyph2025/Glyph2025/d37/d37_29.png,D37,False,-1,-1,18
/kaggle/input/datasets/maryemmahmood/glyph2025/Glyph2025/m17/m17_130.jpg,M17,False,-1,-1,73
/kaggle/input/datasets/maryemmahmood/glyph2025/Glyph2025/s34/s34_126.png,S34,False,-1,-1,126
/kaggle/input/datasets/maryemmahmood/glyph2025/Glyph2025/i9/i9_167.png,I9,False,-1,-1,68
/kaggle/input/datasets/maryemmahmood/glyph2025/Glyph2025/x1/x1_52.png,X1,False,-1,-1,160
/kaggle/input/datasets/maryemmahmood/glyph2025/Glyph2025/d45/d45_2.png,D45,False,-1,-1,22
/kaggle/input/datasets/maryemmahmood/glyph2025/Glyph2025/s29/090389_s29.png,S29,True,9,389,124
/kaggle/input/datasets/maryemmahmood/glyph2025/Glyph2025/y1/y1_38.jpg,Y1,False,-1,-1,163
/kaggle/input/datasets/maryemmahmood/glyph2025/Glyph2025/v31/v31_119.png,V31,False,-1,-1,145
/kaggle/input/datasets/maryemmahmood/glyph2025/Glyph2025/f31/f31_44.png,F31,False,-1,-1,43
/kaggle/input/datasets/maryemmahmood/glyph2025/Glyph2025/m17/050381_m17.png,M17,True,5,381,73
/kaggle/input/datasets/maryemmahmood/glyph2025/Glyph2025/x1/x1_379.png,X1,False,-1,-1,160
/kaggle/input/datasets/maryemmahmood/glyph2025/Glyph2025/s40/s40_11.png,S40,False,-1,-1,128
/kaggle/input/datasets/maryemmahmood/glyph2025/Glyph2025/n35/n35_319.png,N35,False,-1,-1,94
/kaggle/input/datasets/maryemmahmood/glyph2025/Glyph2025/b1/b1_18.jpg,B1,False,-1,-1,11
/kaggle/input/datasets/maryemmahmood/glyph2025/Glyph2025/n35/n35_151.jpg,N35,False,-1,-1,94
/kaggle/input/datasets/maryemmahmood/glyph2025/Glyph2025/m23/m23_79.jpg,M23,False,-1,-1,78
/kaggle/input/datasets/maryemmahmood/glyph2025/Glyph2025/f32/f32_6.png,F32,False,-1,-1,44
/kaggle/input/datasets/maryemmahmood/glyph2025/Glyph2025/x1/x1_45.png,X1,False,-1,-1,160
/kaggle/input/datasets/maryemmahmood/glyph2025/Glyph2025/w19/w19_21.jpg,W19,False,-1,-1,154
/kaggle/input/datasets/maryemmahmood/glyph2025/Glyph2025/d40/d40_18.png,D40,False,-1,-1,21
/kaggle/input/datasets/maryemmahmood/glyph2025/Glyph2025/g43/410055_g43.png,G43,True,41,55,60
/kaggle/input/datasets/maryemmahmood/glyph2025/Glyph2025/f35/f35_143.png,F35,False,-1,-1,46
/kaggle/input/datasets/maryemmahmood/glyph2025/Glyph2025/o1/o1_44.jpg,O1,False,-1,-1,100
/kaggle/input/datasets/maryemmahmood/glyph2025/Glyph2025/x8/x8_79.png,X8,False,-1,-1,162
/kaggle/input/datasets/maryemmahmood/glyph2025/Glyph2025/o1/050241_o1.png,O1,True,5,241,100
/kaggle/input/datasets/maryemmahmood/glyph2025/Glyph2025/o34/220102_o34.png,O34,True,22,102,103
/kaggle/input/datasets/maryemmahmood/glyph2025/Glyph2025/a17/a17_7.png,A17,False,-1,-1,1
/kaggle/input/datasets/maryemmahmood/glyph2025/Glyph2025/o34/o34_27.png,O34,False,-1,-1,103
/kaggle/input/datasets/maryemmahmood/glyph2025/Glyph2025/x1/x1_193.png,X1,False,-1,-1,160
/kaggle/input/datasets/maryemmahmood/glyph2025/Glyph2025/i9/i9_129.jpg,I9,False,-1,-1,68
/kaggle/input/datasets/maryemmahmood/glyph2025/Glyph2025/v30/v30_6.jpg,V30,False,-1,-1,144
/kaggle/input/datasets/maryemmahmood/glyph2025/Glyph2025/y1/y1_9.png,Y1,False,-1,-1,163
/kaggle/input/datasets/maryemmahmood/glyph2025/Glyph2025/i9/i9_8.png,I9,False,-1,-1,68
/kaggle/input/datasets/maryemmahmood/glyph2025/Glyph2025/x8/x8_124.png,X8,False,-1,-1,162
/kaggle/input/datasets/maryemmahmood/glyph2025/Glyph2025/d4/d4_16.png,D4,False,-1,-1,20
/kaggle/input/datasets/maryemmahmood/glyph2025/Glyph2025/v13/030261_v13.png,V13,True,3,261,140
/kaggle/input/datasets/maryemmahmood/glyph2025/Glyph2025/d21/410335_d21.png,D21,True,41,335,14
/kaggle/input/datasets/maryemmahmood/glyph2025/Glyph2025/x1/x1_69.png,X1,False,-1,-1,160
/kaggle/input/datasets/maryemmahmood/glyph2025/Glyph2025/d55/d55_4.png,D55,False,-1,-1,26
/kaggle/input/datasets/maryemmahmood/glyph2025/Glyph2025/v30/v30_145.png,V30,False,-1,-1,144
/kaggle/input/datasets/maryemmahmood/glyph2025/Glyph2025/g43/g43_8.jpg,G43,False,-1,-1,60
/kaggle/input/datasets/maryemmahmood/glyph2025/Glyph2025/i9/200256_i9.png,I9,True,20,256,68
/kaggle/input/datasets/maryemmahmood/glyph2025/Glyph2025/d36/200244_d36.png,D36,True,20,244,17
/kaggle/input/datasets/maryemmahmood/glyph2025/Glyph2025/z1b/z1b_2.png,Z1B,False,-1,-1,170
/kaggle/input/datasets/maryemmahmood/glyph2025/Glyph2025/d28/d28_67.png,D28,False,-1,-1,15
/kaggle/input/datasets/maryemmahmood/glyph2025/Glyph2025/g43/g43_61.jpg,G43,False,-1,-1,60
/kaggle/input/datasets/maryemmahmood/glyph2025/Glyph2025/n26/n26_7.png,N26,False,-1,-1,89
/kaggle/input/datasets/maryemmahmood/glyph2025/Glyph2025/n35/n35_180.png,N35,False,-1,-1,94
/kaggle/input/datasets/maryemmahmood/glyph2025/Glyph2025/v28/v28_106.png,V28,False,-1,-1,142
/kaggle/input/datasets/maryemmahmood/glyph2025/Glyph2025/s29/s29_41.png,S29,False,-1,-1,124
/kaggle/input/datasets/maryemmahmood/glyph2025/Glyph2025/g17/g17_135.png,G17,False,-1,-1,51
/kaggle/input/datasets/maryemmahmood/glyph2025/Glyph2025/d54/210172_d54.png,D54,True,21,172,25
/kaggle/input/datasets/maryemmahmood/glyph2025/Glyph2025/f21/f21_2.png,F21,False,-1,-1,41
/kaggle/input/datasets/maryemmahmood/glyph2025/Glyph2025/g43/g43_115.png,G43,False,-1,-1,60
/kaggle/input/datasets/maryemmahmood/glyph2025/Glyph2025/d37/d37_12.png,D37,False,-1,-1,18
/kaggle/input/datasets/maryemmahmood/glyph2025/Glyph2025/d21/d21_116.png,D21,False,-1,-1,14
/kaggle/input/datasets/maryemmahmood/glyph2025/Glyph2025/g17/230355_g17.png,G17,True,23,355,51
/kaggle/input/datasets/maryemmahmood/glyph2025/Glyph2025/d54/d54_12.png,D54,False,-1,-1,25
/kaggle/input/datasets/maryemmahmood/glyph2025/Glyph2025/i9/i9_7.png,I9,False,-1,-1,68
/kaggle/input/datasets/maryemmahmood/glyph2025/Glyph2025/d28/d28_35.jpg,D28,False,-1,-1,15
/kaggle/input/datasets/maryemmahmood/glyph2025/Glyph2025/u7/u7_9.png,U7,False,-1,-1,137
/kaggle/input/datasets/maryemmahmood/glyph2025/Glyph2025/n35/050192_n35.png,N35,True,5,192,94
/kaggle/input/datasets/maryemmahmood/glyph2025/Glyph2025/f35/f35_146.png,F35,False,-1,-1,46
/kaggle/input/datasets/maryemmahmood/glyph2025/Glyph2025/a1/a1_65.png,A1,False,-1,-1,0
/kaggle/input/datasets/maryemmahmood/glyph2025/Glyph2025/f1/f1_1.png,F1,False,-1,-1,37
/kaggle/input/datasets/maryemmahmood/glyph2025/Glyph2025/v31/390318_v31.png,V31,True,39,318,145
/kaggle/input/datasets/maryemmahmood/glyph2025/Glyph2025/o49/o49_36.jpg,O49,False,-1,-1,105
/kaggle/input/datasets/maryemmahmood/glyph2025/Glyph2025/m23/m23_74.png,M23,False,-1,-1,78
/kaggle/input/datasets/maryemmahmood/glyph2025/Glyph2025/i9/200250_i9.png,I9,True,20,250,68
/kaggle/input/datasets/maryemmahmood/glyph2025/Glyph2025/n35/n35_429.png,N35,False,-1,-1,94
/kaggle/input/datasets/maryemmahmood/glyph2025/Glyph2025/f35/f35_44.jpg,F35,False,-1,-1,46
/kaggle/input/datasets/maryemmahmood/glyph2025/Glyph2025/q3/210045_q3.png,Q3,True,21,45,113
/kaggle/input/datasets/maryemmahmood/glyph2025/Glyph2025/r4/r4_12.jpg,R4,False,-1,-1,116
/kaggle/input/datasets/maryemmahmood/glyph2025/Glyph2025/r8/r8_59.png,R8,False,-1,-1,118
/kaggle/input/datasets/maryemmahmood/glyph2025/Glyph2025/l1/l1_21.png,L1,False,-1,-1,69
/kaggle/input/datasets/maryemmahmood/glyph2025/Glyph2025/g43/g43_73.jpg,G43,False,-1,-1,60
/kaggle/input/datasets/maryemmahmood/glyph2025/Glyph2025/o1/o1_1.png,O1,False,-1,-1,100
/kaggle/input/datasets/maryemmahmood/glyph2025/Glyph2025/m17/m17_148.png,M17,False,-1,-1,73
/kaggle/input/datasets/maryemmahmood/glyph2025/Glyph2025/v31/v31_88.png,V31,False,-1,-1,145
/kaggle/input/datasets/maryemmahmood/glyph2025/Glyph2025/d21/d21_207.png,D21,False,-1,-1,14
/kaggle/input/datasets/maryemmahmood/glyph2025/Glyph2025/y1/y1_77.png,Y1,False,-1,-1,163
/kaggle/input/datasets/maryemmahmood/glyph2025/Glyph2025/v28/410312_v28.png,V28,True,41,312,142
/kaggle/input/datasets/maryemmahmood/glyph2025/Glyph2025/o50/390401_o50.png,O50,True,39,401,106
/kaggle/input/datasets/maryemmahmood/glyph2025/Glyph2025/l2/l2_3.jpg,L2,False,-1,-1,70
/kaggle/input/datasets/maryemmahmood/glyph2025/Glyph2025/d37/d37_87.png,D37,False,-1,-1,18
/kaggle/input/datasets/maryemmahmood/glyph2025/Glyph2025/d54/410168_d54.png,D54,True,41,168,25
/kaggle/input/datasets/maryemmahmood/glyph2025/Glyph2025/q3/q3_63.png,Q3,False,-1,-1,113
/kaggle/input/datasets/maryemmahmood/glyph2025/Glyph2025/v13/v13_74.png,V13,False,-1,-1,140
/kaggle/input/datasets/maryemmahmood/glyph2025/Glyph2025/r11/r11_24.png,R11,False,-1,-1,114
/kaggle/input/datasets/maryemmahmood/glyph2025/Glyph2025/d21/210155_d21.png,D21,True,21,155,14
/kaggle/input/datasets/maryemmahmood/glyph2025/Glyph2025/g43/050316_g43.png,G43,True,5,316,60
/kaggle/input/datasets/maryemmahmood/glyph2025/Glyph2025/i9/200226_i9.png,I9,True,20,226,68
/kaggle/input/datasets/maryemmahmood/glyph2025/Glyph2025/n33/n33_159.jpg,N33,False,-1,-1,92
/kaggle/input/datasets/maryemmahmood/glyph2025/Glyph2025/d46/030295_d46.png,D46,True,3,295,23
/kaggle/input/datasets/maryemmahmood/glyph2025/Glyph2025/a42/a42_4.jpg,A42,False,-1,-1,7
/kaggle/input/datasets/maryemmahmood/glyph2025/Glyph2025/o50/090233_o50.png,O50,True,9,233,106
/kaggle/input/datasets/maryemmahmood/glyph2025/Glyph2025/d28/d28_14.png,D28,False,-1,-1,15
/kaggle/input/datasets/maryemmahmood/glyph2025/Glyph2025/v13/v13_6.png,V13,False,-1,-1,140
/kaggle/input/datasets/maryemmahmood/glyph2025/Glyph2025/d4/d4_175.png,D4,False,-1,-1,20
/kaggle/input/datasets/maryemmahmood/glyph2025/Glyph2025/n35/n35_121.png,N35,False,-1,-1,94
/kaggle/input/datasets/maryemmahmood/glyph2025/Glyph2025/v6/v6_5.jpg,V6,False,-1,-1,147
/kaggle/input/datasets/maryemmahmood/glyph2025/Glyph2025/n35/410378_n35.png,N35,True,41,378,94
/kaggle/input/datasets/maryemmahmood/glyph2025/Glyph2025/n33/n33_52.png,N33,False,-1,-1,92
/kaggle/input/datasets/maryemmahmood/glyph2025/Glyph2025/r4/r4_114.png,R4,False,-1,-1,116
/kaggle/input/datasets/maryemmahmood/glyph2025/Glyph2025/i9/i9_282.png,I9,False,-1,-1,68
/kaggle/input/datasets/maryemmahmood/glyph2025/Glyph2025/w15/w15_7.jpg,W15,False,-1,-1,151
/kaggle/input/datasets/maryemmahmood/glyph2025/Glyph2025/n35/n35_143.png,N35,False,-1,-1,94
/kaggle/input/datasets/maryemmahmood/glyph2025/Glyph2025/o49/o49_38.png,O49,False,-1,-1,105
/kaggle/input/datasets/maryemmahmood/glyph2025/Glyph2025/n29/030084_n29.png,N29,True,3,84,90
/kaggle/input/datasets/maryemmahmood/glyph2025/Glyph2025/n33b/n33b_2.png,N33B,False,-1,-1,93
/kaggle/input/datasets/maryemmahmood/glyph2025/Glyph2025/u7/u7_3.png,U7,False,-1,-1,137
/kaggle/input/datasets/maryemmahmood/glyph2025/Glyph2025/x1/410368_x1.png,X1,True,41,368,160
/kaggle/input/datasets/maryemmahmood/glyph2025/Glyph2025/n35/210175_n35.png,N35,True,21,175,94
/kaggle/input/datasets/maryemmahmood/glyph2025/Glyph2025/r8/r8_136.png,R8,False,-1,-1,118
/kaggle/input/datasets/maryemmahmood/glyph2025/Glyph2025/i9/i9_143.png,I9,False,-1,-1,68
/kaggle/input/datasets/maryemmahmood/glyph2025/Glyph2025/n33/n33_8.png,N33,False,-1,-1,92
/kaggle/input/datasets/maryemmahmood/glyph2025/Glyph2025/m17/m17_420.png,M17,False,-1,-1,73
/kaggle/input/datasets/maryemmahmood/glyph2025/Glyph2025/g43/g43_111.jpg,G43,False,-1,-1,60
/kaggle/input/datasets/maryemmahmood/glyph2025/Glyph2025/d21/390217_d21.png,D21,True,39,217,14
/kaggle/input/datasets/maryemmahmood/glyph2025/Glyph2025/n26/n26_1.jpg,N26,False,-1,-1,89
/kaggle/input/datasets/maryemmahmood/glyph2025/Glyph2025/d28/030249_d28.png,D28,True,3,249,15
/kaggle/input/datasets/maryemmahmood/glyph2025/Glyph2025/g43/g43_63.png,G43,False,-1,-1,60
/kaggle/input/datasets/maryemmahmood/glyph2025/Glyph2025/m17/m17_3.png,M17,False,-1,-1,73
/kaggle/input/datasets/maryemmahmood/glyph2025/Glyph2025/d46/d46_4.png,D46,False,-1,-1,23
/kaggle/input/datasets/maryemmahmood/glyph2025/Glyph2025/d58/d58_54.jpg,D58,False,-1,-1,28
/kaggle/input/datasets/maryemmahmood/glyph2025/Glyph2025/q1/q1_132.png,Q1,False,-1,-1,111
/kaggle/input/datasets/maryemmahmood/glyph2025/Glyph2025/s29/s29_33.png,S29,False,-1,-1,124
/kaggle/input/datasets/maryemmahmood/glyph2025/Glyph2025/m12/m12_60.jpg,M12,False,-1,-1,71
/kaggle/input/datasets/maryemmahmood/glyph2025/Glyph2025/d36/d36_65.png,D36,False,-1,-1,17
/kaggle/input/datasets/maryemmahmood/glyph2025/Glyph2025/r8/r8_87.png,R8,False,-1,-1,118
/kaggle/input/datasets/maryemmahmood/glyph2025/Glyph2025/v30/v30_52.png,V30,False,-1,-1,144
/kaggle/input/datasets/maryemmahmood/glyph2025/Glyph2025/g43/050378_g43.png,G43,True,5,378,60
/kaggle/input/datasets/maryemmahmood/glyph2025/Glyph2025/d37/d37_61.png,D37,False,-1,-1,18
/kaggle/input/datasets/maryemmahmood/glyph2025/Glyph2025/a17/a17_6.png,A17,False,-1,-1,1
/kaggle/input/datasets/maryemmahmood/glyph2025/Glyph2025/v30/v30_44.jpg,V30,False,-1,-1,144
/kaggle/input/datasets/maryemmahmood/glyph2025/Glyph2025/i10/i10_8.png,I10,False,-1,-1,66
/kaggle/input/datasets/maryemmahmood/glyph2025/Glyph2025/v28/v28_75.jpg,V28,False,-1,-1,142
/kaggle/input/datasets/maryemmahmood/glyph2025/Glyph2025/m23/m23_73.png,M23,False,-1,-1,78
/kaggle/input/datasets/maryemmahmood/glyph2025/Glyph2025/g17/g17_5.jpg,G17,False,-1,-1,51
/kaggle/input/datasets/maryemmahmood/glyph2025/Glyph2025/q1/q1_120.png,Q1,False,-1,-1,111
/kaggle/input/datasets/maryemmahmood/glyph2025/Glyph2025/d21/d21_168.png,D21,False,-1,-1,14
/kaggle/input/datasets/maryemmahmood/glyph2025/Glyph2025/r4/r4_36.png,R4,False,-1,-1,116
/kaggle/input/datasets/maryemmahmood/glyph2025/Glyph2025/d21/d21_198.png,D21,False,-1,-1,14
/kaggle/input/datasets/maryemmahmood/glyph2025/Glyph2025/r8/r8_80.png,R8,False,-1,-1,118
/kaggle/input/datasets/maryemmahmood/glyph2025/Glyph2025/n33/n33_62.png,N33,False,-1,-1,92
/kaggle/input/datasets/maryemmahmood/glyph2025/Glyph2025/f35/f35_30.png,F35,False,-1,-1,46
/kaggle/input/datasets/maryemmahmood/glyph2025/Glyph2025/n35/n35_517.png,N35,False,-1,-1,94
/kaggle/input/datasets/maryemmahmood/glyph2025/Glyph2025/r4/r4_140.png,R4,False,-1,-1,116
/kaggle/input/datasets/maryemmahmood/glyph2025/Glyph2025/v31/410311_v31.png,V31,True,41,311,145
/kaggle/input/datasets/maryemmahmood/glyph2025/Glyph2025/z11/030349_z11.png,Z11,True,3,349,169
/kaggle/input/datasets/maryemmahmood/glyph2025/Glyph2025/v28/v28_115.png,V28,False,-1,-1,142
/kaggle/input/datasets/maryemmahmood/glyph2025/Glyph2025/v1/v1_27.png,V1,False,-1,-1,138
/kaggle/input/datasets/maryemmahmood/glyph2025/Glyph2025/n1/030188_n1.png,N1,True,3,188,83
/kaggle/input/datasets/maryemmahmood/glyph2025/Glyph2025/s29/s29_9.png,S29,False,-1,-1,124
/kaggle/input/datasets/maryemmahmood/glyph2025/Glyph2025/f1/f1_40.png,F1,False,-1,-1,37
/kaggle/input/datasets/maryemmahmood/glyph2025/Glyph2025/g43/220426_g43.png,G43,True,22,426,60
/kaggle/input/datasets/maryemmahmood/glyph2025/Glyph2025/n33/n33_110.png,N33,False,-1,-1,92
/kaggle/input/datasets/maryemmahmood/glyph2025/Glyph2025/d21/220378_d21.png,D21,True,22,378,14
/kaggle/input/datasets/maryemmahmood/glyph2025/Glyph2025/v13/200128_v13.png,V13,True,20,128,140
/kaggle/input/datasets/maryemmahmood/glyph2025/Glyph2025/x1/220436_x1.png,X1,True,22,436,160
/kaggle/input/datasets/maryemmahmood/glyph2025/Glyph2025/i9/410392_i9.png,I9,True,41,392,68
/kaggle/input/datasets/maryemmahmood/glyph2025/Glyph2025/x1/x1_164.png,X1,False,-1,-1,160
/kaggle/input/datasets/maryemmahmood/glyph2025/Glyph2025/m17/m17_455.jpg,M17,False,-1,-1,73
/kaggle/input/datasets/maryemmahmood/glyph2025/Glyph2025/q1/q1_49.jpg,Q1,False,-1,-1,111
/kaggle/input/datasets/maryemmahmood/glyph2025/Glyph2025/n35/n35_464.png,N35,False,-1,-1,94
/kaggle/input/datasets/maryemmahmood/glyph2025/Glyph2025/m42/m42_8.png,M42,False,-1,-1,81
/kaggle/input/datasets/maryemmahmood/glyph2025/Glyph2025/o34/o34_6.png,O34,False,-1,-1,103
/kaggle/input/datasets/maryemmahmood/glyph2025/Glyph2025/s29/090097_s29.png,S29,True,9,97,124
/kaggle/input/datasets/maryemmahmood/glyph2025/Glyph2025/g35/090062_g35.png,G35,True,9,62,53
/kaggle/input/datasets/maryemmahmood/glyph2025/Glyph2025/x1/x1_38.png,X1,False,-1,-1,160
/kaggle/input/datasets/maryemmahmood/glyph2025/Glyph2025/o4/220020_o4.png,O4,True,22,20,104
/kaggle/input/datasets/maryemmahmood/glyph2025/Glyph2025/x1/230097_x1.png,X1,True,23,97,160
/kaggle/input/datasets/maryemmahmood/glyph2025/Glyph2025/v28/v28_24.png,V28,False,-1,-1,142
/kaggle/input/datasets/maryemmahmood/glyph2025/Glyph2025/o1/o1_37.jpg,O1,False,-1,-1,100
/kaggle/input/datasets/maryemmahmood/glyph2025/Glyph2025/g43/390073_g43.png,G43,True,39,73,60
/kaggle/input/datasets/maryemmahmood/glyph2025/Glyph2025/s38/s38_22.png,S38,False,-1,-1,127
/kaggle/input/datasets/maryemmahmood/glyph2025/Glyph2025/g43/g43_134.png,G43,False,-1,-1,60
/kaggle/input/datasets/maryemmahmood/glyph2025/Glyph2025/s29/s29_6.jpg,S29,False,-1,-1,124
/kaggle/input/datasets/maryemmahmood/glyph2025/Glyph2025/w19/w19_1.png,W19,False,-1,-1,154
/kaggle/input/datasets/maryemmahmood/glyph2025/Glyph2025/r4/r4_13.png,R4,False,-1,-1,116
/kaggle/input/datasets/maryemmahmood/glyph2025/Glyph2025/s29/s29_194.jpg,S29,False,-1,-1,124
/kaggle/input/datasets/maryemmahmood/glyph2025/Glyph2025/d36/210329_d36.png,D36,True,21,329,17
/kaggle/input/datasets/maryemmahmood/glyph2025/Glyph2025/n35/n35_224.png,N35,False,-1,-1,94
/kaggle/input/datasets/maryemmahmood/glyph2025/Glyph2025/x1/220380_x1.png,X1,True,22,380,160
/kaggle/input/datasets/maryemmahmood/glyph2025/Glyph2025/m17/200206_m17.png,M17,True,20,206,73
/kaggle/input/datasets/maryemmahmood/glyph2025/Glyph2025/d46/d46_60.png,D46,False,-1,-1,23
/kaggle/input/datasets/maryemmahmood/glyph2025/Glyph2025/o1/210286_o1.png,O1,True,21,286,100
/kaggle/input/datasets/maryemmahmood/glyph2025/Glyph2025/m23/m23_125.png,M23,False,-1,-1,78
/kaggle/input/datasets/maryemmahmood/glyph2025/Glyph2025/m16/m16_6.jpg,M16,False,-1,-1,72
/kaggle/input/datasets/maryemmahmood/glyph2025/Glyph2025/u7/u7_33.png,U7,False,-1,-1,137
/kaggle/input/datasets/maryemmahmood/glyph2025/Glyph2025/v1/v1_4.png,V1,False,-1,-1,138
/kaggle/input/datasets/maryemmahmood/glyph2025/Glyph2025/y1/y1_80.png,Y1,False,-1,-1,163
/kaggle/input/datasets/maryemmahmood/glyph2025/Glyph2025/d58/d58_79.png,D58,False,-1,-1,28
/kaggle/input/datasets/maryemmahmood/glyph2025/Glyph2025/x1/x1_237.png,X1,False,-1,-1,160
/kaggle/input/datasets/maryemmahmood/glyph2025/Glyph2025/d55/d55_7.jpg,D55,False,-1,-1,26
/kaggle/input/datasets/maryemmahmood/glyph2025/Glyph2025/x8/x8_89.png,X8,False,-1,-1,162
/kaggle/input/datasets/maryemmahmood/glyph2025/Glyph2025/f21/f21_1.jpg,F21,False,-1,-1,41
/kaggle/input/datasets/maryemmahmood/glyph2025/Glyph2025/m17/m17_253.png,M17,False,-1,-1,73
/kaggle/input/datasets/maryemmahmood/glyph2025/Glyph2025/u33/050017_u33.png,U33,True,5,17,135
/kaggle/input/datasets/maryemmahmood/glyph2025/Glyph2025/g25/410089_g25.png,G25,True,41,89,52
/kaggle/input/datasets/maryemmahmood/glyph2025/Glyph2025/m17/220255_m17.png,M17,True,22,255,73
/kaggle/input/datasets/maryemmahmood/glyph2025/Glyph2025/v28/v28_69.jpg,V28,False,-1,-1,142
/kaggle/input/datasets/maryemmahmood/glyph2025/Glyph2025/x1/x1_413.png,X1,False,-1,-1,160
/kaggle/input/datasets/maryemmahmood/glyph2025/Glyph2025/d46/d46_6.png,D46,False,-1,-1,23
/kaggle/input/datasets/maryemmahmood/glyph2025/Glyph2025/r14/r14_7.jpg,R14,False,-1,-1,115
/kaggle/input/datasets/maryemmahmood/glyph2025/Glyph2025/g35/410347_g35.png,G35,True,41,347,53
/kaggle/input/datasets/maryemmahmood/glyph2025/Glyph2025/u7/u7_23.png,U7,False,-1,-1,137
/kaggle/input/datasets/maryemmahmood/glyph2025/Glyph2025/x1/x1_420.png,X1,False,-1,-1,160
/kaggle/input/datasets/maryemmahmood/glyph2025/Glyph2025/f31/f31_53.png,F31,False,-1,-1,43
/kaggle/input/datasets/maryemmahmood/glyph2025/Glyph2025/g17/220208_g17.png,G17,True,22,208,51
/kaggle/input/datasets/maryemmahmood/glyph2025/Glyph2025/v28/v28_27.png,V28,False,-1,-1,142
/kaggle/input/datasets/maryemmahmood/glyph2025/Glyph2025/x8/x8_49.png,X8,False,-1,-1,162
/kaggle/input/datasets/maryemmahmood/glyph2025/Glyph2025/x1/x1_366.png,X1,False,-1,-1,160
/kaggle/input/datasets/maryemmahmood/glyph2025/Glyph2025/s38/s38_6.png,S38,False,-1,-1,127
/kaggle/input/datasets/maryemmahmood/glyph2025/Glyph2025/m23/m23_38.png,M23,False,-1,-1,78
/kaggle/input/datasets/maryemmahmood/glyph2025/Glyph2025/g43/g43_143.png,G43,False,-1,-1,60
/kaggle/input/datasets/maryemmahmood/glyph2025/Glyph2025/d36/d36_59.png,D36,False,-1,-1,17
/kaggle/input/datasets/maryemmahmood/glyph2025/Glyph2025/s34/s34_71.png,S34,False,-1,-1,126
/kaggle/input/datasets/maryemmahmood/glyph2025/Glyph2025/v31/v31_64.jpg,V31,False,-1,-1,145
/kaggle/input/datasets/maryemmahmood/glyph2025/Glyph2025/m23/m23_87.png,M23,False,-1,-1,78
/kaggle/input/datasets/maryemmahmood/glyph2025/Glyph2025/v30/v30_221.png,V30,False,-1,-1,144
/kaggle/input/datasets/maryemmahmood/glyph2025/Glyph2025/v31/v31_12.png,V31,False,-1,-1,145
/kaggle/input/datasets/maryemmahmood/glyph2025/Glyph2025/x1/x1_131.jpg,X1,False,-1,-1,160
/kaggle/input/datasets/maryemmahmood/glyph2025/Glyph2025/i9/i9_152.png,I9,False,-1,-1,68
/kaggle/input/datasets/maryemmahmood/glyph2025/Glyph2025/d55/d55_56.png,D55,False,-1,-1,26
/kaggle/input/datasets/maryemmahmood/glyph2025/Glyph2025/f39/f39_13.png,F39,False,-1,-1,47
/kaggle/input/datasets/maryemmahmood/glyph2025/Glyph2025/u6/u6_28.png,U6,False,-1,-1,136
/kaggle/input/datasets/maryemmahmood/glyph2025/Glyph2025/v31/v31_44.png,V31,False,-1,-1,145
/kaggle/input/datasets/maryemmahmood/glyph2025/Glyph2025/i9/i9_180.png,I9,False,-1,-1,68
/kaggle/input/datasets/maryemmahmood/glyph2025/Glyph2025/a1/a1_123.png,A1,False,-1,-1,0
/kaggle/input/datasets/maryemmahmood/glyph2025/Glyph2025/s29/s29_48.jpg,S29,False,-1,-1,124
/kaggle/input/datasets/maryemmahmood/glyph2025/Glyph2025/d28/d28_48.png,D28,False,-1,-1,15
/kaggle/input/datasets/maryemmahmood/glyph2025/Glyph2025/x1/x1_118.png,X1,False,-1,-1,160
/kaggle/input/datasets/maryemmahmood/glyph2025/Glyph2025/r8/r8_117.png,R8,False,-1,-1,118
/kaggle/input/datasets/maryemmahmood/glyph2025/Glyph2025/o1/o1_78.png,O1,False,-1,-1,100
/kaggle/input/datasets/maryemmahmood/glyph2025/Glyph2025/z11/050041_z11.png,Z11,True,5,41,169
/kaggle/input/datasets/maryemmahmood/glyph2025/Glyph2025/v30/v30_124.png,V30,False,-1,-1,144
/kaggle/input/datasets/maryemmahmood/glyph2025/Glyph2025/s29/030179_s29.png,S29,True,3,179,124
/kaggle/input/datasets/maryemmahmood/glyph2025/Glyph2025/m17/m17_230.jpg,M17,False,-1,-1,73
/kaggle/input/datasets/maryemmahmood/glyph2025/Glyph2025/v30/v30_183.png,V30,False,-1,-1,144
/kaggle/input/datasets/maryemmahmood/glyph2025/Glyph2025/b1/b1_24.jpg,B1,False,-1,-1,11
/kaggle/input/datasets/maryemmahmood/glyph2025/Glyph2025/s40/s40_20.png,S40,False,-1,-1,128
/kaggle/input/datasets/maryemmahmood/glyph2025/Glyph2025/x8/x8_16.png,X8,False,-1,-1,162
/kaggle/input/datasets/maryemmahmood/glyph2025/Glyph2025/d21/200064_d21.png,D21,True,20,64,14
/kaggle/input/datasets/maryemmahmood/glyph2025/Glyph2025/x1/x1_149.png,X1,False,-1,-1,160
/kaggle/input/datasets/maryemmahmood/glyph2025/Glyph2025/n35/210337_n35.png,N35,True,21,337,94
/kaggle/input/datasets/maryemmahmood/glyph2025/Glyph2025/i10/090135_i10.png,I10,True,9,135,66
/kaggle/input/datasets/maryemmahmood/glyph2025/Glyph2025/q3/030190_q3.png,Q3,True,3,190,113
/kaggle/input/datasets/maryemmahmood/glyph2025/Glyph2025/aa15/aa15_14.png,AA15,False,-1,-1,10
/kaggle/input/datasets/maryemmahmood/glyph2025/Glyph2025/q1/q1_27.jpg,Q1,False,-1,-1,111
/kaggle/input/datasets/maryemmahmood/glyph2025/Glyph2025/g43/200020_g43.png,G43,True,20,20,60
/kaggle/input/datasets/maryemmahmood/glyph2025/Glyph2025/s29/s29_129.png,S29,False,-1,-1,124
/kaggle/input/datasets/maryemmahmood/glyph2025/Glyph2025/f1/f1_34.png,F1,False,-1,-1,37
/kaggle/input/datasets/maryemmahmood/glyph2025/Glyph2025/p3/p3_8.png,P3,False,-1,-1,109
/kaggle/input/datasets/maryemmahmood/glyph2025/Glyph2025/a1/a1_11.jpg,A1,False,-1,-1,0
/kaggle/input/datasets/maryemmahmood/glyph2025/Glyph2025/s29/230333_s29.png,S29,True,23,333,124
/kaggle/input/datasets/maryemmahmood/glyph2025/Glyph2025/f1/f1_37.png,F1,False,-1,-1,37
/kaggle/input/datasets/maryemmahmood/glyph2025/Glyph2025/g38/g38_3.png,G38,False,-1,-1,56
/kaggle/input/datasets/maryemmahmood/glyph2025/Glyph2025/x7/x7_18.jpg,X7,False,-1,-1,161
/kaggle/input/datasets/maryemmahmood/glyph2025/Glyph2025/q3/230264_q3.png,Q3,True,23,264,113
/kaggle/input/datasets/maryemmahmood/glyph2025/Glyph2025/n35/n35_202.png,N35,False,-1,-1,94
/kaggle/input/datasets/maryemmahmood/glyph2025/Glyph2025/f35/f35_32.png,F35,False,-1,-1,46
/kaggle/input/datasets/maryemmahmood/glyph2025/Glyph2025/v28/v28_129.png,V28,False,-1,-1,142
/kaggle/input/datasets/maryemmahmood/glyph2025/Glyph2025/d55/d55_46.png,D55,False,-1,-1,26
/kaggle/input/datasets/maryemmahmood/glyph2025/Glyph2025/r8/r8_65.jpg,R8,False,-1,-1,118
/kaggle/input/datasets/maryemmahmood/glyph2025/Glyph2025/d37/d37_71.jpg,D37,False,-1,-1,18
/kaggle/input/datasets/maryemmahmood/glyph2025/Glyph2025/d21/d21_202.png,D21,False,-1,-1,14
/kaggle/input/datasets/maryemmahmood/glyph2025/Glyph2025/y3/050193_y3.png,Y3,True,5,193,165
/kaggle/input/datasets/maryemmahmood/glyph2025/Glyph2025/g43/390362_g43.png,G43,True,39,362,60
/kaggle/input/datasets/maryemmahmood/glyph2025/Glyph2025/m3/m3_18.png,M3,False,-1,-1,80
/kaggle/input/datasets/maryemmahmood/glyph2025/Glyph2025/s34/s34_2.png,S34,False,-1,-1,126
/kaggle/input/datasets/maryemmahmood/glyph2025/Glyph2025/g43/230278_g43.png,G43,True,23,278,60
/kaggle/input/datasets/maryemmahmood/glyph2025/Glyph2025/v20/v20_15.png,V20,False,-1,-1,141
/kaggle/input/datasets/maryemmahmood/glyph2025/Glyph2025/w22/w22_2.png,W22,False,-1,-1,155
/kaggle/input/datasets/maryemmahmood/glyph2025/Glyph2025/n37/n37_7.png,N37,False,-1,-1,96
/kaggle/input/datasets/maryemmahmood/glyph2025/Glyph2025/v30/v30_139.png,V30,False,-1,-1,144
/kaggle/input/datasets/maryemmahmood/glyph2025/Glyph2025/s29/s29_1.jpg,S29,False,-1,-1,124
/kaggle/input/datasets/maryemmahmood/glyph2025/Glyph2025/f31/f31_49.png,F31,False,-1,-1,43
/kaggle/input/datasets/maryemmahmood/glyph2025/Glyph2025/m17/m17_452.png,M17,False,-1,-1,73
/kaggle/input/datasets/maryemmahmood/glyph2025/Glyph2025/s29/s29_111.png,S29,False,-1,-1,124
/kaggle/input/datasets/maryemmahmood/glyph2025/Glyph2025/d4/d4_21.png,D4,False,-1,-1,20
/kaggle/input/datasets/maryemmahmood/glyph2025/Glyph2025/f32/f32_11.jpg,F32,False,-1,-1,44
/kaggle/input/datasets/maryemmahmood/glyph2025/Glyph2025/m17/m17_252.png,M17,False,-1,-1,73
/kaggle/input/datasets/maryemmahmood/glyph2025/Glyph2025/h1/h1_43.png,H1,False,-1,-1,62
/kaggle/input/datasets/maryemmahmood/glyph2025/Glyph2025/m12/m12_14.png,M12,False,-1,-1,71
/kaggle/input/datasets/maryemmahmood/glyph2025/Glyph2025/n35/n35_93.jpg,N35,False,-1,-1,94
/kaggle/input/datasets/maryemmahmood/glyph2025/Glyph2025/v28/v28_58.png,V28,False,-1,-1,142
/kaggle/input/datasets/maryemmahmood/glyph2025/Glyph2025/v31/410095_v31.png,V31,True,41,95,145
/kaggle/input/datasets/maryemmahmood/glyph2025/Glyph2025/g38/g38_9.png,G38,False,-1,-1,56
/kaggle/input/datasets/maryemmahmood/glyph2025/Glyph2025/m17/m17_297.png,M17,False,-1,-1,73
/kaggle/input/datasets/maryemmahmood/glyph2025/Glyph2025/d58/d58_74.png,D58,False,-1,-1,28
/kaggle/input/datasets/maryemmahmood/glyph2025/Glyph2025/d21/d21_292.png,D21,False,-1,-1,14
/kaggle/input/datasets/maryemmahmood/glyph2025/Glyph2025/x1/x1_384.png,X1,False,-1,-1,160
/kaggle/input/datasets/maryemmahmood/glyph2025/Glyph2025/f35/f35_39.png,F35,False,-1,-1,46
/kaggle/input/datasets/maryemmahmood/glyph2025/Glyph2025/m17/230421_m17.png,M17,True,23,421,73
/kaggle/input/datasets/maryemmahmood/glyph2025/Glyph2025/g17/390209_g17.png,G17,True,39,209,51
/kaggle/input/datasets/maryemmahmood/glyph2025/Glyph2025/v30/v30_187.png,V30,False,-1,-1,144
/kaggle/input/datasets/maryemmahmood/glyph2025/Glyph2025/v28/v28_100.png,V28,False,-1,-1,142
/kaggle/input/datasets/maryemmahmood/glyph2025/Glyph2025/s29/050163_s29.png,S29,True,5,163,124
/kaggle/input/datasets/maryemmahmood/glyph2025/Glyph2025/o34/o34_74.png,O34,False,-1,-1,103
/kaggle/input/datasets/maryemmahmood/glyph2025/Glyph2025/f39/f39_26.jpg,F39,False,-1,-1,47
/kaggle/input/datasets/maryemmahmood/glyph2025/Glyph2025/q1/410371_q1.png,Q1,True,41,371,111
/kaggle/input/datasets/maryemmahmood/glyph2025/Glyph2025/f35/f35_71.png,F35,False,-1,-1,46
/kaggle/input/datasets/maryemmahmood/glyph2025/Glyph2025/d54/200095_d54.png,D54,True,20,95,25
/kaggle/input/datasets/maryemmahmood/glyph2025/Glyph2025/q3/200327_q3.png,Q3,True,20,327,113
/kaggle/input/datasets/maryemmahmood/glyph2025/Glyph2025/v13/v13_52.png,V13,False,-1,-1,140
/kaggle/input/datasets/maryemmahmood/glyph2025/Glyph2025/o34/210318_o34.png,O34,True,21,318,103
/kaggle/input/datasets/maryemmahmood/glyph2025/Glyph2025/a2/a2_4.jpg,A2,False,-1,-1,3
/kaggle/input/datasets/maryemmahmood/glyph2025/Glyph2025/a2/a2_31.jpg,A2,False,-1,-1,3
/kaggle/input/datasets/maryemmahmood/glyph2025/Glyph2025/x1/x1_97.png,X1,False,-1,-1,160
/kaggle/input/datasets/maryemmahmood/glyph2025/Glyph2025/d21/d21_338.png,D21,False,-1,-1,14
/kaggle/input/datasets/maryemmahmood/glyph2025/Glyph2025/d2/d2_19.png,D2,False,-1,-1,13
/kaggle/input/datasets/maryemmahmood/glyph2025/Glyph2025/v28/v28_114.png,V28,False,-1,-1,142
/kaggle/input/datasets/maryemmahmood/glyph2025/Glyph2025/w23/w23_9.png,W23,False,-1,-1,156
/kaggle/input/datasets/maryemmahmood/glyph2025/Glyph2025/w17/w17_13.jpg,W17,False,-1,-1,152
/kaggle/input/datasets/maryemmahmood/glyph2025/Glyph2025/x1/x1_422.png,X1,False,-1,-1,160
/kaggle/input/datasets/maryemmahmood/glyph2025/Glyph2025/a19/a19_8.png,A19,False,-1,-1,2
/kaggle/input/datasets/maryemmahmood/glyph2025/Glyph2025/g17/g17_2.png,G17,False,-1,-1,51
/kaggle/input/datasets/maryemmahmood/glyph2025/Glyph2025/d4/d4_95.jpg,D4,False,-1,-1,20
/kaggle/input/datasets/maryemmahmood/glyph2025/Glyph2025/q3/q3_67.png,Q3,False,-1,-1,113
/kaggle/input/datasets/maryemmahmood/glyph2025/Glyph2025/o3/o3_4.jpg,O3,False,-1,-1,102
/kaggle/input/datasets/maryemmahmood/glyph2025/Glyph2025/i9/i9_232.png,I9,False,-1,-1,68
/kaggle/input/datasets/maryemmahmood/glyph2025/Glyph2025/w25/w25_1.jpg,W25,False,-1,-1,158
/kaggle/input/datasets/maryemmahmood/glyph2025/Glyph2025/d21/220401_d21.png,D21,True,22,401,14
/kaggle/input/datasets/maryemmahmood/glyph2025/Glyph2025/n35/200294_n35.png,N35,True,20,294,94
/kaggle/input/datasets/maryemmahmood/glyph2025/Glyph2025/m17/m17_263.jpg,M17,False,-1,-1,73
/kaggle/input/datasets/maryemmahmood/glyph2025/Glyph2025/d28/d28_93.png,D28,False,-1,-1,15
/kaggle/input/datasets/maryemmahmood/glyph2025/Glyph2025/m23/m23_48.png,M23,False,-1,-1,78
/kaggle/input/datasets/maryemmahmood/glyph2025/Glyph2025/v30/v30_50.png,V30,False,-1,-1,144
/kaggle/input/datasets/maryemmahmood/glyph2025/Glyph2025/x1/x1_197.png,X1,False,-1,-1,160
/kaggle/input/datasets/maryemmahmood/glyph2025/Glyph2025/q3/q3_42.jpg,Q3,False,-1,-1,113
/kaggle/input/datasets/maryemmahmood/glyph2025/Glyph2025/o1/o1_88.png,O1,False,-1,-1,100
/kaggle/input/datasets/maryemmahmood/glyph2025/Glyph2025/e34/200204_e34.png,E34,True,20,204,34
/kaggle/input/datasets/maryemmahmood/glyph2025/Glyph2025/q3/q3_52.jpg,Q3,False,-1,-1,113
/kaggle/input/datasets/maryemmahmood/glyph2025/Glyph2025/n35/050420_n35.png,N35,True,5,420,94
/kaggle/input/datasets/maryemmahmood/glyph2025/Glyph2025/m17/m17_345.png,M17,False,-1,-1,73
/kaggle/input/datasets/maryemmahmood/glyph2025/Glyph2025/f12/f12_1.jpg,F12,False,-1,-1,38
/kaggle/input/datasets/maryemmahmood/glyph2025/Glyph2025/g35/090055_g35.png,G35,True,9,55,53
/kaggle/input/datasets/maryemmahmood/glyph2025/Glyph2025/u7/u7_45.png,U7,False,-1,-1,137
/kaggle/input/datasets/maryemmahmood/glyph2025/Glyph2025/d55/d55_8.png,D55,False,-1,-1,26
/kaggle/input/datasets/maryemmahmood/glyph2025/Glyph2025/a1/a1_72.jpg,A1,False,-1,-1,0
/kaggle/input/datasets/maryemmahmood/glyph2025/Glyph2025/m23/m23_145.png,M23,False,-1,-1,78
/kaggle/input/datasets/maryemmahmood/glyph2025/Glyph2025/e1/e1_13.png,E1,False,-1,-1,30
/kaggle/input/datasets/maryemmahmood/glyph2025/Glyph2025/g1/220075_g1.png,G1,True,22,75,49
/kaggle/input/datasets/maryemmahmood/glyph2025/Glyph2025/g38/g38_19.png,G38,False,-1,-1,56
/kaggle/input/datasets/maryemmahmood/glyph2025/Glyph2025/w14/w14_4.jpg,W14,False,-1,-1,150
/kaggle/input/datasets/maryemmahmood/glyph2025/Glyph2025/g5/030306_g5.png,G5,True,3,306,61
/kaggle/input/datasets/maryemmahmood/glyph2025/Glyph2025/m12/m12_22.jpg,M12,False,-1,-1,71
/kaggle/input/datasets/maryemmahmood/glyph2025/Glyph2025/d36/d36_81.jpg,D36,False,-1,-1,17
/kaggle/input/datasets/maryemmahmood/glyph2025/Glyph2025/m17/230009_m17.png,M17,True,23,9,73
/kaggle/input/datasets/maryemmahmood/glyph2025/Glyph2025/g1/230177_g1.png,G1,True,23,177,49
/kaggle/input/datasets/maryemmahmood/glyph2025/Glyph2025/q3/q3_131.png,Q3,False,-1,-1,113
/kaggle/input/datasets/maryemmahmood/glyph2025/Glyph2025/z9/z9_7.jpg,Z9,False,-1,-1,175
/kaggle/input/datasets/maryemmahmood/glyph2025/Glyph2025/d58/410196_d58.png,D58,True,41,196,28
/kaggle/input/datasets/maryemmahmood/glyph2025/Glyph2025/u33/390179_u33.png,U33,True,39,179,135
/kaggle/input/datasets/maryemmahmood/glyph2025/Glyph2025/d4/d4_40.jpg,D4,False,-1,-1,20
/kaggle/input/datasets/maryemmahmood/glyph2025/Glyph2025/d4/d4_60.png,D4,False,-1,-1,20
/kaggle/input/datasets/maryemmahmood/glyph2025/Glyph2025/z4/z4_17.png,Z4,False,-1,-1,173
/kaggle/input/datasets/maryemmahmood/glyph2025/Glyph2025/d60/030257_d60.png,D60,True,3,257,29
/kaggle/input/datasets/maryemmahmood/glyph2025/Glyph2025/q1/q1_110.png,Q1,False,-1,-1,111
/kaggle/input/datasets/maryemmahmood/glyph2025/Glyph2025/m17/m17_141.jpg,M17,False,-1,-1,73
/kaggle/input/datasets/maryemmahmood/glyph2025/Glyph2025/d28/d28_87.png,D28,False,-1,-1,15
/kaggle/input/datasets/maryemmahmood/glyph2025/Glyph2025/i10/i10_37.png,I10,False,-1,-1,66
/kaggle/input/datasets/maryemmahmood/glyph2025/Glyph2025/i9/i9_326.png,I9,False,-1,-1,68
/kaggle/input/datasets/maryemmahmood/glyph2025/Glyph2025/v30/v30_67.png,V30,False,-1,-1,144
/kaggle/input/datasets/maryemmahmood/glyph2025/Glyph2025/n35/n35_115.png,N35,False,-1,-1,94
/kaggle/input/datasets/maryemmahmood/glyph2025/Glyph2025/s34/s34_21.png,S34,False,-1,-1,126
/kaggle/input/datasets/maryemmahmood/glyph2025/Glyph2025/s29/s29_29.jpg,S29,False,-1,-1,124
/kaggle/input/datasets/maryemmahmood/glyph2025/Glyph2025/v13/050154_v13.png,V13,True,5,154,140
/kaggle/input/datasets/maryemmahmood/glyph2025/Glyph2025/r8/030037_r8.png,R8,True,3,37,118
/kaggle/input/datasets/maryemmahmood/glyph2025/Glyph2025/n1/n1_84.png,N1,False,-1,-1,83
/kaggle/input/datasets/maryemmahmood/glyph2025/Glyph2025/z4/z4_3.jpg,Z4,False,-1,-1,173
/kaggle/input/datasets/maryemmahmood/glyph2025/Glyph2025/s40/s40_5.png,S40,False,-1,-1,128
/kaggle/input/datasets/maryemmahmood/glyph2025/Glyph2025/w17/w17_29.png,W17,False,-1,-1,152
/kaggle/input/datasets/maryemmahmood/glyph2025/Glyph2025/q3/q3_27.png,Q3,False,-1,-1,113
/kaggle/input/datasets/maryemmahmood/glyph2025/Glyph2025/a50/a50_7.jpg,A50,False,-1,-1,8
/kaggle/input/datasets/maryemmahmood/glyph2025/Glyph2025/m23/200007_m23.png,M23,True,20,7,78
/kaggle/input/datasets/maryemmahmood/glyph2025/Glyph2025/s19/s19_12.png,S19,False,-1,-1,119
/kaggle/input/datasets/maryemmahmood/glyph2025/Glyph2025/g17/g17_90.jpg,G17,False,-1,-1,51
/kaggle/input/datasets/maryemmahmood/glyph2025/Glyph2025/v30/v30_170.png,V30,False,-1,-1,144
/kaggle/input/datasets/maryemmahmood/glyph2025/Glyph2025/m44/410303_m44.png,M44,True,41,303,82
/kaggle/input/datasets/maryemmahmood/glyph2025/Glyph2025/m23/m23_36.jpg,M23,False,-1,-1,78
/kaggle/input/datasets/maryemmahmood/glyph2025/Glyph2025/y1/y1_65.png,Y1,False,-1,-1,163
/kaggle/input/datasets/maryemmahmood/glyph2025/Glyph2025/o4/o4_17.png,O4,False,-1,-1,104
/kaggle/input/datasets/maryemmahmood/glyph2025/Glyph2025/m2/m2_4.jpg,M2,False,-1,-1,75
/kaggle/input/datasets/maryemmahmood/glyph2025/Glyph2025/n33/n33_85.png,N33,False,-1,-1,92
/kaggle/input/datasets/maryemmahmood/glyph2025/Glyph2025/v28/v28_41.png,V28,False,-1,-1,142
/kaggle/input/datasets/maryemmahmood/glyph2025/Glyph2025/m17/m17_8.png,M17,False,-1,-1,73
/kaggle/input/datasets/maryemmahmood/glyph2025/Glyph2025/v31/v31_55.jpg,V31,False,-1,-1,145
/kaggle/input/datasets/maryemmahmood/glyph2025/Glyph2025/y5/y5_93.png,Y5,False,-1,-1,167
/kaggle/input/datasets/maryemmahmood/glyph2025/Glyph2025/m2/m2_13.png,M2,False,-1,-1,75
/kaggle/input/datasets/maryemmahmood/glyph2025/Glyph2025/d21/030355_d21.png,D21,True,3,355,14
/kaggle/input/datasets/maryemmahmood/glyph2025/Glyph2025/g43/210217_g43.png,G43,True,21,217,60
/kaggle/input/datasets/maryemmahmood/glyph2025/Glyph2025/x1/390234_x1.png,X1,True,39,234,160
/kaggle/input/datasets/maryemmahmood/glyph2025/Glyph2025/i9/i9_107.png,I9,False,-1,-1,68
/kaggle/input/datasets/maryemmahmood/glyph2025/Glyph2025/n35/390258_n35.png,N35,True,39,258,94
/kaggle/input/datasets/maryemmahmood/glyph2025/Glyph2025/d55/d55_61.jpg,D55,False,-1,-1,26
/kaggle/input/datasets/maryemmahmood/glyph2025/Glyph2025/d46/d46_34.png,D46,False,-1,-1,23
/kaggle/input/datasets/maryemmahmood/glyph2025/Glyph2025/n35/n35_1.png,N35,False,-1,-1,94
/kaggle/input/datasets/maryemmahmood/glyph2025/Glyph2025/d58/d58_31.png,D58,False,-1,-1,28
/kaggle/input/datasets/maryemmahmood/glyph2025/Glyph2025/n29/050353_n29.png,N29,True,5,353,90
/kaggle/input/datasets/maryemmahmood/glyph2025/Glyph2025/m17/390269_m17.png,M17,True,39,269,73
/kaggle/input/datasets/maryemmahmood/glyph2025/Glyph2025/m17/090418_m17.png,M17,True,9,418,73
/kaggle/input/datasets/maryemmahmood/glyph2025/Glyph2025/y1/y1_44.png,Y1,False,-1,-1,163
/kaggle/input/datasets/maryemmahmood/glyph2025/Glyph2025/g43/g43_114.png,G43,False,-1,-1,60
/kaggle/input/datasets/maryemmahmood/glyph2025/Glyph2025/n35/n35_251.png,N35,False,-1,-1,94
/kaggle/input/datasets/maryemmahmood/glyph2025/Glyph2025/s34/s34_130.jpg,S34,False,-1,-1,126
/kaggle/input/datasets/maryemmahmood/glyph2025/Glyph2025/i10/i10_42.png,I10,False,-1,-1,66
/kaggle/input/datasets/maryemmahmood/glyph2025/Glyph2025/i9/i9_219.png,I9,False,-1,-1,68
/kaggle/input/datasets/maryemmahmood/glyph2025/Glyph2025/g5/230324_g5.png,G5,True,23,324,61
/kaggle/input/datasets/maryemmahmood/glyph2025/Glyph2025/o34/o34_70.png,O34,False,-1,-1,103
/kaggle/input/datasets/maryemmahmood/glyph2025/Glyph2025/d36/410207_d36.png,D36,True,41,207,17
/kaggle/input/datasets/maryemmahmood/glyph2025/Glyph2025/s40/s40_17.jpg,S40,False,-1,-1,128
/kaggle/input/datasets/maryemmahmood/glyph2025/Glyph2025/u1/u1_16.jpg,U1,False,-1,-1,132
/kaggle/input/datasets/maryemmahmood/glyph2025/Glyph2025/n1/200053_n1.png,N1,True,20,53,83
/kaggle/input/datasets/maryemmahmood/glyph2025/Glyph2025/d21/d21_6.png,D21,False,-1,-1,14
/kaggle/input/datasets/maryemmahmood/glyph2025/Glyph2025/s3/s3_18.png,S3,False,-1,-1,125
/kaggle/input/datasets/maryemmahmood/glyph2025/Glyph2025/v30/v30_274.png,V30,False,-1,-1,144
/kaggle/input/datasets/maryemmahmood/glyph2025/Glyph2025/d36/d36_148.png,D36,False,-1,-1,17
/kaggle/input/datasets/maryemmahmood/glyph2025/Glyph2025/n1/n1_85.png,N1,False,-1,-1,83
/kaggle/input/datasets/maryemmahmood/glyph2025/Glyph2025/n35/n35_336.png,N35,False,-1,-1,94
/kaggle/input/datasets/maryemmahmood/glyph2025/Glyph2025/l1/l1_1.png,L1,False,-1,-1,69
/kaggle/input/datasets/maryemmahmood/glyph2025/Glyph2025/g17/g17_34.jpg,G17,False,-1,-1,51
/kaggle/input/datasets/maryemmahmood/glyph2025/Glyph2025/x1/x1_341.png,X1,False,-1,-1,160
/kaggle/input/datasets/maryemmahmood/glyph2025/Glyph2025/d21/d21_146.png,D21,False,-1,-1,14
/kaggle/input/datasets/maryemmahmood/glyph2025/Glyph2025/d58/d58_76.png,D58,False,-1,-1,28
/kaggle/input/datasets/maryemmahmood/glyph2025/Glyph2025/s34/s34_127.png,S34,False,-1,-1,126
/kaggle/input/datasets/maryemmahmood/glyph2025/Glyph2025/s19/s19_3.png,S19,False,-1,-1,119
/kaggle/input/datasets/maryemmahmood/glyph2025/Glyph2025/s3/s3_17.png,S3,False,-1,-1,125
/kaggle/input/datasets/maryemmahmood/glyph2025/Glyph2025/d36/d36_40.png,D36,False,-1,-1,17
/kaggle/input/datasets/maryemmahmood/glyph2025/Glyph2025/m2/m2_5.jpg,M2,False,-1,-1,75
/kaggle/input/datasets/maryemmahmood/glyph2025/Glyph2025/n35/n35_509.png,N35,False,-1,-1,94
/kaggle/input/datasets/maryemmahmood/glyph2025/Glyph2025/o1/o1_31.png,O1,False,-1,-1,100
/kaggle/input/datasets/maryemmahmood/glyph2025/Glyph2025/v1/v1_32.png,V1,False,-1,-1,138
/kaggle/input/datasets/maryemmahmood/glyph2025/Glyph2025/s29/210061_s29.png,S29,True,21,61,124
/kaggle/input/datasets/maryemmahmood/glyph2025/Glyph2025/l1/l1_27.png,L1,False,-1,-1,69
/kaggle/input/datasets/maryemmahmood/glyph2025/Glyph2025/n1/200069_n1.png,N1,True,20,69,83
/kaggle/input/datasets/maryemmahmood/glyph2025/Glyph2025/m20/m20_10.png,M20,False,-1,-1,76
/kaggle/input/datasets/maryemmahmood/glyph2025/Glyph2025/d2/d2_87.png,D2,False,-1,-1,13
/kaggle/input/datasets/maryemmahmood/glyph2025/Glyph2025/s21/s21_8.png,S21,False,-1,-1,120
/kaggle/input/datasets/maryemmahmood/glyph2025/Glyph2025/d1/d1_9.png,D1,False,-1,-1,12
/kaggle/input/datasets/maryemmahmood/glyph2025/Glyph2025/x8/x8_132.png,X8,False,-1,-1,162
/kaggle/input/datasets/maryemmahmood/glyph2025/Glyph2025/x1/210251_x1.png,X1,True,21,251,160
/kaggle/input/datasets/maryemmahmood/glyph2025/Glyph2025/d37/d37_20.jpg,D37,False,-1,-1,18
/kaggle/input/datasets/maryemmahmood/glyph2025/Glyph2025/w23/w23_5.png,W23,False,-1,-1,156
/kaggle/input/datasets/maryemmahmood/glyph2025/Glyph2025/q3/q3_12.png,Q3,False,-1,-1,113
/kaggle/input/datasets/maryemmahmood/glyph2025/Glyph2025/d46/d46_17.png,D46,False,-1,-1,23
/kaggle/input/datasets/maryemmahmood/glyph2025/Glyph2025/q3/q3_73.jpg,Q3,False,-1,-1,113
/kaggle/input/datasets/maryemmahmood/glyph2025/Glyph2025/g43/090241_g43.png,G43,True,9,241,60
/kaggle/input/datasets/maryemmahmood/glyph2025/Glyph2025/a40/a40_50.jpg,A40,False,-1,-1,6
/kaggle/input/datasets/maryemmahmood/glyph2025/Glyph2025/d21/d21_31.png,D21,False,-1,-1,14
/kaggle/input/datasets/maryemmahmood/glyph2025/Glyph2025/w23/w23_8.png,W23,False,-1,-1,156
/kaggle/input/datasets/maryemmahmood/glyph2025/Glyph2025/n35/230211_n35.png,N35,True,23,211,94
/kaggle/input/datasets/maryemmahmood/glyph2025/Glyph2025/d36/d36_44.jpg,D36,False,-1,-1,17
/kaggle/input/datasets/maryemmahmood/glyph2025/Glyph2025/u15/u15_9.jpg,U15,False,-1,-1,133
/kaggle/input/datasets/maryemmahmood/glyph2025/Glyph2025/d28/d28_45.png,D28,False,-1,-1,15
/kaggle/input/datasets/maryemmahmood/glyph2025/Glyph2025/w24/390178_w24.png,W24,True,39,178,157
/kaggle/input/datasets/maryemmahmood/glyph2025/Glyph2025/x1/200361_x1.png,X1,True,20,361,160
/kaggle/input/datasets/maryemmahmood/glyph2025/Glyph2025/d37/d37_52.png,D37,False,-1,-1,18
/kaggle/input/datasets/maryemmahmood/glyph2025/Glyph2025/n1/n1_25.png,N1,False,-1,-1,83
/kaggle/input/datasets/maryemmahmood/glyph2025/Glyph2025/z1/z1_1.png,Z1,False,-1,-1,168
/kaggle/input/datasets/maryemmahmood/glyph2025/Glyph2025/d36/d36_142.png,D36,False,-1,-1,17
/kaggle/input/datasets/maryemmahmood/glyph2025/Glyph2025/d21/050340_d21.png,D21,True,5,340,14
/kaggle/input/datasets/maryemmahmood/glyph2025/Glyph2025/e34/220370_e34.png,E34,True,22,370,34
/kaggle/input/datasets/maryemmahmood/glyph2025/Glyph2025/g43/030330_g43.png,G43,True,3,330,60
/kaggle/input/datasets/maryemmahmood/glyph2025/Glyph2025/g43/030377_g43.png,G43,True,3,377,60
/kaggle/input/datasets/maryemmahmood/glyph2025/Glyph2025/o50/390010_o50.png,O50,True,39,10,106
/kaggle/input/datasets/maryemmahmood/glyph2025/Glyph2025/d21/050119_d21.png,D21,True,5,119,14
/kaggle/input/datasets/maryemmahmood/glyph2025/Glyph2025/n35/n35_525.png,N35,False,-1,-1,94
/kaggle/input/datasets/maryemmahmood/glyph2025/Glyph2025/d2/d2_79.png,D2,False,-1,-1,13
/kaggle/input/datasets/maryemmahmood/glyph2025/Glyph2025/n35/210332_n35.png,N35,True,21,332,94
/kaggle/input/datasets/maryemmahmood/glyph2025/Glyph2025/o50/220053_o50.png,O50,True,22,53,106
/kaggle/input/datasets/maryemmahmood/glyph2025/Glyph2025/d21/230032_d21.png,D21,True,23,32,14
/kaggle/input/datasets/maryemmahmood/glyph2025/Glyph2025/d4/d4_193.png,D4,False,-1,-1,20
/kaggle/input/datasets/maryemmahmood/glyph2025/Glyph2025/d46/030237_d46.png,D46,True,3,237,23
/kaggle/input/datasets/maryemmahmood/glyph2025/Glyph2025/d4/090354_d4.png,D4,True,9,354,20
/kaggle/input/datasets/maryemmahmood/glyph2025/Glyph2025/d2/d2_13.jpg,D2,False,-1,-1,13
/kaggle/input/datasets/maryemmahmood/glyph2025/Glyph2025/n33/n33_146.png,N33,False,-1,-1,92
/kaggle/input/datasets/maryemmahmood/glyph2025/Glyph2025/s28/s28_5.jpg,S28,False,-1,-1,123
/kaggle/input/datasets/maryemmahmood/glyph2025/Glyph2025/g17/g17_1.png,G17,False,-1,-1,51
/kaggle/input/datasets/maryemmahmood/glyph2025/Glyph2025/s29/230127_s29.png,S29,True,23,127,124
/kaggle/input/datasets/maryemmahmood/glyph2025/Glyph2025/x8/x8_27.png,X8,False,-1,-1,162
/kaggle/input/datasets/maryemmahmood/glyph2025/Glyph2025/f39/f39_11.png,F39,False,-1,-1,47
/kaggle/input/datasets/maryemmahmood/glyph2025/Glyph2025/v13/410275_v13.png,V13,True,41,275,140
/kaggle/input/datasets/maryemmahmood/glyph2025/Glyph2025/s29/210270_s29.png,S29,True,21,270,124
/kaggle/input/datasets/maryemmahmood/glyph2025/Glyph2025/g38/g38_2.png,G38,False,-1,-1,56
/kaggle/input/datasets/maryemmahmood/glyph2025/Glyph2025/n35/n35_170.jpg,N35,False,-1,-1,94
/kaggle/input/datasets/maryemmahmood/glyph2025/Glyph2025/e34/050329_e34.png,E34,True,5,329,34
/kaggle/input/datasets/maryemmahmood/glyph2025/Glyph2025/d4/d4_58.png,D4,False,-1,-1,20
/kaggle/input/datasets/maryemmahmood/glyph2025/Glyph2025/d36/030256_d36.png,D36,True,3,256,17
/kaggle/input/datasets/maryemmahmood/glyph2025/Glyph2025/d28/050268_d28.png,D28,True,5,268,15
/kaggle/input/datasets/maryemmahmood/glyph2025/Glyph2025/m17/m17_56.png,M17,False,-1,-1,73
/kaggle/input/datasets/maryemmahmood/glyph2025/Glyph2025/d45/d45_4.png,D45,False,-1,-1,22
/kaggle/input/datasets/maryemmahmood/glyph2025/Glyph2025/d36/d36_151.jpg,D36,False,-1,-1,17
/kaggle/input/datasets/maryemmahmood/glyph2025/Glyph2025/d36/d36_33.jpg,D36,False,-1,-1,17
/kaggle/input/datasets/maryemmahmood/glyph2025/Glyph2025/o50/390199_o50.png,O50,True,39,199,106
/kaggle/input/datasets/maryemmahmood/glyph2025/Glyph2025/r4/r4_9.png,R4,False,-1,-1,116
/kaggle/input/datasets/maryemmahmood/glyph2025/Glyph2025/d21/d21_41.png,D21,False,-1,-1,14
/kaggle/input/datasets/maryemmahmood/glyph2025/Glyph2025/d37/d37_66.jpg,D37,False,-1,-1,18
/kaggle/input/datasets/maryemmahmood/glyph2025/Glyph2025/s34/s34_102.png,S34,False,-1,-1,126
/kaggle/input/datasets/maryemmahmood/glyph2025/Glyph2025/g17/200352_g17.png,G17,True,20,352,51
/kaggle/input/datasets/maryemmahmood/glyph2025/Glyph2025/a1/a1_33.jpg,A1,False,-1,-1,0
/kaggle/input/datasets/maryemmahmood/glyph2025/Glyph2025/o34/o34_40.png,O34,False,-1,-1,103
/kaggle/input/datasets/maryemmahmood/glyph2025/Glyph2025/o1/o1_112.png,O1,False,-1,-1,100
/kaggle/input/datasets/maryemmahmood/glyph2025/Glyph2025/m17/230258_m17.png,M17,True,23,258,73
/kaggle/input/datasets/maryemmahmood/glyph2025/Glyph2025/n33/n33_44.png,N33,False,-1,-1,92
/kaggle/input/datasets/maryemmahmood/glyph2025/Glyph2025/m12/m12_79.png,M12,False,-1,-1,71
/kaggle/input/datasets/maryemmahmood/glyph2025/Glyph2025/f1/f1_58.png,F1,False,-1,-1,37
/kaggle/input/datasets/maryemmahmood/glyph2025/Glyph2025/g17/220369_g17.png,G17,True,22,369,51
/kaggle/input/datasets/maryemmahmood/glyph2025/Glyph2025/x1/x1_25.png,X1,False,-1,-1,160
/kaggle/input/datasets/maryemmahmood/glyph2025/Glyph2025/d46/d46_24.png,D46,False,-1,-1,23
/kaggle/input/datasets/maryemmahmood/glyph2025/Glyph2025/d36/d36_141.jpg,D36,False,-1,-1,17
/kaggle/input/datasets/maryemmahmood/glyph2025/Glyph2025/m17/m17_241.png,M17,False,-1,-1,73
/kaggle/input/datasets/maryemmahmood/glyph2025/Glyph2025/z1/030420_z1.png,Z1,True,3,420,168
/kaggle/input/datasets/maryemmahmood/glyph2025/Glyph2025/a24/a24_2.jpg,A24,False,-1,-1,4
/kaggle/input/datasets/maryemmahmood/glyph2025/Glyph2025/s38/s38_1.png,S38,False,-1,-1,127
/kaggle/input/datasets/maryemmahmood/glyph2025/Glyph2025/d4/d4_216.png,D4,False,-1,-1,20
/kaggle/input/datasets/maryemmahmood/glyph2025/Glyph2025/g36/g36_29.png,G36,False,-1,-1,54
/kaggle/input/datasets/maryemmahmood/glyph2025/Glyph2025/r8/r8_79.png,R8,False,-1,-1,118
/kaggle/input/datasets/maryemmahmood/glyph2025/Glyph2025/b1/b1_23.jpg,B1,False,-1,-1,11
/kaggle/input/datasets/maryemmahmood/glyph2025/Glyph2025/g14/g14_12.jpg,G14,False,-1,-1,50
/kaggle/input/datasets/maryemmahmood/glyph2025/Glyph2025/o29/o29_14.png,O29,False,-1,-1,101
/kaggle/input/datasets/maryemmahmood/glyph2025/Glyph2025/x1/090121_x1.png,X1,True,9,121,160
/kaggle/input/datasets/maryemmahmood/glyph2025/Glyph2025/r4/r4_87.png,R4,False,-1,-1,116
/kaggle/input/datasets/maryemmahmood/glyph2025/Glyph2025/n35/090045_n35.png,N35,True,9,45,94
/kaggle/input/datasets/maryemmahmood/glyph2025/Glyph2025/v30/v30_72.png,V30,False,-1,-1,144
/kaggle/input/datasets/maryemmahmood/glyph2025/Glyph2025/f31/f31_27.jpg,F31,False,-1,-1,43
/kaggle/input/datasets/maryemmahmood/glyph2025/Glyph2025/n1/n1_3.png,N1,False,-1,-1,83
/kaggle/input/datasets/maryemmahmood/glyph2025/Glyph2025/v13/v13_32.png,V13,False,-1,-1,140
/kaggle/input/datasets/maryemmahmood/glyph2025/Glyph2025/n35/090105_n35.png,N35,True,9,105,94
/kaggle/input/datasets/maryemmahmood/glyph2025/Glyph2025/s29/090227_s29.png,S29,True,9,227,124
/kaggle/input/datasets/maryemmahmood/glyph2025/Glyph2025/i9/i9_271.png,I9,False,-1,-1,68
/kaggle/input/datasets/maryemmahmood/glyph2025/Glyph2025/u7/u7_7.jpg,U7,False,-1,-1,137
/kaggle/input/datasets/maryemmahmood/glyph2025/Glyph2025/n35/n35_315.jpg,N35,False,-1,-1,94
/kaggle/input/datasets/maryemmahmood/glyph2025/Glyph2025/n1/n1_75.png,N1,False,-1,-1,83
/kaggle/input/datasets/maryemmahmood/glyph2025/Glyph2025/n35/220145_n35.png,N35,True,22,145,94
/kaggle/input/datasets/maryemmahmood/glyph2025/Glyph2025/s21/s21_16.png,S21,False,-1,-1,120
/kaggle/input/datasets/maryemmahmood/glyph2025/Glyph2025/x1/050068_x1.png,X1,True,5,68,160
/kaggle/input/datasets/maryemmahmood/glyph2025/Glyph2025/b1/b1_42.jpg,B1,False,-1,-1,11
/kaggle/input/datasets/maryemmahmood/glyph2025/Glyph2025/s34/s34_47.jpg,S34,False,-1,-1,126
/kaggle/input/datasets/maryemmahmood/glyph2025/Glyph2025/x1/x1_352.png,X1,False,-1,-1,160
/kaggle/input/datasets/maryemmahmood/glyph2025/Glyph2025/i9/i9_203.png,I9,False,-1,-1,68
/kaggle/input/datasets/maryemmahmood/glyph2025/Glyph2025/q1/q1_24.png,Q1,False,-1,-1,111
/kaggle/input/datasets/maryemmahmood/glyph2025/Glyph2025/d2/d2_63.png,D2,False,-1,-1,13
/kaggle/input/datasets/maryemmahmood/glyph2025/Glyph2025/n14/n14_28.png,N14,False,-1,-1,84
/kaggle/input/datasets/maryemmahmood/glyph2025/Glyph2025/d21/d21_310.png,D21,False,-1,-1,14
/kaggle/input/datasets/maryemmahmood/glyph2025/Glyph2025/m16/m16_14.jpg,M16,False,-1,-1,72
/kaggle/input/datasets/maryemmahmood/glyph2025/Glyph2025/q1/q1_13.png,Q1,False,-1,-1,111
/kaggle/input/datasets/maryemmahmood/glyph2025/Glyph2025/n35/n35_295.png,N35,False,-1,-1,94
/kaggle/input/datasets/maryemmahmood/glyph2025/Glyph2025/o34/050191_o34.png,O34,True,5,191,103
/kaggle/input/datasets/maryemmahmood/glyph2025/Glyph2025/d4/d4_46.jpg,D4,False,-1,-1,20
/kaggle/input/datasets/maryemmahmood/glyph2025/Glyph2025/d58/d58_99.png,D58,False,-1,-1,28
/kaggle/input/datasets/maryemmahmood/glyph2025/Glyph2025/d55/d55_9.jpg,D55,False,-1,-1,26
/kaggle/input/datasets/maryemmahmood/glyph2025/Glyph2025/n33/n33_157.png,N33,False,-1,-1,92
/kaggle/input/datasets/maryemmahmood/glyph2025/Glyph2025/f31/f31_22.jpg,F31,False,-1,-1,43
/kaggle/input/datasets/maryemmahmood/glyph2025/Glyph2025/v28/v28_116.png,V28,False,-1,-1,142
/kaggle/input/datasets/maryemmahmood/glyph2025/Glyph2025/g17/g17_113.jpg,G17,False,-1,-1,51
/kaggle/input/datasets/maryemmahmood/glyph2025/Glyph2025/n35/390231_n35.png,N35,True,39,231,94
/kaggle/input/datasets/maryemmahmood/glyph2025/Glyph2025/s29/090220_s29.png,S29,True,9,220,124
/kaggle/input/datasets/maryemmahmood/glyph2025/Glyph2025/f35/f35_110.png,F35,False,-1,-1,46
/kaggle/input/datasets/maryemmahmood/glyph2025/Glyph2025/d21/d21_261.png,D21,False,-1,-1,14
/kaggle/input/datasets/maryemmahmood/glyph2025/Glyph2025/z2/z2_9.png,Z2,False,-1,-1,171
/kaggle/input/datasets/maryemmahmood/glyph2025/Glyph2025/f1/f1_11.png,F1,False,-1,-1,37
/kaggle/input/datasets/maryemmahmood/glyph2025/Glyph2025/m17/m17_4.png,M17,False,-1,-1,73
/kaggle/input/datasets/maryemmahmood/glyph2025/Glyph2025/m17/220048_m17.png,M17,True,22,48,73
/kaggle/input/datasets/maryemmahmood/glyph2025/Glyph2025/g43/g43_71.jpg,G43,False,-1,-1,60
/kaggle/input/datasets/maryemmahmood/glyph2025/Glyph2025/n33/n33_147.png,N33,False,-1,-1,92
/kaggle/input/datasets/maryemmahmood/glyph2025/Glyph2025/m17/m17_245.png,M17,False,-1,-1,73
/kaggle/input/datasets/maryemmahmood/glyph2025/Glyph2025/v6/v6_13.jpg,V6,False,-1,-1,147
/kaggle/input/datasets/maryemmahmood/glyph2025/Glyph2025/s34/s34_94.png,S34,False,-1,-1,126
/kaggle/input/datasets/maryemmahmood/glyph2025/Glyph2025/r8/r8_169.jpg,R8,False,-1,-1,118
/kaggle/input/datasets/maryemmahmood/glyph2025/Glyph2025/f35/f35_2.png,F35,False,-1,-1,46
/kaggle/input/datasets/maryemmahmood/glyph2025/Glyph2025/n35/n35_479.jpg,N35,False,-1,-1,94
/kaggle/input/datasets/maryemmahmood/glyph2025/Glyph2025/n33/n33_142.png,N33,False,-1,-1,92
/kaggle/input/datasets/maryemmahmood/glyph2025/Glyph2025/m23/m23_127.png,M23,False,-1,-1,78
/kaggle/input/datasets/maryemmahmood/glyph2025/Glyph2025/s21/s21_33.png,S21,False,-1,-1,120
/kaggle/input/datasets/maryemmahmood/glyph2025/Glyph2025/r8/r8_37.png,R8,False,-1,-1,118
/kaggle/input/datasets/maryemmahmood/glyph2025/Glyph2025/x1/090253_x1.png,X1,True,9,253,160
/kaggle/input/datasets/maryemmahmood/glyph2025/Glyph2025/r11/r11_35.png,R11,False,-1,-1,114
/kaggle/input/datasets/maryemmahmood/glyph2025/Glyph2025/d58/050025_d58.png,D58,True,5,25,28
/kaggle/input/datasets/maryemmahmood/glyph2025/Glyph2025/g17/g17_83.jpg,G17,False,-1,-1,51
/kaggle/input/datasets/maryemmahmood/glyph2025/Glyph2025/x1/x1_436.png,X1,False,-1,-1,160
/kaggle/input/datasets/maryemmahmood/glyph2025/Glyph2025/m23/230134_m23.png,M23,True,23,134,78
/kaggle/input/datasets/maryemmahmood/glyph2025/Glyph2025/d58/390353_d58.png,D58,True,39,353,28
/kaggle/input/datasets/maryemmahmood/glyph2025/Glyph2025/s34/030020_s34.png,S34,True,3,20,126
/kaggle/input/datasets/maryemmahmood/glyph2025/Glyph2025/n35/090022_n35.png,N35,True,9,22,94
/kaggle/input/datasets/maryemmahmood/glyph2025/Glyph2025/i9/i9_153.png,I9,False,-1,-1,68
/kaggle/input/datasets/maryemmahmood/glyph2025/Glyph2025/n33/n33_124.png,N33,False,-1,-1,92
/kaggle/input/datasets/maryemmahmood/glyph2025/Glyph2025/v30/v30_191.png,V30,False,-1,-1,144
/kaggle/input/datasets/maryemmahmood/glyph2025/Glyph2025/n25/n25_12.jpg,N25,False,-1,-1,88
/kaggle/input/datasets/maryemmahmood/glyph2025/Glyph2025/n35/090228_n35.png,N35,True,9,228,94
/kaggle/input/datasets/maryemmahmood/glyph2025/Glyph2025/e34/e34_6.png,E34,False,-1,-1,34
/kaggle/input/datasets/maryemmahmood/glyph2025/Glyph2025/d21/d21_139.png,D21,False,-1,-1,14
/kaggle/input/datasets/maryemmahmood/glyph2025/Glyph2025/v30/v30_128.png,V30,False,-1,-1,144
/kaggle/input/datasets/maryemmahmood/glyph2025/Glyph2025/i9/i9_259.png,I9,False,-1,-1,68
/kaggle/input/datasets/maryemmahmood/glyph2025/Glyph2025/n35/n35_176.png,N35,False,-1,-1,94
/kaggle/input/datasets/maryemmahmood/glyph2025/Glyph2025/x1/030027_x1.png,X1,True,3,27,160
/kaggle/input/datasets/maryemmahmood/glyph2025/Glyph2025/a1/a1_113.png,A1,False,-1,-1,0
/kaggle/input/datasets/maryemmahmood/glyph2025/Glyph2025/y5/y5_101.png,Y5,False,-1,-1,167
/kaggle/input/datasets/maryemmahmood/glyph2025/Glyph2025/n33/n33_33.png,N33,False,-1,-1,92
/kaggle/input/datasets/maryemmahmood/glyph2025/Glyph2025/a1/a1_132.png,A1,False,-1,-1,0
/kaggle/input/datasets/maryemmahmood/glyph2025/Glyph2025/s29/230366_s29.png,S29,True,23,366,124
/kaggle/input/datasets/maryemmahmood/glyph2025/Glyph2025/a40/a40_6.jpg,A40,False,-1,-1,6
/kaggle/input/datasets/maryemmahmood/glyph2025/Glyph2025/d4/d4_124.png,D4,False,-1,-1,20
/kaggle/input/datasets/maryemmahmood/glyph2025/Glyph2025/d28/410261_d28.png,D28,True,41,261,15
/kaggle/input/datasets/maryemmahmood/glyph2025/Glyph2025/m17/390208_m17.png,M17,True,39,208,73
/kaggle/input/datasets/maryemmahmood/glyph2025/Glyph2025/i9/200145_i9.png,I9,True,20,145,68
/kaggle/input/datasets/maryemmahmood/glyph2025/Glyph2025/s40/s40_27.png,S40,False,-1,-1,128
/kaggle/input/datasets/maryemmahmood/glyph2025/Glyph2025/g17/g17_85.jpg,G17,False,-1,-1,51
/kaggle/input/datasets/maryemmahmood/glyph2025/Glyph2025/o34/o34_49.png,O34,False,-1,-1,103
/kaggle/input/datasets/maryemmahmood/glyph2025/Glyph2025/a1/a1_83.jpg,A1,False,-1,-1,0
/kaggle/input/datasets/maryemmahmood/glyph2025/Glyph2025/q1/q1_34.jpg,Q1,False,-1,-1,111
/kaggle/input/datasets/maryemmahmood/glyph2025/Glyph2025/v28/v28_43.jpg,V28,False,-1,-1,142
/kaggle/input/datasets/maryemmahmood/glyph2025/Glyph2025/x1/x1_58.png,X1,False,-1,-1,160
/kaggle/input/datasets/maryemmahmood/glyph2025/Glyph2025/n35/n35_313.png,N35,False,-1,-1,94
/kaggle/input/datasets/maryemmahmood/glyph2025/Glyph2025/r11/r11_22.jpg,R11,False,-1,-1,114
/kaggle/input/datasets/maryemmahmood/glyph2025/Glyph2025/s34/s34_113.png,S34,False,-1,-1,126
/kaggle/input/datasets/maryemmahmood/glyph2025/Glyph2025/x1/090283_x1.png,X1,True,9,283,160
/kaggle/input/datasets/maryemmahmood/glyph2025/Glyph2025/m12/m12_29.png,M12,False,-1,-1,71
/kaggle/input/datasets/maryemmahmood/glyph2025/Glyph2025/r8/r8_86.png,R8,False,-1,-1,118
/kaggle/input/datasets/maryemmahmood/glyph2025/Glyph2025/g17/200208_g17.png,G17,True,20,208,51
/kaggle/input/datasets/maryemmahmood/glyph2025/Glyph2025/d4/d4_185.jpg,D4,False,-1,-1,20
/kaggle/input/datasets/maryemmahmood/glyph2025/Glyph2025/f26/f26_3.jpg,F26,False,-1,-1,42
/kaggle/input/datasets/maryemmahmood/glyph2025/Glyph2025/o1/o1_99.png,O1,False,-1,-1,100
/kaggle/input/datasets/maryemmahmood/glyph2025/Glyph2025/a1/a1_76.jpg,A1,False,-1,-1,0
/kaggle/input/datasets/maryemmahmood/glyph2025/Glyph2025/o1/o1_46.jpg,O1,False,-1,-1,100
/kaggle/input/datasets/maryemmahmood/glyph2025/Glyph2025/u6/u6_11.jpg,U6,False,-1,-1,136
/kaggle/input/datasets/maryemmahmood/glyph2025/Glyph2025/v1/v1_26.png,V1,False,-1,-1,138
/kaggle/input/datasets/maryemmahmood/glyph2025/Glyph2025/a1/a1_79.jpg,A1,False,-1,-1,0
/kaggle/input/datasets/maryemmahmood/glyph2025/Glyph2025/n25/n25_21.jpg,N25,False,-1,-1,88
/kaggle/input/datasets/maryemmahmood/glyph2025/Glyph2025/d36/d36_162.png,D36,False,-1,-1,17
/kaggle/input/datasets/maryemmahmood/glyph2025/Glyph2025/d21/d21_228.png,D21,False,-1,-1,14
/kaggle/input/datasets/maryemmahmood/glyph2025/Glyph2025/m17/220165_m17.png,M17,True,22,165,73
/kaggle/input/datasets/maryemmahmood/glyph2025/Glyph2025/n35/030122_n35.png,N35,True,3,122,94
/kaggle/input/datasets/maryemmahmood/glyph2025/Glyph2025/d36/d36_114.png,D36,False,-1,-1,17
/kaggle/input/datasets/maryemmahmood/glyph2025/Glyph2025/o50/230040_o50.png,O50,True,23,40,106
/kaggle/input/datasets/maryemmahmood/glyph2025/Glyph2025/z1/z1_23.png,Z1,False,-1,-1,168
/kaggle/input/datasets/maryemmahmood/glyph2025/Glyph2025/g43/g43_106.png,G43,False,-1,-1,60
/kaggle/input/datasets/maryemmahmood/glyph2025/Glyph2025/u7/u7_42.png,U7,False,-1,-1,137
/kaggle/input/datasets/maryemmahmood/glyph2025/Glyph2025/m23/m23_133.png,M23,False,-1,-1,78
/kaggle/input/datasets/maryemmahmood/glyph2025/Glyph2025/d46/d46_10.jpg,D46,False,-1,-1,23
/kaggle/input/datasets/maryemmahmood/glyph2025/Glyph2025/m16/m16_7.png,M16,False,-1,-1,72
/kaggle/input/datasets/maryemmahmood/glyph2025/Glyph2025/u1/u1_13.png,U1,False,-1,-1,132
/kaggle/input/datasets/maryemmahmood/glyph2025/Glyph2025/u7/210294_u7.png,U7,True,21,294,137
/kaggle/input/datasets/maryemmahmood/glyph2025/Glyph2025/g17/g17_36.jpg,G17,False,-1,-1,51
/kaggle/input/datasets/maryemmahmood/glyph2025/Glyph2025/m17/090120_m17.png,M17,True,9,120,73
/kaggle/input/datasets/maryemmahmood/glyph2025/Glyph2025/m17/m17_12.png,M17,False,-1,-1,73
/kaggle/input/datasets/maryemmahmood/glyph2025/Glyph2025/x1/x1_411.png,X1,False,-1,-1,160
/kaggle/input/datasets/maryemmahmood/glyph2025/Glyph2025/aa15/aa15_23.png,AA15,False,-1,-1,10
/kaggle/input/datasets/maryemmahmood/glyph2025/Glyph2025/f35/f35_43.png,F35,False,-1,-1,46
/kaggle/input/datasets/maryemmahmood/glyph2025/Glyph2025/m23/m23_63.jpg,M23,False,-1,-1,78
/kaggle/input/datasets/maryemmahmood/glyph2025/Glyph2025/s29/390328_s29.png,S29,True,39,328,124
/kaggle/input/datasets/maryemmahmood/glyph2025/Glyph2025/f35/f35_73.jpg,F35,False,-1,-1,46
/kaggle/input/datasets/maryemmahmood/glyph2025/Glyph2025/n18/220107_n18.png,N18,True,22,107,86
/kaggle/input/datasets/maryemmahmood/glyph2025/Glyph2025/d21/d21_124.png,D21,False,-1,-1,14
/kaggle/input/datasets/maryemmahmood/glyph2025/Glyph2025/n18/220124_n18.png,N18,True,22,124,86
/kaggle/input/datasets/maryemmahmood/glyph2025/Glyph2025/d4/d4_195.png,D4,False,-1,-1,20
/kaggle/input/datasets/maryemmahmood/glyph2025/Glyph2025/n35/030033_n35.png,N35,True,3,33,94
/kaggle/input/datasets/maryemmahmood/glyph2025/Glyph2025/a30/a30_15.png,A30,False,-1,-1,5
/kaggle/input/datasets/maryemmahmood/glyph2025/Glyph2025/f35/f35_107.png,F35,False,-1,-1,46
/kaggle/input/datasets/maryemmahmood/glyph2025/Glyph2025/s29/090012_s29.png,S29,True,9,12,124
/kaggle/input/datasets/maryemmahmood/glyph2025/Glyph2025/x1/x1_83.png,X1,False,-1,-1,160
/kaggle/input/datasets/maryemmahmood/glyph2025/Glyph2025/v28/v28_169.jpg,V28,False,-1,-1,142
/kaggle/input/datasets/maryemmahmood/glyph2025/Glyph2025/x1/x1_165.png,X1,False,-1,-1,160
/kaggle/input/datasets/maryemmahmood/glyph2025/Glyph2025/s34/s34_24.png,S34,False,-1,-1,126
/kaggle/input/datasets/maryemmahmood/glyph2025/Glyph2025/r14/r14_12.png,R14,False,-1,-1,115
/kaggle/input/datasets/maryemmahmood/glyph2025/Glyph2025/g36/g36_5.jpg,G36,False,-1,-1,54
/kaggle/input/datasets/maryemmahmood/glyph2025/Glyph2025/q1/q1_90.png,Q1,False,-1,-1,111
/kaggle/input/datasets/maryemmahmood/glyph2025/Glyph2025/m17/030406_m17.png,M17,True,3,406,73
/kaggle/input/datasets/maryemmahmood/glyph2025/Glyph2025/d4/d4_98.jpg,D4,False,-1,-1,20
/kaggle/input/datasets/maryemmahmood/glyph2025/Glyph2025/d35/d35_28.png,D35,False,-1,-1,16
/kaggle/input/datasets/maryemmahmood/glyph2025/Glyph2025/n33/n33_43.png,N33,False,-1,-1,92
/kaggle/input/datasets/maryemmahmood/glyph2025/Glyph2025/d21/d21_147.jpg,D21,False,-1,-1,14
/kaggle/input/datasets/maryemmahmood/glyph2025/Glyph2025/o49/o49_4.jpg,O49,False,-1,-1,105
/kaggle/input/datasets/maryemmahmood/glyph2025/Glyph2025/m12/m12_12.png,M12,False,-1,-1,71
/kaggle/input/datasets/maryemmahmood/glyph2025/Glyph2025/n33/n33_155.png,N33,False,-1,-1,92
/kaggle/input/datasets/maryemmahmood/glyph2025/Glyph2025/d21/d21_304.png,D21,False,-1,-1,14
/kaggle/input/datasets/maryemmahmood/glyph2025/Glyph2025/l2/l2_8.png,L2,False,-1,-1,70
/kaggle/input/datasets/maryemmahmood/glyph2025/Glyph2025/y1/y1_98.png,Y1,False,-1,-1,163
/kaggle/input/datasets/maryemmahmood/glyph2025/Glyph2025/m17/220142_m17.png,M17,True,22,142,73
/kaggle/input/datasets/maryemmahmood/glyph2025/Glyph2025/s29/s29_131.png,S29,False,-1,-1,124
/kaggle/input/datasets/maryemmahmood/glyph2025/Glyph2025/n1/n1_12.png,N1,False,-1,-1,83
/kaggle/input/datasets/maryemmahmood/glyph2025/Glyph2025/u23/u23_7.png,U23,False,-1,-1,134
/kaggle/input/datasets/maryemmahmood/glyph2025/Glyph2025/n35/200330_n35.png,N35,True,20,330,94
/kaggle/input/datasets/maryemmahmood/glyph2025/Glyph2025/f35/f35_153.png,F35,False,-1,-1,46
/kaggle/input/datasets/maryemmahmood/glyph2025/Glyph2025/r4/r4_65.png,R4,False,-1,-1,116
/kaggle/input/datasets/maryemmahmood/glyph2025/Glyph2025/o1/390253_o1.png,O1,True,39,253,100
/kaggle/input/datasets/maryemmahmood/glyph2025/Glyph2025/n35/n35_259.png,N35,False,-1,-1,94
/kaggle/input/datasets/maryemmahmood/glyph2025/Glyph2025/i9/i9_321.png,I9,False,-1,-1,68
/kaggle/input/datasets/maryemmahmood/glyph2025/Glyph2025/s29/230378_s29.png,S29,True,23,378,124
/kaggle/input/datasets/maryemmahmood/glyph2025/Glyph2025/a1/a1_19.jpg,A1,False,-1,-1,0
/kaggle/input/datasets/maryemmahmood/glyph2025/Glyph2025/s38/s38_2.png,S38,False,-1,-1,127
/kaggle/input/datasets/maryemmahmood/glyph2025/Glyph2025/m23/m23_109.png,M23,False,-1,-1,78
/kaggle/input/datasets/maryemmahmood/glyph2025/Glyph2025/y1/y1_126.jpg,Y1,False,-1,-1,163
/kaggle/input/datasets/maryemmahmood/glyph2025/Glyph2025/n33/n33_116.png,N33,False,-1,-1,92
/kaggle/input/datasets/maryemmahmood/glyph2025/Glyph2025/q1/q1_102.jpg,Q1,False,-1,-1,111
/kaggle/input/datasets/maryemmahmood/glyph2025/Glyph2025/n35/050417_n35.png,N35,True,5,417,94
/kaggle/input/datasets/maryemmahmood/glyph2025/Glyph2025/d36/d36_39.png,D36,False,-1,-1,17
/kaggle/input/datasets/maryemmahmood/glyph2025/Glyph2025/v20/v20_12.png,V20,False,-1,-1,141
/kaggle/input/datasets/maryemmahmood/glyph2025/Glyph2025/d46/d46_69.png,D46,False,-1,-1,23
/kaggle/input/datasets/maryemmahmood/glyph2025/Glyph2025/a40/a40_21.jpg,A40,False,-1,-1,6
/kaggle/input/datasets/maryemmahmood/glyph2025/Glyph2025/n33/n33_119.png,N33,False,-1,-1,92
/kaggle/input/datasets/maryemmahmood/glyph2025/Glyph2025/n35/230000_n35.png,N35,True,23,0,94
/kaggle/input/datasets/maryemmahmood/glyph2025/Glyph2025/n33/n33_39.png,N33,False,-1,-1,92
/kaggle/input/datasets/maryemmahmood/glyph2025/Glyph2025/f18/410300_f18.png,F18,True,41,300,40
/kaggle/input/datasets/maryemmahmood/glyph2025/Glyph2025/d36/d36_125.png,D36,False,-1,-1,17
/kaggle/input/datasets/maryemmahmood/glyph2025/Glyph2025/x1/x1_240.png,X1,False,-1,-1,160
/kaggle/input/datasets/maryemmahmood/glyph2025/Glyph2025/v28/390352_v28.png,V28,True,39,352,142
/kaggle/input/datasets/maryemmahmood/glyph2025/Glyph2025/r14/r14_29.png,R14,False,-1,-1,115
/kaggle/input/datasets/maryemmahmood/glyph2025/Glyph2025/x8/x8_53.png,X8,False,-1,-1,162
/kaggle/input/datasets/maryemmahmood/glyph2025/Glyph2025/t22/t22_4.png,T22,False,-1,-1,130
/kaggle/input/datasets/maryemmahmood/glyph2025/Glyph2025/s29/s29_30.png,S29,False,-1,-1,124
/kaggle/input/datasets/maryemmahmood/glyph2025/Glyph2025/o34/o34_54.png,O34,False,-1,-1,103
/kaggle/input/datasets/maryemmahmood/glyph2025/Glyph2025/d4/d4_214.png,D4,False,-1,-1,20
/kaggle/input/datasets/maryemmahmood/glyph2025/Glyph2025/q3/050095_q3.png,Q3,True,5,95,113
/kaggle/input/datasets/maryemmahmood/glyph2025/Glyph2025/d21/d21_8.png,D21,False,-1,-1,14
/kaggle/input/datasets/maryemmahmood/glyph2025/Glyph2025/q3/210181_q3.png,Q3,True,21,181,113
/kaggle/input/datasets/maryemmahmood/glyph2025/Glyph2025/w19/w19_29.png,W19,False,-1,-1,154
/kaggle/input/datasets/maryemmahmood/glyph2025/Glyph2025/s34/s34_55.jpg,S34,False,-1,-1,126
/kaggle/input/datasets/maryemmahmood/glyph2025/Glyph2025/t21/t21_6.jpg,T21,False,-1,-1,129
/kaggle/input/datasets/maryemmahmood/glyph2025/Glyph2025/x1/390365_x1.png,X1,True,39,365,160
/kaggle/input/datasets/maryemmahmood/glyph2025/Glyph2025/g38/g38_20.png,G38,False,-1,-1,56
/kaggle/input/datasets/maryemmahmood/glyph2025/Glyph2025/x1/x1_132.png,X1,False,-1,-1,160
/kaggle/input/datasets/maryemmahmood/glyph2025/Glyph2025/q3/q3_49.png,Q3,False,-1,-1,113
/kaggle/input/datasets/maryemmahmood/glyph2025/Glyph2025/u23/u23_9.png,U23,False,-1,-1,134
/kaggle/input/datasets/maryemmahmood/glyph2025/Glyph2025/n33/n33_34.png,N33,False,-1,-1,92
/kaggle/input/datasets/maryemmahmood/glyph2025/Glyph2025/a2/a2_2.jpg,A2,False,-1,-1,3
/kaggle/input/datasets/maryemmahmood/glyph2025/Glyph2025/s29/s29_123.png,S29,False,-1,-1,124
/kaggle/input/datasets/maryemmahmood/glyph2025/Glyph2025/i1/i1_5.jpg,I1,False,-1,-1,65
/kaggle/input/datasets/maryemmahmood/glyph2025/Glyph2025/n35/210087_n35.png,N35,True,21,87,94
/kaggle/input/datasets/maryemmahmood/glyph2025/Glyph2025/w24/w24_33.png,W24,False,-1,-1,157
/kaggle/input/datasets/maryemmahmood/glyph2025/Glyph2025/i10/200118_i10.png,I10,True,20,118,66
/kaggle/input/datasets/maryemmahmood/glyph2025/Glyph2025/d52/d52_5.jpg,D52,False,-1,-1,24
/kaggle/input/datasets/maryemmahmood/glyph2025/Glyph2025/n35/210343_n35.png,N35,True,21,343,94
/kaggle/input/datasets/maryemmahmood/glyph2025/Glyph2025/d21/d21_104.png,D21,False,-1,-1,14
/kaggle/input/datasets/maryemmahmood/glyph2025/Glyph2025/v10/v10_11.jpg,V10,False,-1,-1,139
/kaggle/input/datasets/maryemmahmood/glyph2025/Glyph2025/z1/200211_z1.png,Z1,True,20,211,168
/kaggle/input/datasets/maryemmahmood/glyph2025/Glyph2025/m17/m17_320.jpg,M17,False,-1,-1,73
/kaggle/input/datasets/maryemmahmood/glyph2025/Glyph2025/n8/n8_16.png,N8,False,-1,-1,99
/kaggle/input/datasets/maryemmahmood/glyph2025/Glyph2025/g43/230224_g43.png,G43,True,23,224,60
/kaggle/input/datasets/maryemmahmood/glyph2025/Glyph2025/n35/n35_137.jpg,N35,False,-1,-1,94
/kaggle/input/datasets/maryemmahmood/glyph2025/Glyph2025/m17/390384_m17.png,M17,True,39,384,73
/kaggle/input/datasets/maryemmahmood/glyph2025/Glyph2025/e34/030432_e34.png,E34,True,3,432,34
/kaggle/input/datasets/maryemmahmood/glyph2025/Glyph2025/z11/z11_18.png,Z11,False,-1,-1,169
/kaggle/input/datasets/maryemmahmood/glyph2025/Glyph2025/g17/g17_122.png,G17,False,-1,-1,51
/kaggle/input/datasets/maryemmahmood/glyph2025/Glyph2025/aa15/aa15_39.png,AA15,False,-1,-1,10
/kaggle/input/datasets/maryemmahmood/glyph2025/Glyph2025/w24/210223_w24.png,W24,True,21,223,157
/kaggle/input/datasets/maryemmahmood/glyph2025/Glyph2025/z2/z2_17.png,Z2,False,-1,-1,171
/kaggle/input/datasets/maryemmahmood/glyph2025/Glyph2025/s3/s3_16.png,S3,False,-1,-1,125
/kaggle/input/datasets/maryemmahmood/glyph2025/Glyph2025/s34/s34_61.jpg,S34,False,-1,-1,126
/kaggle/input/datasets/maryemmahmood/glyph2025/Glyph2025/n5/090091_n5.png,N5,True,9,91,98
/kaggle/input/datasets/maryemmahmood/glyph2025/Glyph2025/d37/d37_23.png,D37,False,-1,-1,18
/kaggle/input/datasets/maryemmahmood/glyph2025/Glyph2025/n33/n33_6.jpg,N33,False,-1,-1,92
/kaggle/input/datasets/maryemmahmood/glyph2025/Glyph2025/y1/y1_45.jpg,Y1,False,-1,-1,163
/kaggle/input/datasets/maryemmahmood/glyph2025/Glyph2025/f35/f35_95.png,F35,False,-1,-1,46
/kaggle/input/datasets/maryemmahmood/glyph2025/Glyph2025/i9/i9_133.png,I9,False,-1,-1,68
/kaggle/input/datasets/maryemmahmood/glyph2025/Glyph2025/g5/390028_g5.png,G5,True,39,28,61
/kaggle/input/datasets/maryemmahmood/glyph2025/Glyph2025/y1/y1_40.png,Y1,False,-1,-1,163
/kaggle/input/datasets/maryemmahmood/glyph2025/Glyph2025/u7/410059_u7.png,U7,True,41,59,137
/kaggle/input/datasets/maryemmahmood/glyph2025/Glyph2025/m17/220226_m17.png,M17,True,22,226,73
/kaggle/input/datasets/maryemmahmood/glyph2025/Glyph2025/i9/i9_247.png,I9,False,-1,-1,68
/kaggle/input/datasets/maryemmahmood/glyph2025/Glyph2025/v7/v7_8.jpg,V7,False,-1,-1,148
/kaggle/input/datasets/maryemmahmood/glyph2025/Glyph2025/n35/n35_400.png,N35,False,-1,-1,94
/kaggle/input/datasets/maryemmahmood/glyph2025/Glyph2025/x1/x1_400.png,X1,False,-1,-1,160
/kaggle/input/datasets/maryemmahmood/glyph2025/Glyph2025/q3/030343_q3.png,Q3,True,3,343,113
/kaggle/input/datasets/maryemmahmood/glyph2025/Glyph2025/g17/220321_g17.png,G17,True,22,321,51
/kaggle/input/datasets/maryemmahmood/glyph2025/Glyph2025/x8/x8_14.png,X8,False,-1,-1,162
/kaggle/input/datasets/maryemmahmood/glyph2025/Glyph2025/d1/d1_22.png,D1,False,-1,-1,12
/kaggle/input/datasets/maryemmahmood/glyph2025/Glyph2025/n35/n35_21.png,N35,False,-1,-1,94
/kaggle/input/datasets/maryemmahmood/glyph2025/Glyph2025/z11/z11_6.jpg,Z11,False,-1,-1,169
/kaggle/input/datasets/maryemmahmood/glyph2025/Glyph2025/m17/m17_49.jpg,M17,False,-1,-1,73
/kaggle/input/datasets/maryemmahmood/glyph2025/Glyph2025/m23/m23_83.png,M23,False,-1,-1,78
/kaggle/input/datasets/maryemmahmood/glyph2025/Glyph2025/o50/o50_2.png,O50,False,-1,-1,106
/kaggle/input/datasets/maryemmahmood/glyph2025/Glyph2025/f35/f35_104.png,F35,False,-1,-1,46
/kaggle/input/datasets/maryemmahmood/glyph2025/Glyph2025/z3/z3_3.png,Z3,False,-1,-1,172
/kaggle/input/datasets/maryemmahmood/glyph2025/Glyph2025/d58/d58_30.png,D58,False,-1,-1,28
/kaggle/input/datasets/maryemmahmood/glyph2025/Glyph2025/m17/090142_m17.png,M17,True,9,142,73
/kaggle/input/datasets/maryemmahmood/glyph2025/Glyph2025/x1/x1_213.png,X1,False,-1,-1,160
/kaggle/input/datasets/maryemmahmood/glyph2025/Glyph2025/i9/i9_124.png,I9,False,-1,-1,68
/kaggle/input/datasets/maryemmahmood/glyph2025/Glyph2025/i9/i9_184.png,I9,False,-1,-1,68
/kaggle/input/datasets/maryemmahmood/glyph2025/Glyph2025/n35/390055_n35.png,N35,True,39,55,94
/kaggle/input/datasets/maryemmahmood/glyph2025/Glyph2025/d35/220340_d35.png,D35,True,22,340,16
/kaggle/input/datasets/maryemmahmood/glyph2025/Glyph2025/i9/220433_i9.png,I9,True,22,433,68
/kaggle/input/datasets/maryemmahmood/glyph2025/Glyph2025/n35/390274_n35.png,N35,True,39,274,94
/kaggle/input/datasets/maryemmahmood/glyph2025/Glyph2025/v31/090282_v31.png,V31,True,9,282,145
/kaggle/input/datasets/maryemmahmood/glyph2025/Glyph2025/r4/r4_99.png,R4,False,-1,-1,116
/kaggle/input/datasets/maryemmahmood/glyph2025/Glyph2025/d4/d4_174.jpg,D4,False,-1,-1,20
/kaggle/input/datasets/maryemmahmood/glyph2025/Glyph2025/n35/n35_416.png,N35,False,-1,-1,94
/kaggle/input/datasets/maryemmahmood/glyph2025/Glyph2025/y2/y2_9.jpg,Y2,False,-1,-1,164
/kaggle/input/datasets/maryemmahmood/glyph2025/Glyph2025/f26/f26_6.png,F26,False,-1,-1,42
/kaggle/input/datasets/maryemmahmood/glyph2025/Glyph2025/g39/410154_g39.png,G39,True,41,154,57
/kaggle/input/datasets/maryemmahmood/glyph2025/Glyph2025/v13/v13_66.jpg,V13,False,-1,-1,140
/kaggle/input/datasets/maryemmahmood/glyph2025/Glyph2025/g43/220398_g43.png,G43,True,22,398,60
/kaggle/input/datasets/maryemmahmood/glyph2025/Glyph2025/x1/230254_x1.png,X1,True,23,254,160
/kaggle/input/datasets/maryemmahmood/glyph2025/Glyph2025/s21/s21_27.png,S21,False,-1,-1,120
/kaggle/input/datasets/maryemmahmood/glyph2025/Glyph2025/g35/410235_g35.png,G35,True,41,235,53
/kaggle/input/datasets/maryemmahmood/glyph2025/Glyph2025/m20/m20_1.jpg,M20,False,-1,-1,76
/kaggle/input/datasets/maryemmahmood/glyph2025/Glyph2025/w5/w5_6.png,W5,False,-1,-1,159
/kaggle/input/datasets/maryemmahmood/glyph2025/Glyph2025/o4/210228_o4.png,O4,True,21,228,104
/kaggle/input/datasets/maryemmahmood/glyph2025/Glyph2025/v13/v13_68.png,V13,False,-1,-1,140
/kaggle/input/datasets/maryemmahmood/glyph2025/Glyph2025/i9/i9_79.jpg,I9,False,-1,-1,68
/kaggle/input/datasets/maryemmahmood/glyph2025/Glyph2025/g25/410189_g25.png,G25,True,41,189,52
/kaggle/input/datasets/maryemmahmood/glyph2025/Glyph2025/u6/u6_10.png,U6,False,-1,-1,136
/kaggle/input/datasets/maryemmahmood/glyph2025/Glyph2025/a40/a40_38.png,A40,False,-1,-1,6
/kaggle/input/datasets/maryemmahmood/glyph2025/Glyph2025/aa15/aa15_84.png,AA15,False,-1,-1,10
/kaggle/input/datasets/maryemmahmood/glyph2025/Glyph2025/m17/m17_372.png,M17,False,-1,-1,73
/kaggle/input/datasets/maryemmahmood/glyph2025/Glyph2025/h1/h1_3.jpg,H1,False,-1,-1,62
/kaggle/input/datasets/maryemmahmood/glyph2025/Glyph2025/y1/y1_132.jpg,Y1,False,-1,-1,163
/kaggle/input/datasets/maryemmahmood/glyph2025/Glyph2025/s21/s21_13.png,S21,False,-1,-1,120
/kaggle/input/datasets/maryemmahmood/glyph2025/Glyph2025/n35/200038_n35.png,N35,True,20,38,94
/kaggle/input/datasets/maryemmahmood/glyph2025/Glyph2025/d4/d4_145.jpg,D4,False,-1,-1,20
/kaggle/input/datasets/maryemmahmood/glyph2025/Glyph2025/s29/s29_88.png,S29,False,-1,-1,124
/kaggle/input/datasets/maryemmahmood/glyph2025/Glyph2025/x1/x1_356.png,X1,False,-1,-1,160
/kaggle/input/datasets/maryemmahmood/glyph2025/Glyph2025/m17/m17_421.png,M17,False,-1,-1,73
/kaggle/input/datasets/maryemmahmood/glyph2025/Glyph2025/m16/m16_12.png,M16,False,-1,-1,72
/kaggle/input/datasets/maryemmahmood/glyph2025/Glyph2025/i9/i9_136.png,I9,False,-1,-1,68
/kaggle/input/datasets/maryemmahmood/glyph2025/Glyph2025/g38/g38_8.png,G38,False,-1,-1,56
/kaggle/input/datasets/maryemmahmood/glyph2025/Glyph2025/s29/220280_s29.png,S29,True,22,280,124
/kaggle/input/datasets/maryemmahmood/glyph2025/Glyph2025/g43/g43_95.jpg,G43,False,-1,-1,60
/kaggle/input/datasets/maryemmahmood/glyph2025/Glyph2025/v13/v13_73.png,V13,False,-1,-1,140
/kaggle/input/datasets/maryemmahmood/glyph2025/Glyph2025/n35/n35_58.png,N35,False,-1,-1,94
/kaggle/input/datasets/maryemmahmood/glyph2025/Glyph2025/g43/g43_52.jpg,G43,False,-1,-1,60
/kaggle/input/datasets/maryemmahmood/glyph2025/Glyph2025/n35/n35_420.png,N35,False,-1,-1,94
/kaggle/input/datasets/maryemmahmood/glyph2025/Glyph2025/m17/210160_m17.png,M17,True,21,160,73
/kaggle/input/datasets/maryemmahmood/glyph2025/Glyph2025/s29/s29_12.png,S29,False,-1,-1,124
/kaggle/input/datasets/maryemmahmood/glyph2025/Glyph2025/i9/i9_250.png,I9,False,-1,-1,68
/kaggle/input/datasets/maryemmahmood/glyph2025/Glyph2025/i9/i9_71.jpg,I9,False,-1,-1,68
/kaggle/input/datasets/maryemmahmood/glyph2025/Glyph2025/a1/a1_90.jpg,A1,False,-1,-1,0
/kaggle/input/datasets/maryemmahmood/glyph2025/Glyph2025/m17/210096_m17.png,M17,True,21,96,73
/kaggle/input/datasets/maryemmahmood/glyph2025/Glyph2025/n26/n26_25.png,N26,False,-1,-1,89
/kaggle/input/datasets/maryemmahmood/glyph2025/Glyph2025/n31/n31_2.jpg,N31,False,-1,-1,91
/kaggle/input/datasets/maryemmahmood/glyph2025/Glyph2025/d21/d21_314.png,D21,False,-1,-1,14
/kaggle/input/datasets/maryemmahmood/glyph2025/Glyph2025/m17/m17_333.png,M17,False,-1,-1,73
/kaggle/input/datasets/maryemmahmood/glyph2025/Glyph2025/a1/a1_109.jpg,A1,False,-1,-1,0
/kaggle/input/datasets/maryemmahmood/glyph2025/Glyph2025/i9/030336_i9.png,I9,True,3,336,68
/kaggle/input/datasets/maryemmahmood/glyph2025/Glyph2025/a1/a1_131.jpg,A1,False,-1,-1,0
/kaggle/input/datasets/maryemmahmood/glyph2025/Glyph2025/d4/d4_133.png,D4,False,-1,-1,20
/kaggle/input/datasets/maryemmahmood/glyph2025/Glyph2025/e34/e34_34.png,E34,False,-1,-1,34
/kaggle/input/datasets/maryemmahmood/glyph2025/Glyph2025/w5/w5_2.jpg,W5,False,-1,-1,159
/kaggle/input/datasets/maryemmahmood/glyph2025/Glyph2025/o50/050288_o50.png,O50,True,5,288,106
/kaggle/input/datasets/maryemmahmood/glyph2025/Glyph2025/d36/390151_d36.png,D36,True,39,151,17
/kaggle/input/datasets/maryemmahmood/glyph2025/Glyph2025/d35/230229_d35.png,D35,True,23,229,16
/kaggle/input/datasets/maryemmahmood/glyph2025/Glyph2025/d28/d28_21.png,D28,False,-1,-1,15
/kaggle/input/datasets/maryemmahmood/glyph2025/Glyph2025/v1/v1_9.png,V1,False,-1,-1,138
/kaggle/input/datasets/maryemmahmood/glyph2025/Glyph2025/d21/d21_26.jpg,D21,False,-1,-1,14
/kaggle/input/datasets/maryemmahmood/glyph2025/Glyph2025/n35/n35_96.jpg,N35,False,-1,-1,94
/kaggle/input/datasets/maryemmahmood/glyph2025/Glyph2025/n35/030441_n35.png,N35,True,3,441,94
/kaggle/input/datasets/maryemmahmood/glyph2025/Glyph2025/d46/090331_d46.png,D46,True,9,331,23
/kaggle/input/datasets/maryemmahmood/glyph2025/Glyph2025/x1/050124_x1.png,X1,True,5,124,160
/kaggle/input/datasets/maryemmahmood/glyph2025/Glyph2025/m17/210025_m17.png,M17,True,21,25,73
/kaggle/input/datasets/maryemmahmood/glyph2025/Glyph2025/d37/d37_44.jpg,D37,False,-1,-1,18
/kaggle/input/datasets/maryemmahmood/glyph2025/Glyph2025/m12/m12_33.png,M12,False,-1,-1,71
/kaggle/input/datasets/maryemmahmood/glyph2025/Glyph2025/g17/g17_87.jpg,G17,False,-1,-1,51
/kaggle/input/datasets/maryemmahmood/glyph2025/Glyph2025/i9/i9_285.png,I9,False,-1,-1,68
/kaggle/input/datasets/maryemmahmood/glyph2025/Glyph2025/o1/050118_o1.png,O1,True,5,118,100
/kaggle/input/datasets/maryemmahmood/glyph2025/Glyph2025/a2/a2_3.jpg,A2,False,-1,-1,3
/kaggle/input/datasets/maryemmahmood/glyph2025/Glyph2025/s29/220373_s29.png,S29,True,22,373,124
/kaggle/input/datasets/maryemmahmood/glyph2025/Glyph2025/n26/n26_22.png,N26,False,-1,-1,89
/kaggle/input/datasets/maryemmahmood/glyph2025/Glyph2025/g43/g43_80.jpg,G43,False,-1,-1,60
/kaggle/input/datasets/maryemmahmood/glyph2025/Glyph2025/m17/210322_m17.png,M17,True,21,322,73
/kaggle/input/datasets/maryemmahmood/glyph2025/Glyph2025/n35/n35_118.jpg,N35,False,-1,-1,94
/kaggle/input/datasets/maryemmahmood/glyph2025/Glyph2025/m44/030080_m44.png,M44,True,3,80,82
/kaggle/input/datasets/maryemmahmood/glyph2025/Glyph2025/z1/z1_40.png,Z1,False,-1,-1,168
/kaggle/input/datasets/maryemmahmood/glyph2025/Glyph2025/d4/d4_136.png,D4,False,-1,-1,20
/kaggle/input/datasets/maryemmahmood/glyph2025/Glyph2025/n35/050363_n35.png,N35,True,5,363,94
/kaggle/input/datasets/maryemmahmood/glyph2025/Glyph2025/y5/y5_97.png,Y5,False,-1,-1,167
/kaggle/input/datasets/maryemmahmood/glyph2025/Glyph2025/m17/m17_463.png,M17,False,-1,-1,73
/kaggle/input/datasets/maryemmahmood/glyph2025/Glyph2025/i10/i10_51.png,I10,False,-1,-1,66
/kaggle/input/datasets/maryemmahmood/glyph2025/Glyph2025/y1/y1_59.png,Y1,False,-1,-1,163
/kaggle/input/datasets/maryemmahmood/glyph2025/Glyph2025/n35/030091_n35.png,N35,True,3,91,94
/kaggle/input/datasets/maryemmahmood/glyph2025/Glyph2025/w14/w14_1.jpg,W14,False,-1,-1,150
/kaggle/input/datasets/maryemmahmood/glyph2025/Glyph2025/g43/g43_103.png,G43,False,-1,-1,60
/kaggle/input/datasets/maryemmahmood/glyph2025/Glyph2025/w24/210222_w24.png,W24,True,21,222,157
/kaggle/input/datasets/maryemmahmood/glyph2025/Glyph2025/n35/n35_484.png,N35,False,-1,-1,94
/kaggle/input/datasets/maryemmahmood/glyph2025/Glyph2025/g1/210100_g1.png,G1,True,21,100,49
/kaggle/input/datasets/maryemmahmood/glyph2025/Glyph2025/x1/x1_428.png,X1,False,-1,-1,160
/kaggle/input/datasets/maryemmahmood/glyph2025/Glyph2025/n37/n37_2.png,N37,False,-1,-1,96
/kaggle/input/datasets/maryemmahmood/glyph2025/Glyph2025/o1/o1_55.png,O1,False,-1,-1,100
/kaggle/input/datasets/maryemmahmood/glyph2025/Glyph2025/d36/220155_d36.png,D36,True,22,155,17
/kaggle/input/datasets/maryemmahmood/glyph2025/Glyph2025/r8/r8_23.png,R8,False,-1,-1,118
/kaggle/input/datasets/maryemmahmood/glyph2025/Glyph2025/m17/230214_m17.png,M17,True,23,214,73
/kaggle/input/datasets/maryemmahmood/glyph2025/Glyph2025/g5/090037_g5.png,G5,True,9,37,61
/kaggle/input/datasets/maryemmahmood/glyph2025/Glyph2025/t28/t28_2.png,T28,False,-1,-1,131
/kaggle/input/datasets/maryemmahmood/glyph2025/Glyph2025/n35/n35_418.jpg,N35,False,-1,-1,94
/kaggle/input/datasets/maryemmahmood/glyph2025/Glyph2025/m17/230383_m17.png,M17,True,23,383,73
/kaggle/input/datasets/maryemmahmood/glyph2025/Glyph2025/r4/r4_124.jpg,R4,False,-1,-1,116
/kaggle/input/datasets/maryemmahmood/glyph2025/Glyph2025/o29/o29_8.jpg,O29,False,-1,-1,101
/kaggle/input/datasets/maryemmahmood/glyph2025/Glyph2025/v31/v31_66.png,V31,False,-1,-1,145
/kaggle/input/datasets/maryemmahmood/glyph2025/Glyph2025/o50/230384_o50.png,O50,True,23,384,106
/kaggle/input/datasets/maryemmahmood/glyph2025/Glyph2025/q1/q1_87.png,Q1,False,-1,-1,111
/kaggle/input/datasets/maryemmahmood/glyph2025/Glyph2025/m17/m17_111.png,M17,False,-1,-1,73
/kaggle/input/datasets/maryemmahmood/glyph2025/Glyph2025/r11/r11_15.png,R11,False,-1,-1,114
/kaggle/input/datasets/maryemmahmood/glyph2025/Glyph2025/y5/y5_95.png,Y5,False,-1,-1,167
/kaggle/input/datasets/maryemmahmood/glyph2025/Glyph2025/g17/g17_110.png,G17,False,-1,-1,51
/kaggle/input/datasets/maryemmahmood/glyph2025/Glyph2025/m17/410091_m17.png,M17,True,41,91,73
/kaggle/input/datasets/maryemmahmood/glyph2025/Glyph2025/z4/z4_23.png,Z4,False,-1,-1,173
/kaggle/input/datasets/maryemmahmood/glyph2025/Glyph2025/w25/w25_10.jpg,W25,False,-1,-1,158
/kaggle/input/datasets/maryemmahmood/glyph2025/Glyph2025/w24/w24_6.jpg,W24,False,-1,-1,157
/kaggle/input/datasets/maryemmahmood/glyph2025/Glyph2025/aa15/aa15_85.png,AA15,False,-1,-1,10
/kaggle/input/datasets/maryemmahmood/glyph2025/Glyph2025/n14/n14_14.jpg,N14,False,-1,-1,84
/kaggle/input/datasets/maryemmahmood/glyph2025/Glyph2025/q2/q2_5.jpg,Q2,False,-1,-1,112
/kaggle/input/datasets/maryemmahmood/glyph2025/Glyph2025/f35/f35_36.png,F35,False,-1,-1,46
/kaggle/input/datasets/maryemmahmood/glyph2025/Glyph2025/d4/d4_170.jpg,D4,False,-1,-1,20
/kaggle/input/datasets/maryemmahmood/glyph2025/Glyph2025/m17/m17_451.png,M17,False,-1,-1,73
/kaggle/input/datasets/maryemmahmood/glyph2025/Glyph2025/a1/a1_142.jpg,A1,False,-1,-1,0
/kaggle/input/datasets/maryemmahmood/glyph2025/Glyph2025/m17/050398_m17.png,M17,True,5,398,73
/kaggle/input/datasets/maryemmahmood/glyph2025/Glyph2025/m17/090214_m17.png,M17,True,9,214,73
/kaggle/input/datasets/maryemmahmood/glyph2025/Glyph2025/d21/d21_236.png,D21,False,-1,-1,14
/kaggle/input/datasets/maryemmahmood/glyph2025/Glyph2025/f31/f31_4.jpg,F31,False,-1,-1,43
/kaggle/input/datasets/maryemmahmood/glyph2025/Glyph2025/s38/s38_5.jpg,S38,False,-1,-1,127
/kaggle/input/datasets/maryemmahmood/glyph2025/Glyph2025/o50/230103_o50.png,O50,True,23,103,106
/kaggle/input/datasets/maryemmahmood/glyph2025/Glyph2025/z1/030422_z1.png,Z1,True,3,422,168
/kaggle/input/datasets/maryemmahmood/glyph2025/Glyph2025/g17/g17_53.jpg,G17,False,-1,-1,51
/kaggle/input/datasets/maryemmahmood/glyph2025/Glyph2025/m17/m17_396.png,M17,False,-1,-1,73
/kaggle/input/datasets/maryemmahmood/glyph2025/Glyph2025/o6/o6_3.png,O6,False,-1,-1,107
/kaggle/input/datasets/maryemmahmood/glyph2025/Glyph2025/v30/v30_143.png,V30,False,-1,-1,144
/kaggle/input/datasets/maryemmahmood/glyph2025/Glyph2025/r14/r14_21.jpg,R14,False,-1,-1,115
/kaggle/input/datasets/maryemmahmood/glyph2025/Glyph2025/m17/m17_383.jpg,M17,False,-1,-1,73
/kaggle/input/datasets/maryemmahmood/glyph2025/Glyph2025/q1/q1_138.png,Q1,False,-1,-1,111
/kaggle/input/datasets/maryemmahmood/glyph2025/Glyph2025/m17/050305_m17.png,M17,True,5,305,73
/kaggle/input/datasets/maryemmahmood/glyph2025/Glyph2025/y1/y1_81.png,Y1,False,-1,-1,163
/kaggle/input/datasets/maryemmahmood/glyph2025/Glyph2025/o50/230303_o50.png,O50,True,23,303,106
/kaggle/input/datasets/maryemmahmood/glyph2025/Glyph2025/v31/410291_v31.png,V31,True,41,291,145
/kaggle/input/datasets/maryemmahmood/glyph2025/Glyph2025/d4/d4_125.png,D4,False,-1,-1,20
/kaggle/input/datasets/maryemmahmood/glyph2025/Glyph2025/s29/s29_205.png,S29,False,-1,-1,124
/kaggle/input/datasets/maryemmahmood/glyph2025/Glyph2025/z7/200328_z7.png,Z7,True,20,328,174
/kaggle/input/datasets/maryemmahmood/glyph2025/Glyph2025/d46/030162_d46.png,D46,True,3,162,23
/kaggle/input/datasets/maryemmahmood/glyph2025/Glyph2025/x1/390076_x1.png,X1,True,39,76,160
/kaggle/input/datasets/maryemmahmood/glyph2025/Glyph2025/e1/220259_e1.png,E1,True,22,259,30
/kaggle/input/datasets/maryemmahmood/glyph2025/Glyph2025/l2/l2_6.jpg,L2,False,-1,-1,70
/kaggle/input/datasets/maryemmahmood/glyph2025/Glyph2025/m23/m23_112.png,M23,False,-1,-1,78
/kaggle/input/datasets/maryemmahmood/glyph2025/Glyph2025/f35/f35_41.png,F35,False,-1,-1,46
/kaggle/input/datasets/maryemmahmood/glyph2025/Glyph2025/r4/r4_52.jpg,R4,False,-1,-1,116
/kaggle/input/datasets/maryemmahmood/glyph2025/Glyph2025/n35/n35_209.png,N35,False,-1,-1,94
/kaggle/input/datasets/maryemmahmood/glyph2025/Glyph2025/d39/d39_7.jpg,D39,False,-1,-1,19
/kaggle/input/datasets/maryemmahmood/glyph2025/Glyph2025/a42/a42_2.png,A42,False,-1,-1,7
/kaggle/input/datasets/maryemmahmood/glyph2025/Glyph2025/g38/g38_7.png,G38,False,-1,-1,56
/kaggle/input/datasets/maryemmahmood/glyph2025/Glyph2025/v30/v30_195.png,V30,False,-1,-1,144
/kaggle/input/datasets/maryemmahmood/glyph2025/Glyph2025/v31/410109_v31.png,V31,True,41,109,145
/kaggle/input/datasets/maryemmahmood/glyph2025/Glyph2025/m17/210247_m17.png,M17,True,21,247,73
/kaggle/input/datasets/maryemmahmood/glyph2025/Glyph2025/n23/n23_7.jpg,N23,False,-1,-1,87
/kaggle/input/datasets/maryemmahmood/glyph2025/Glyph2025/d46/d46_48.jpg,D46,False,-1,-1,23
/kaggle/input/datasets/maryemmahmood/glyph2025/Glyph2025/n35/n35_135.png,N35,False,-1,-1,94
/kaggle/input/datasets/maryemmahmood/glyph2025/Glyph2025/v30/v30_266.png,V30,False,-1,-1,144
/kaggle/input/datasets/maryemmahmood/glyph2025/Glyph2025/n26/n26_24.png,N26,False,-1,-1,89
/kaggle/input/datasets/maryemmahmood/glyph2025/Glyph2025/n1/n1_76.png,N1,False,-1,-1,83
/kaggle/input/datasets/maryemmahmood/glyph2025/Glyph2025/g17/220132_g17.png,G17,True,22,132,51
/kaggle/input/datasets/maryemmahmood/glyph2025/Glyph2025/d2/390212_d2.png,D2,True,39,212,13
/kaggle/input/datasets/maryemmahmood/glyph2025/Glyph2025/x8/x8_138.png,X8,False,-1,-1,162
/kaggle/input/datasets/maryemmahmood/glyph2025/Glyph2025/v30/v30_262.png,V30,False,-1,-1,144
/kaggle/input/datasets/maryemmahmood/glyph2025/Glyph2025/x1/x1_200.png,X1,False,-1,-1,160
/kaggle/input/datasets/maryemmahmood/glyph2025/Glyph2025/s34/s34_27.png,S34,False,-1,-1,126
/kaggle/input/datasets/maryemmahmood/glyph2025/Glyph2025/r8/200231_r8.png,R8,True,20,231,118
/kaggle/input/datasets/maryemmahmood/glyph2025/Glyph2025/m23/200185_m23.png,M23,True,20,185,78
/kaggle/input/datasets/maryemmahmood/glyph2025/Glyph2025/d36/d36_72.png,D36,False,-1,-1,17
/kaggle/input/datasets/maryemmahmood/glyph2025/Glyph2025/d36/d36_2.png,D36,False,-1,-1,17
/kaggle/input/datasets/maryemmahmood/glyph2025/Glyph2025/g43/410037_g43.png,G43,True,41,37,60
/kaggle/input/datasets/maryemmahmood/glyph2025/Glyph2025/s29/230215_s29.png,S29,True,23,215,124
/kaggle/input/datasets/maryemmahmood/glyph2025/Glyph2025/x8/x8_134.png,X8,False,-1,-1,162
/kaggle/input/datasets/maryemmahmood/glyph2025/Glyph2025/r14/r14_25.png,R14,False,-1,-1,115
/kaggle/input/datasets/maryemmahmood/glyph2025/Glyph2025/d35/390017_d35.png,D35,True,39,17,16
/kaggle/input/datasets/maryemmahmood/glyph2025/Glyph2025/n31/030194_n31.png,N31,True,3,194,91
/kaggle/input/datasets/maryemmahmood/glyph2025/Glyph2025/d58/d58_62.jpg,D58,False,-1,-1,28
/kaggle/input/datasets/maryemmahmood/glyph2025/Glyph2025/b1/b1_36.jpg,B1,False,-1,-1,11
/kaggle/input/datasets/maryemmahmood/glyph2025/Glyph2025/v30/v30_89.png,V30,False,-1,-1,144
/kaggle/input/datasets/maryemmahmood/glyph2025/Glyph2025/d58/390284_d58.png,D58,True,39,284,28
/kaggle/input/datasets/maryemmahmood/glyph2025/Glyph2025/m16/m16_26.png,M16,False,-1,-1,72
/kaggle/input/datasets/maryemmahmood/glyph2025/Glyph2025/m17/m17_164.png,M17,False,-1,-1,73
/kaggle/input/datasets/maryemmahmood/glyph2025/Glyph2025/x8/x8_112.png,X8,False,-1,-1,162
/kaggle/input/datasets/maryemmahmood/glyph2025/Glyph2025/w24/w24_3.jpg,W24,False,-1,-1,157
/kaggle/input/datasets/maryemmahmood/glyph2025/Glyph2025/i9/i9_202.png,I9,False,-1,-1,68
/kaggle/input/datasets/maryemmahmood/glyph2025/Glyph2025/w19/w19_27.png,W19,False,-1,-1,154
/kaggle/input/datasets/maryemmahmood/glyph2025/Glyph2025/a1/a1_156.jpg,A1,False,-1,-1,0
/kaggle/input/datasets/maryemmahmood/glyph2025/Glyph2025/q1/q1_18.png,Q1,False,-1,-1,111
/kaggle/input/datasets/maryemmahmood/glyph2025/Glyph2025/f35/f35_138.png,F35,False,-1,-1,46
/kaggle/input/datasets/maryemmahmood/glyph2025/Glyph2025/v31/050443_v31.png,V31,True,5,443,145
/kaggle/input/datasets/maryemmahmood/glyph2025/Glyph2025/y4/y4_3.png,Y4,False,-1,-1,166
/kaggle/input/datasets/maryemmahmood/glyph2025/Glyph2025/m44/030025_m44.png,M44,True,3,25,82
/kaggle/input/datasets/maryemmahmood/glyph2025/Glyph2025/i9/050069_i9.png,I9,True,5,69,68
/kaggle/input/datasets/maryemmahmood/glyph2025/Glyph2025/d2/220000_d2.png,D2,True,22,0,13
/kaggle/input/datasets/maryemmahmood/glyph2025/Glyph2025/d55/d55_51.png,D55,False,-1,-1,26
/kaggle/input/datasets/maryemmahmood/glyph2025/Glyph2025/f35/f35_22.jpg,F35,False,-1,-1,46
/kaggle/input/datasets/maryemmahmood/glyph2025/Glyph2025/s28/s28_2.jpg,S28,False,-1,-1,123
/kaggle/input/datasets/maryemmahmood/glyph2025/Glyph2025/m17/050404_m17.png,M17,True,5,404,73
/kaggle/input/datasets/maryemmahmood/glyph2025/Glyph2025/m23/m23_137.png,M23,False,-1,-1,78
/kaggle/input/datasets/maryemmahmood/glyph2025/Glyph2025/d36/d36_97.png,D36,False,-1,-1,17
/kaggle/input/datasets/maryemmahmood/glyph2025/Glyph2025/n35/n35_441.png,N35,False,-1,-1,94
/kaggle/input/datasets/maryemmahmood/glyph2025/Glyph2025/d36/200034_d36.png,D36,True,20,34,17
/kaggle/input/datasets/maryemmahmood/glyph2025/Glyph2025/i9/220153_i9.png,I9,True,22,153,68
/kaggle/input/datasets/maryemmahmood/glyph2025/Glyph2025/l1/l1_15.jpg,L1,False,-1,-1,69
/kaggle/input/datasets/maryemmahmood/glyph2025/Glyph2025/g43/g43_2.png,G43,False,-1,-1,60
/kaggle/input/datasets/maryemmahmood/glyph2025/Glyph2025/d46/d46_85.jpg,D46,False,-1,-1,23
/kaggle/input/datasets/maryemmahmood/glyph2025/Glyph2025/u6/u6_13.png,U6,False,-1,-1,136
/kaggle/input/datasets/maryemmahmood/glyph2025/Glyph2025/w23/w23_3.png,W23,False,-1,-1,156
/kaggle/input/datasets/maryemmahmood/glyph2025/Glyph2025/s34/s34_109.png,S34,False,-1,-1,126
/kaggle/input/datasets/maryemmahmood/glyph2025/Glyph2025/x8/x8_22.png,X8,False,-1,-1,162
/kaggle/input/datasets/maryemmahmood/glyph2025/Glyph2025/r8/390299_r8.png,R8,True,39,299,118
/kaggle/input/datasets/maryemmahmood/glyph2025/Glyph2025/d39/d39_11.jpg,D39,False,-1,-1,19
/kaggle/input/datasets/maryemmahmood/glyph2025/Glyph2025/x1/x1_145.png,X1,False,-1,-1,160
/kaggle/input/datasets/maryemmahmood/glyph2025/Glyph2025/d46/d46_80.png,D46,False,-1,-1,23
/kaggle/input/datasets/maryemmahmood/glyph2025/Glyph2025/n35/n35_167.png,N35,False,-1,-1,94
/kaggle/input/datasets/maryemmahmood/glyph2025/Glyph2025/w25/220138_w25.png,W25,True,22,138,158
/kaggle/input/datasets/maryemmahmood/glyph2025/Glyph2025/q1/410074_q1.png,Q1,True,41,74,111
/kaggle/input/datasets/maryemmahmood/glyph2025/Glyph2025/n33b/n33b_4.png,N33B,False,-1,-1,93
/kaggle/input/datasets/maryemmahmood/glyph2025/Glyph2025/x1/090260_x1.png,X1,True,9,260,160
/kaggle/input/datasets/maryemmahmood/glyph2025/Glyph2025/n35/410190_n35.png,N35,True,41,190,94
/kaggle/input/datasets/maryemmahmood/glyph2025/Glyph2025/n33/n33_82.png,N33,False,-1,-1,92
/kaggle/input/datasets/maryemmahmood/glyph2025/Glyph2025/n35/n35_250.png,N35,False,-1,-1,94
/kaggle/input/datasets/maryemmahmood/glyph2025/Glyph2025/r14/r14_9.jpg,R14,False,-1,-1,115
/kaggle/input/datasets/maryemmahmood/glyph2025/Glyph2025/g43/g43_68.jpg,G43,False,-1,-1,60
/kaggle/input/datasets/maryemmahmood/glyph2025/Glyph2025/g43/g43_89.jpg,G43,False,-1,-1,60
/kaggle/input/datasets/maryemmahmood/glyph2025/Glyph2025/m23/m23_119.png,M23,False,-1,-1,78
/kaggle/input/datasets/maryemmahmood/glyph2025/Glyph2025/d4/230402_d4.png,D4,True,23,402,20
/kaggle/input/datasets/maryemmahmood/glyph2025/Glyph2025/v30/v30_135.png,V30,False,-1,-1,144
/kaggle/input/datasets/maryemmahmood/glyph2025/Glyph2025/d58/200082_d58.png,D58,True,20,82,28
/kaggle/input/datasets/maryemmahmood/glyph2025/Glyph2025/w22/w22_4.png,W22,False,-1,-1,155
/kaggle/input/datasets/maryemmahmood/glyph2025/Glyph2025/e34/030199_e34.png,E34,True,3,199,34
/kaggle/input/datasets/maryemmahmood/glyph2025/Glyph2025/v20/v20_16.png,V20,False,-1,-1,141
/kaggle/input/datasets/maryemmahmood/glyph2025/Glyph2025/r8/050302_r8.png,R8,True,5,302,118
/kaggle/input/datasets/maryemmahmood/glyph2025/Glyph2025/h6/h6_15.png,H6,False,-1,-1,63
/kaggle/input/datasets/maryemmahmood/glyph2025/Glyph2025/v29/v29_7.png,V29,False,-1,-1,143
/kaggle/input/datasets/maryemmahmood/glyph2025/Glyph2025/o50/220341_o50.png,O50,True,22,341,106
/kaggle/input/datasets/maryemmahmood/glyph2025/Glyph2025/r4/r4_130.png,R4,False,-1,-1,116
/kaggle/input/datasets/maryemmahmood/glyph2025/Glyph2025/m17/m17_34.png,M17,False,-1,-1,73
/kaggle/input/datasets/maryemmahmood/glyph2025/Glyph2025/x1/x1_397.jpg,X1,False,-1,-1,160
/kaggle/input/datasets/maryemmahmood/glyph2025/Glyph2025/n33/n33_73.png,N33,False,-1,-1,92
/kaggle/input/datasets/maryemmahmood/glyph2025/Glyph2025/q1/q1_112.png,Q1,False,-1,-1,111
/kaggle/input/datasets/maryemmahmood/glyph2025/Glyph2025/m17/m17_59.png,M17,False,-1,-1,73
/kaggle/input/datasets/maryemmahmood/glyph2025/Glyph2025/n14/n14_2.png,N14,False,-1,-1,84
/kaggle/input/datasets/maryemmahmood/glyph2025/Glyph2025/v13/050444_v13.png,V13,True,5,444,140
/kaggle/input/datasets/maryemmahmood/glyph2025/Glyph2025/u7/u7_67.png,U7,False,-1,-1,137
/kaggle/input/datasets/maryemmahmood/glyph2025/Glyph2025/r8/r8_112.png,R8,False,-1,-1,118
/kaggle/input/datasets/maryemmahmood/glyph2025/Glyph2025/w19/w19_22.jpg,W19,False,-1,-1,154
/kaggle/input/datasets/maryemmahmood/glyph2025/Glyph2025/v30/v30_46.jpg,V30,False,-1,-1,144
/kaggle/input/datasets/maryemmahmood/glyph2025/Glyph2025/i1/i1_6.png,I1,False,-1,-1,65
/kaggle/input/datasets/maryemmahmood/glyph2025/Glyph2025/s29/s29_38.png,S29,False,-1,-1,124
/kaggle/input/datasets/maryemmahmood/glyph2025/Glyph2025/o1/050337_o1.png,O1,True,5,337,100
/kaggle/input/datasets/maryemmahmood/glyph2025/Glyph2025/f31/f31_62.png,F31,False,-1,-1,43
/kaggle/input/datasets/maryemmahmood/glyph2025/Glyph2025/g43/220386_g43.png,G43,True,22,386,60
/kaggle/input/datasets/maryemmahmood/glyph2025/Glyph2025/i9/i9_57.jpg,I9,False,-1,-1,68
/kaggle/input/datasets/maryemmahmood/glyph2025/Glyph2025/i9/i9_240.png,I9,False,-1,-1,68
/kaggle/input/datasets/maryemmahmood/glyph2025/Glyph2025/v28/v28_87.png,V28,False,-1,-1,142
/kaggle/input/datasets/maryemmahmood/glyph2025/Glyph2025/n35/390245_n35.png,N35,True,39,245,94
/kaggle/input/datasets/maryemmahmood/glyph2025/Glyph2025/m17/m17_200.jpg,M17,False,-1,-1,73
/kaggle/input/datasets/maryemmahmood/glyph2025/Glyph2025/i9/i9_53.png,I9,False,-1,-1,68
/kaggle/input/datasets/maryemmahmood/glyph2025/Glyph2025/a50/a50_9.jpg,A50,False,-1,-1,8
/kaggle/input/datasets/maryemmahmood/glyph2025/Glyph2025/i9/i9_33.png,I9,False,-1,-1,68
/kaggle/input/datasets/maryemmahmood/glyph2025/Glyph2025/y1/y1_115.png,Y1,False,-1,-1,163
/kaggle/input/datasets/maryemmahmood/glyph2025/Glyph2025/r4/r4_116.png,R4,False,-1,-1,116
/kaggle/input/datasets/maryemmahmood/glyph2025/Glyph2025/d21/d21_268.png,D21,False,-1,-1,14
/kaggle/input/datasets/maryemmahmood/glyph2025/Glyph2025/o34/o34_30.png,O34,False,-1,-1,103
/kaggle/input/datasets/maryemmahmood/glyph2025/Glyph2025/g43/g43_147.jpg,G43,False,-1,-1,60
/kaggle/input/datasets/maryemmahmood/glyph2025/Glyph2025/n35/090413_n35.png,N35,True,9,413,94
/kaggle/input/datasets/maryemmahmood/glyph2025/Glyph2025/n33/n33_27.png,N33,False,-1,-1,92
/kaggle/input/datasets/maryemmahmood/glyph2025/Glyph2025/d4/d4_172.png,D4,False,-1,-1,20
/kaggle/input/datasets/maryemmahmood/glyph2025/Glyph2025/p3/p3_2.jpg,P3,False,-1,-1,109
/kaggle/input/datasets/maryemmahmood/glyph2025/Glyph2025/d21/d21_303.png,D21,False,-1,-1,14
/kaggle/input/datasets/maryemmahmood/glyph2025/Glyph2025/m16/m16_18.jpg,M16,False,-1,-1,72
/kaggle/input/datasets/maryemmahmood/glyph2025/Glyph2025/x8/x8_91.png,X8,False,-1,-1,162
/kaggle/input/datasets/maryemmahmood/glyph2025/Glyph2025/o49/o49_56.png,O49,False,-1,-1,105
/kaggle/input/datasets/maryemmahmood/glyph2025/Glyph2025/d46/d46_30.jpg,D46,False,-1,-1,23
/kaggle/input/datasets/maryemmahmood/glyph2025/Glyph2025/q1/q1_144.png,Q1,False,-1,-1,111
/kaggle/input/datasets/maryemmahmood/glyph2025/Glyph2025/i10/i10_21.png,I10,False,-1,-1,66
/kaggle/input/datasets/maryemmahmood/glyph2025/Glyph2025/d39/d39_10.jpg,D39,False,-1,-1,19
/kaggle/input/datasets/maryemmahmood/glyph2025/Glyph2025/r4/r4_98.png,R4,False,-1,-1,116
/kaggle/input/datasets/maryemmahmood/glyph2025/Glyph2025/n35/090356_n35.png,N35,True,9,356,94
/kaggle/input/datasets/maryemmahmood/glyph2025/Glyph2025/r8/r8_174.png,R8,False,-1,-1,118
/kaggle/input/datasets/maryemmahmood/glyph2025/Glyph2025/i9/i9_308.jpg,I9,False,-1,-1,68
/kaggle/input/datasets/maryemmahmood/glyph2025/Glyph2025/d60/d60_10.jpg,D60,False,-1,-1,29
/kaggle/input/datasets/maryemmahmood/glyph2025/Glyph2025/n33/n33_107.png,N33,False,-1,-1,92
/kaggle/input/datasets/maryemmahmood/glyph2025/Glyph2025/n1/n1_18.png,N1,False,-1,-1,83
/kaggle/input/datasets/maryemmahmood/glyph2025/Glyph2025/q3/q3_84.png,Q3,False,-1,-1,113
/kaggle/input/datasets/maryemmahmood/glyph2025/Glyph2025/m17/410161_m17.png,M17,True,41,161,73
/kaggle/input/datasets/maryemmahmood/glyph2025/Glyph2025/m17/200351_m17.png,M17,True,20,351,73
/kaggle/input/datasets/maryemmahmood/glyph2025/Glyph2025/v4/030437_v4.png,V4,True,3,437,146
/kaggle/input/datasets/maryemmahmood/glyph2025/Glyph2025/f31/f31_19.png,F31,False,-1,-1,43
/kaggle/input/datasets/maryemmahmood/glyph2025/Glyph2025/d21/d21_282.png,D21,False,-1,-1,14
/kaggle/input/datasets/maryemmahmood/glyph2025/Glyph2025/m23/m23_8.png,M23,False,-1,-1,78
/kaggle/input/datasets/maryemmahmood/glyph2025/Glyph2025/a1/a1_133.png,A1,False,-1,-1,0
/kaggle/input/datasets/maryemmahmood/glyph2025/Glyph2025/m17/m17_100.png,M17,False,-1,-1,73
/kaggle/input/datasets/maryemmahmood/glyph2025/Glyph2025/n35/390104_n35.png,N35,True,39,104,94
/kaggle/input/datasets/maryemmahmood/glyph2025/Glyph2025/m17/200039_m17.png,M17,True,20,39,73
/kaggle/input/datasets/maryemmahmood/glyph2025/Glyph2025/h1/h1_29.png,H1,False,-1,-1,62
/kaggle/input/datasets/maryemmahmood/glyph2025/Glyph2025/e34/e34_22.png,E34,False,-1,-1,34
/kaggle/input/datasets/maryemmahmood/glyph2025/Glyph2025/m17/200344_m17.png,M17,True,20,344,73
/kaggle/input/datasets/maryemmahmood/glyph2025/Glyph2025/g39/410388_g39.png,G39,True,41,388,57
/kaggle/input/datasets/maryemmahmood/glyph2025/Glyph2025/d1/d1_17.png,D1,False,-1,-1,12
/kaggle/input/datasets/maryemmahmood/glyph2025/Glyph2025/a19/a19_1.png,A19,False,-1,-1,2
/kaggle/input/datasets/maryemmahmood/glyph2025/Glyph2025/g38/g38_6.png,G38,False,-1,-1,56
/kaggle/input/datasets/maryemmahmood/glyph2025/Glyph2025/v7/v7_4.jpg,V7,False,-1,-1,148
/kaggle/input/datasets/maryemmahmood/glyph2025/Glyph2025/v13/200001_v13.png,V13,True,20,1,140
/kaggle/input/datasets/maryemmahmood/glyph2025/Glyph2025/n33/n33_163.png,N33,False,-1,-1,92
/kaggle/input/datasets/maryemmahmood/glyph2025/Glyph2025/d21/d21_18.jpg,D21,False,-1,-1,14
/kaggle/input/datasets/maryemmahmood/glyph2025/Glyph2025/o1/030451_o1.png,O1,True,3,451,100
/kaggle/input/datasets/maryemmahmood/glyph2025/Glyph2025/d58/200339_d58.png,D58,True,20,339,28
/kaggle/input/datasets/maryemmahmood/glyph2025/Glyph2025/d4/090072_d4.png,D4,True,9,72,20
/kaggle/input/datasets/maryemmahmood/glyph2025/Glyph2025/v31/050339_v31.png,V31,True,5,339,145
/kaggle/input/datasets/maryemmahmood/glyph2025/Glyph2025/i9/i9_23.jpg,I9,False,-1,-1,68
/kaggle/input/datasets/maryemmahmood/glyph2025/Glyph2025/d35/d35_7.jpg,D35,False,-1,-1,16
/kaggle/input/datasets/maryemmahmood/glyph2025/Glyph2025/g17/230319_g17.png,G17,True,23,319,51
/kaggle/input/datasets/maryemmahmood/glyph2025/Glyph2025/f4/f4_13.png,F4,False,-1,-1,48
/kaggle/input/datasets/maryemmahmood/glyph2025/Glyph2025/d21/d21_5.png,D21,False,-1,-1,14
/kaggle/input/datasets/maryemmahmood/glyph2025/Glyph2025/v13/210013_v13.png,V13,True,21,13,140
/kaggle/input/datasets/maryemmahmood/glyph2025/Glyph2025/n35/n35_408.png,N35,False,-1,-1,94
/kaggle/input/datasets/maryemmahmood/glyph2025/Glyph2025/r4/r4_27.png,R4,False,-1,-1,116
/kaggle/input/datasets/maryemmahmood/glyph2025/Glyph2025/d21/d21_39.png,D21,False,-1,-1,14
/kaggle/input/datasets/maryemmahmood/glyph2025/Glyph2025/o49/o49_12.png,O49,False,-1,-1,105
/kaggle/input/datasets/maryemmahmood/glyph2025/Glyph2025/n35/n35_213.png,N35,False,-1,-1,94
/kaggle/input/datasets/maryemmahmood/glyph2025/Glyph2025/v1/v1_23.png,V1,False,-1,-1,138
/kaggle/input/datasets/maryemmahmood/glyph2025/Glyph2025/d40/d40_16.png,D40,False,-1,-1,21
/kaggle/input/datasets/maryemmahmood/glyph2025/Glyph2025/s29/s29_34.png,S29,False,-1,-1,124
/kaggle/input/datasets/maryemmahmood/glyph2025/Glyph2025/s29/210124_s29.png,S29,True,21,124,124
/kaggle/input/datasets/maryemmahmood/glyph2025/Glyph2025/n1/n1_39.png,N1,False,-1,-1,83
/kaggle/input/datasets/maryemmahmood/glyph2025/Glyph2025/m17/090226_m17.png,M17,True,9,226,73
/kaggle/input/datasets/maryemmahmood/glyph2025/Glyph2025/n35/n35_105.jpg,N35,False,-1,-1,94
/kaggle/input/datasets/maryemmahmood/glyph2025/Glyph2025/s29/220149_s29.png,S29,True,22,149,124
/kaggle/input/datasets/maryemmahmood/glyph2025/Glyph2025/x1/x1_425.png,X1,False,-1,-1,160
/kaggle/input/datasets/maryemmahmood/glyph2025/Glyph2025/s29/s29_158.jpg,S29,False,-1,-1,124
/kaggle/input/datasets/maryemmahmood/glyph2025/Glyph2025/o1/o1_93.png,O1,False,-1,-1,100
/kaggle/input/datasets/maryemmahmood/glyph2025/Glyph2025/m17/m17_133.jpg,M17,False,-1,-1,73
/kaggle/input/datasets/maryemmahmood/glyph2025/Glyph2025/d28/220062_d28.png,D28,True,22,62,15
/kaggle/input/datasets/maryemmahmood/glyph2025/Glyph2025/t28/t28_10.jpg,T28,False,-1,-1,131
/kaggle/input/datasets/maryemmahmood/glyph2025/Glyph2025/a40/a40_30.png,A40,False,-1,-1,6
/kaggle/input/datasets/maryemmahmood/glyph2025/Glyph2025/g17/230279_g17.png,G17,True,23,279,51
/kaggle/input/datasets/maryemmahmood/glyph2025/Glyph2025/n35/n35_495.png,N35,False,-1,-1,94
/kaggle/input/datasets/maryemmahmood/glyph2025/Glyph2025/v30/v30_3.png,V30,False,-1,-1,144
/kaggle/input/datasets/maryemmahmood/glyph2025/Glyph2025/m17/210345_m17.png,M17,True,21,345,73
/kaggle/input/datasets/maryemmahmood/glyph2025/Glyph2025/m17/m17_117.jpg,M17,False,-1,-1,73
/kaggle/input/datasets/maryemmahmood/glyph2025/Glyph2025/i9/i9_5.png,I9,False,-1,-1,68
/kaggle/input/datasets/maryemmahmood/glyph2025/Glyph2025/v30/v30_15.png,V30,False,-1,-1,144
/kaggle/input/datasets/maryemmahmood/glyph2025/Glyph2025/n35/n35_257.png,N35,False,-1,-1,94
/kaggle/input/datasets/maryemmahmood/glyph2025/Glyph2025/i9/i9_73.jpg,I9,False,-1,-1,68
/kaggle/input/datasets/maryemmahmood/glyph2025/Glyph2025/g40/030220_g40.png,G40,True,3,220,59
/kaggle/input/datasets/maryemmahmood/glyph2025/Glyph2025/d35/d35_20.jpg,D35,False,-1,-1,16
/kaggle/input/datasets/maryemmahmood/glyph2025/Glyph2025/f35/f35_119.png,F35,False,-1,-1,46
/kaggle/input/datasets/maryemmahmood/glyph2025/Glyph2025/g43/030344_g43.png,G43,True,3,344,60
/kaggle/input/datasets/maryemmahmood/glyph2025/Glyph2025/o50/220122_o50.png,O50,True,22,122,106
/kaggle/input/datasets/maryemmahmood/glyph2025/Glyph2025/v30/v30_267.png,V30,False,-1,-1,144
/kaggle/input/datasets/maryemmahmood/glyph2025/Glyph2025/d46/d46_76.png,D46,False,-1,-1,23
/kaggle/input/datasets/maryemmahmood/glyph2025/Glyph2025/m17/m17_468.png,M17,False,-1,-1,73
/kaggle/input/datasets/maryemmahmood/glyph2025/Glyph2025/n35/390042_n35.png,N35,True,39,42,94
/kaggle/input/datasets/maryemmahmood/glyph2025/Glyph2025/m23/m23_144.png,M23,False,-1,-1,78
/kaggle/input/datasets/maryemmahmood/glyph2025/Glyph2025/g17/g17_75.png,G17,False,-1,-1,51
/kaggle/input/datasets/maryemmahmood/glyph2025/Glyph2025/x1/x1_159.png,X1,False,-1,-1,160
/kaggle/input/datasets/maryemmahmood/glyph2025/Glyph2025/s29/s29_204.png,S29,False,-1,-1,124
/kaggle/input/datasets/maryemmahmood/glyph2025/Glyph2025/a2/a2_10.jpg,A2,False,-1,-1,3
/kaggle/input/datasets/maryemmahmood/glyph2025/Glyph2025/d37/d37_56.jpg,D37,False,-1,-1,18
/kaggle/input/datasets/maryemmahmood/glyph2025/Glyph2025/x1/230181_x1.png,X1,True,23,181,160
/kaggle/input/datasets/maryemmahmood/glyph2025/Glyph2025/q3/q3_30.png,Q3,False,-1,-1,113
/kaggle/input/datasets/maryemmahmood/glyph2025/Glyph2025/u7/u7_30.png,U7,False,-1,-1,137
/kaggle/input/datasets/maryemmahmood/glyph2025/Glyph2025/f21/f21_9.jpg,F21,False,-1,-1,41
/kaggle/input/datasets/maryemmahmood/glyph2025/Glyph2025/d21/d21_121.png,D21,False,-1,-1,14
/kaggle/input/datasets/maryemmahmood/glyph2025/Glyph2025/d60/d60_24.jpg,D60,False,-1,-1,29
/kaggle/input/datasets/maryemmahmood/glyph2025/Glyph2025/f32/f32_17.jpg,F32,False,-1,-1,44
/kaggle/input/datasets/maryemmahmood/glyph2025/Glyph2025/n35/n35_179.png,N35,False,-1,-1,94
/kaggle/input/datasets/maryemmahmood/glyph2025/Glyph2025/y5/y5_59.png,Y5,False,-1,-1,167
/kaggle/input/datasets/maryemmahmood/glyph2025/Glyph2025/s3/s3_7.png,S3,False,-1,-1,125
/kaggle/input/datasets/maryemmahmood/glyph2025/Glyph2025/d21/d21_183.png,D21,False,-1,-1,14
/kaggle/input/datasets/maryemmahmood/glyph2025/Glyph2025/n18/230037_n18.png,N18,True,23,37,86
/kaggle/input/datasets/maryemmahmood/glyph2025/Glyph2025/s29/s29_35.jpg,S29,False,-1,-1,124
/kaggle/input/datasets/maryemmahmood/glyph2025/Glyph2025/n35/n35_256.png,N35,False,-1,-1,94
/kaggle/input/datasets/maryemmahmood/glyph2025/Glyph2025/n33/n33_168.png,N33,False,-1,-1,92
/kaggle/input/datasets/maryemmahmood/glyph2025/Glyph2025/x1/x1_222.png,X1,False,-1,-1,160
/kaggle/input/datasets/maryemmahmood/glyph2025/Glyph2025/v30/v30_181.png,V30,False,-1,-1,144
/kaggle/input/datasets/maryemmahmood/glyph2025/Glyph2025/y5/y5_96.jpg,Y5,False,-1,-1,167
/kaggle/input/datasets/maryemmahmood/glyph2025/Glyph2025/m2/m2_1.png,M2,False,-1,-1,75
/kaggle/input/datasets/maryemmahmood/glyph2025/Glyph2025/n35/210065_n35.png,N35,True,21,65,94
/kaggle/input/datasets/maryemmahmood/glyph2025/Glyph2025/w19/w19_33.jpg,W19,False,-1,-1,154
/kaggle/input/datasets/maryemmahmood/glyph2025/Glyph2025/s34/s34_93.png,S34,False,-1,-1,126
/kaggle/input/datasets/maryemmahmood/glyph2025/Glyph2025/i9/i9_276.jpg,I9,False,-1,-1,68
/kaggle/input/datasets/maryemmahmood/glyph2025/Glyph2025/i9/i9_6.png,I9,False,-1,-1,68
/kaggle/input/datasets/maryemmahmood/glyph2025/Glyph2025/a1/a1_118.png,A1,False,-1,-1,0
/kaggle/input/datasets/maryemmahmood/glyph2025/Glyph2025/n26/n26_14.png,N26,False,-1,-1,89
/kaggle/input/datasets/maryemmahmood/glyph2025/Glyph2025/v31/390229_v31.png,V31,True,39,229,145
/kaggle/input/datasets/maryemmahmood/glyph2025/Glyph2025/g17/g17_82.jpg,G17,False,-1,-1,51
/kaggle/input/datasets/maryemmahmood/glyph2025/Glyph2025/g40/g40_4.jpg,G40,False,-1,-1,59
/kaggle/input/datasets/maryemmahmood/glyph2025/Glyph2025/g14/g14_14.png,G14,False,-1,-1,50
/kaggle/input/datasets/maryemmahmood/glyph2025/Glyph2025/n33/n33_165.png,N33,False,-1,-1,92
/kaggle/input/datasets/maryemmahmood/glyph2025/Glyph2025/u1/u1_26.png,U1,False,-1,-1,132
/kaggle/input/datasets/maryemmahmood/glyph2025/Glyph2025/a40/a40_40.png,A40,False,-1,-1,6
/kaggle/input/datasets/maryemmahmood/glyph2025/Glyph2025/f26/f26_1.jpg,F26,False,-1,-1,42
/kaggle/input/datasets/maryemmahmood/glyph2025/Glyph2025/g43/g43_23.jpg,G43,False,-1,-1,60
/kaggle/input/datasets/maryemmahmood/glyph2025/Glyph2025/x1/x1_353.png,X1,False,-1,-1,160
/kaggle/input/datasets/maryemmahmood/glyph2025/Glyph2025/i9/390046_i9.png,I9,True,39,46,68
/kaggle/input/datasets/maryemmahmood/glyph2025/Glyph2025/s29/230287_s29.png,S29,True,23,287,124
/kaggle/input/datasets/maryemmahmood/glyph2025/Glyph2025/s29/090152_s29.png,S29,True,9,152,124
/kaggle/input/datasets/maryemmahmood/glyph2025/Glyph2025/v30/v30_98.png,V30,False,-1,-1,144
/kaggle/input/datasets/maryemmahmood/glyph2025/Glyph2025/s40/s40_2.png,S40,False,-1,-1,128
/kaggle/input/datasets/maryemmahmood/glyph2025/Glyph2025/w25/w25_11.jpg,W25,False,-1,-1,158
/kaggle/input/datasets/maryemmahmood/glyph2025/Glyph2025/x1/x1_204.png,X1,False,-1,-1,160
/kaggle/input/datasets/maryemmahmood/glyph2025/Glyph2025/m17/200359_m17.png,M17,True,20,359,73
/kaggle/input/datasets/maryemmahmood/glyph2025/Glyph2025/d4/d4_15.png,D4,False,-1,-1,20
/kaggle/input/datasets/maryemmahmood/glyph2025/Glyph2025/m17/m17_76.png,M17,False,-1,-1,73
/kaggle/input/datasets/maryemmahmood/glyph2025/Glyph2025/d2/d2_34.png,D2,False,-1,-1,13
/kaggle/input/datasets/maryemmahmood/glyph2025/Glyph2025/d46/d46_45.jpg,D46,False,-1,-1,23
/kaggle/input/datasets/maryemmahmood/glyph2025/Glyph2025/n33/n33_108.png,N33,False,-1,-1,92
/kaggle/input/datasets/maryemmahmood/glyph2025/Glyph2025/u1/u1_36.png,U1,False,-1,-1,132
/kaggle/input/datasets/maryemmahmood/glyph2025/Glyph2025/n35/210227_n35.png,N35,True,21,227,94
/kaggle/input/datasets/maryemmahmood/glyph2025/Glyph2025/d21/220186_d21.png,D21,True,22,186,14
/kaggle/input/datasets/maryemmahmood/glyph2025/Glyph2025/d4/d4_37.png,D4,False,-1,-1,20
/kaggle/input/datasets/maryemmahmood/glyph2025/Glyph2025/h1/h1_26.png,H1,False,-1,-1,62
/kaggle/input/datasets/maryemmahmood/glyph2025/Glyph2025/v30/v30_13.png,V30,False,-1,-1,144
/kaggle/input/datasets/maryemmahmood/glyph2025/Glyph2025/f39/f39_25.jpg,F39,False,-1,-1,47
/kaggle/input/datasets/maryemmahmood/glyph2025/Glyph2025/h1/h1_4.png,H1,False,-1,-1,62
/kaggle/input/datasets/maryemmahmood/glyph2025/Glyph2025/n35/n35_430.png,N35,False,-1,-1,94
/kaggle/input/datasets/maryemmahmood/glyph2025/Glyph2025/d36/d36_79.jpg,D36,False,-1,-1,17
/kaggle/input/datasets/maryemmahmood/glyph2025/Glyph2025/q1/q1_61.jpg,Q1,False,-1,-1,111
/kaggle/input/datasets/maryemmahmood/glyph2025/Glyph2025/o1/o1_81.png,O1,False,-1,-1,100
/kaggle/input/datasets/maryemmahmood/glyph2025/Glyph2025/v13/v13_40.jpg,V13,False,-1,-1,140
/kaggle/input/datasets/maryemmahmood/glyph2025/Glyph2025/s34/s34_39.jpg,S34,False,-1,-1,126
/kaggle/input/datasets/maryemmahmood/glyph2025/Glyph2025/n1/030363_n1.png,N1,True,3,363,83
/kaggle/input/datasets/maryemmahmood/glyph2025/Glyph2025/m17/220429_m17.png,M17,True,22,429,73
/kaggle/input/datasets/maryemmahmood/glyph2025/Glyph2025/x8/x8_81.png,X8,False,-1,-1,162
/kaggle/input/datasets/maryemmahmood/glyph2025/Glyph2025/g43/220377_g43.png,G43,True,22,377,60
/kaggle/input/datasets/maryemmahmood/glyph2025/Glyph2025/m17/m17_132.png,M17,False,-1,-1,73
/kaggle/input/datasets/maryemmahmood/glyph2025/Glyph2025/n33/n33_14.jpg,N33,False,-1,-1,92
/kaggle/input/datasets/maryemmahmood/glyph2025/Glyph2025/z4/z4_2.png,Z4,False,-1,-1,173
/kaggle/input/datasets/maryemmahmood/glyph2025/Glyph2025/a42/a42_10.png,A42,False,-1,-1,7
/kaggle/input/datasets/maryemmahmood/glyph2025/Glyph2025/o50/220189_o50.png,O50,True,22,189,106
/kaggle/input/datasets/maryemmahmood/glyph2025/Glyph2025/d37/d37_70.png,D37,False,-1,-1,18
/kaggle/input/datasets/maryemmahmood/glyph2025/Glyph2025/d46/d46_20.png,D46,False,-1,-1,23
/kaggle/input/datasets/maryemmahmood/glyph2025/Glyph2025/n35/n35_499.png,N35,False,-1,-1,94
/kaggle/input/datasets/maryemmahmood/glyph2025/Glyph2025/y5/y5_90.png,Y5,False,-1,-1,167
/kaggle/input/datasets/maryemmahmood/glyph2025/Glyph2025/m12/m12_66.png,M12,False,-1,-1,71
/kaggle/input/datasets/maryemmahmood/glyph2025/Glyph2025/d21/d21_174.jpg,D21,False,-1,-1,14
/kaggle/input/datasets/maryemmahmood/glyph2025/Glyph2025/m23/m23_76.jpg,M23,False,-1,-1,78
/kaggle/input/datasets/maryemmahmood/glyph2025/Glyph2025/s29/220291_s29.png,S29,True,22,291,124
/kaggle/input/datasets/maryemmahmood/glyph2025/Glyph2025/f35/f35_35.png,F35,False,-1,-1,46
/kaggle/input/datasets/maryemmahmood/glyph2025/Glyph2025/g17/090031_g17.png,G17,True,9,31,51
/kaggle/input/datasets/maryemmahmood/glyph2025/Glyph2025/m12/m12_23.jpg,M12,False,-1,-1,71
/kaggle/input/datasets/maryemmahmood/glyph2025/Glyph2025/o1/o1_76.png,O1,False,-1,-1,100
/kaggle/input/datasets/maryemmahmood/glyph2025/Glyph2025/f35/f35_57.jpg,F35,False,-1,-1,46
/kaggle/input/datasets/maryemmahmood/glyph2025/Glyph2025/m17/200358_m17.png,M17,True,20,358,73
/kaggle/input/datasets/maryemmahmood/glyph2025/Glyph2025/n35/n35_63.png,N35,False,-1,-1,94
/kaggle/input/datasets/maryemmahmood/glyph2025/Glyph2025/s29/410374_s29.png,S29,True,41,374,124
/kaggle/input/datasets/maryemmahmood/glyph2025/Glyph2025/s29/200190_s29.png,S29,True,20,190,124
/kaggle/input/datasets/maryemmahmood/glyph2025/Glyph2025/m17/m17_339.png,M17,False,-1,-1,73
/kaggle/input/datasets/maryemmahmood/glyph2025/Glyph2025/v13/v13_38.png,V13,False,-1,-1,140
/kaggle/input/datasets/maryemmahmood/glyph2025/Glyph2025/x1/x1_244.png,X1,False,-1,-1,160
/kaggle/input/datasets/maryemmahmood/glyph2025/Glyph2025/d46/410319_d46.png,D46,True,41,319,23
/kaggle/input/datasets/maryemmahmood/glyph2025/Glyph2025/m17/m17_255.png,M17,False,-1,-1,73
/kaggle/input/datasets/maryemmahmood/glyph2025/Glyph2025/z11/z11_3.png,Z11,False,-1,-1,169
/kaggle/input/datasets/maryemmahmood/glyph2025/Glyph2025/d37/d37_33.jpg,D37,False,-1,-1,18
/kaggle/input/datasets/maryemmahmood/glyph2025/Glyph2025/x1/210148_x1.png,X1,True,21,148,160
/kaggle/input/datasets/maryemmahmood/glyph2025/Glyph2025/n35/n35_32.png,N35,False,-1,-1,94
/kaggle/input/datasets/maryemmahmood/glyph2025/Glyph2025/v30/v30_109.jpg,V30,False,-1,-1,144
/kaggle/input/datasets/maryemmahmood/glyph2025/Glyph2025/r8/410084_r8.png,R8,True,41,84,118
/kaggle/input/datasets/maryemmahmood/glyph2025/Glyph2025/x1/x1_82.jpg,X1,False,-1,-1,160
/kaggle/input/datasets/maryemmahmood/glyph2025/Glyph2025/n35/030078_n35.png,N35,True,3,78,94
/kaggle/input/datasets/maryemmahmood/glyph2025/Glyph2025/u1/u1_8.png,U1,False,-1,-1,132
/kaggle/input/datasets/maryemmahmood/glyph2025/Glyph2025/v29/v29_9.png,V29,False,-1,-1,143
/kaggle/input/datasets/maryemmahmood/glyph2025/Glyph2025/n1/n1_70.png,N1,False,-1,-1,83
/kaggle/input/datasets/maryemmahmood/glyph2025/Glyph2025/n35/n35_487.png,N35,False,-1,-1,94
/kaggle/input/datasets/maryemmahmood/glyph2025/Glyph2025/d21/d21_192.png,D21,False,-1,-1,14
/kaggle/input/datasets/maryemmahmood/glyph2025/Glyph2025/m23/m23_162.png,M23,False,-1,-1,78
/kaggle/input/datasets/maryemmahmood/glyph2025/Glyph2025/n35/n35_72.jpg,N35,False,-1,-1,94
/kaggle/input/datasets/maryemmahmood/glyph2025/Glyph2025/s29/220329_s29.png,S29,True,22,329,124
/kaggle/input/datasets/maryemmahmood/glyph2025/Glyph2025/n35/030015_n35.png,N35,True,3,15,94
/kaggle/input/datasets/maryemmahmood/glyph2025/Glyph2025/m17/m17_457.png,M17,False,-1,-1,73
/kaggle/input/datasets/maryemmahmood/glyph2025/Glyph2025/n33/n33_63.jpg,N33,False,-1,-1,92
/kaggle/input/datasets/maryemmahmood/glyph2025/Glyph2025/d58/d58_47.jpg,D58,False,-1,-1,28
/kaggle/input/datasets/maryemmahmood/glyph2025/Glyph2025/r8/r8_77.png,R8,False,-1,-1,118
/kaggle/input/datasets/maryemmahmood/glyph2025/Glyph2025/v13/v13_61.png,V13,False,-1,-1,140
/kaggle/input/datasets/maryemmahmood/glyph2025/Glyph2025/w19/w19_4.jpg,W19,False,-1,-1,154
/kaggle/input/datasets/maryemmahmood/glyph2025/Glyph2025/d21/d21_167.png,D21,False,-1,-1,14
/kaggle/input/datasets/maryemmahmood/glyph2025/Glyph2025/v6/v6_22.png,V6,False,-1,-1,147
/kaggle/input/datasets/maryemmahmood/glyph2025/Glyph2025/m23/m23_85.png,M23,False,-1,-1,78
/kaggle/input/datasets/maryemmahmood/glyph2025/Glyph2025/o1/o1_13.png,O1,False,-1,-1,100
/kaggle/input/datasets/maryemmahmood/glyph2025/Glyph2025/v30/v30_90.png,V30,False,-1,-1,144
/kaggle/input/datasets/maryemmahmood/glyph2025/Glyph2025/m17/050314_m17.png,M17,True,5,314,73
/kaggle/input/datasets/maryemmahmood/glyph2025/Glyph2025/a19/a19_9.jpg,A19,False,-1,-1,2
/kaggle/input/datasets/maryemmahmood/glyph2025/Glyph2025/f31/390097_f31.png,F31,True,39,97,43
/kaggle/input/datasets/maryemmahmood/glyph2025/Glyph2025/d21/230237_d21.png,D21,True,23,237,14
/kaggle/input/datasets/maryemmahmood/glyph2025/Glyph2025/d21/050242_d21.png,D21,True,5,242,14
/kaggle/input/datasets/maryemmahmood/glyph2025/Glyph2025/d58/d58_21.png,D58,False,-1,-1,28
/kaggle/input/datasets/maryemmahmood/glyph2025/Glyph2025/n35/n35_316.png,N35,False,-1,-1,94
/kaggle/input/datasets/maryemmahmood/glyph2025/Glyph2025/n33/n33_58.png,N33,False,-1,-1,92
/kaggle/input/datasets/maryemmahmood/glyph2025/Glyph2025/d4/d4_198.png,D4,False,-1,-1,20
/kaggle/input/datasets/maryemmahmood/glyph2025/Glyph2025/d37/d37_81.png,D37,False,-1,-1,18
/kaggle/input/datasets/maryemmahmood/glyph2025/Glyph2025/v7/v7_11.png,V7,False,-1,-1,148
/kaggle/input/datasets/maryemmahmood/glyph2025/Glyph2025/x7/x7_17.png,X7,False,-1,-1,161
/kaggle/input/datasets/maryemmahmood/glyph2025/Glyph2025/i9/i9_160.png,I9,False,-1,-1,68
/kaggle/input/datasets/maryemmahmood/glyph2025/Glyph2025/o50/210151_o50.png,O50,True,21,151,106
/kaggle/input/datasets/maryemmahmood/glyph2025/Glyph2025/d21/d21_273.png,D21,False,-1,-1,14
/kaggle/input/datasets/maryemmahmood/glyph2025/Glyph2025/i9/i9_186.png,I9,False,-1,-1,68
/kaggle/input/datasets/maryemmahmood/glyph2025/Glyph2025/x1/x1_386.png,X1,False,-1,-1,160
/kaggle/input/datasets/maryemmahmood/glyph2025/Glyph2025/v31/v31_21.jpg,V31,False,-1,-1,145
/kaggle/input/datasets/maryemmahmood/glyph2025/Glyph2025/aa15/aa15_74.jpg,AA15,False,-1,-1,10
/kaggle/input/datasets/maryemmahmood/glyph2025/Glyph2025/i9/i9_191.png,I9,False,-1,-1,68
/kaggle/input/datasets/maryemmahmood/glyph2025/Glyph2025/n35/390121_n35.png,N35,True,39,121,94
/kaggle/input/datasets/maryemmahmood/glyph2025/Glyph2025/z1/z1_13.png,Z1,False,-1,-1,168
/kaggle/input/datasets/maryemmahmood/glyph2025/Glyph2025/d46/d46_7.jpg,D46,False,-1,-1,23
/kaggle/input/datasets/maryemmahmood/glyph2025/Glyph2025/u7/u7_15.png,U7,False,-1,-1,137
/kaggle/input/datasets/maryemmahmood/glyph2025/Glyph2025/r8/r8_93.png,R8,False,-1,-1,118
/kaggle/input/datasets/maryemmahmood/glyph2025/Glyph2025/s29/210039_s29.png,S29,True,21,39,124
/kaggle/input/datasets/maryemmahmood/glyph2025/Glyph2025/r8/r8_74.png,R8,False,-1,-1,118
/kaggle/input/datasets/maryemmahmood/glyph2025/Glyph2025/q3/050229_q3.png,Q3,True,5,229,113
/kaggle/input/datasets/maryemmahmood/glyph2025/Glyph2025/s29/390250_s29.png,S29,True,39,250,124
/kaggle/input/datasets/maryemmahmood/glyph2025/Glyph2025/g36/g36_4.jpg,G36,False,-1,-1,54
/kaggle/input/datasets/maryemmahmood/glyph2025/Glyph2025/x7/x7_16.jpg,X7,False,-1,-1,161
/kaggle/input/datasets/maryemmahmood/glyph2025/Glyph2025/u7/u7_2.png,U7,False,-1,-1,137
/kaggle/input/datasets/maryemmahmood/glyph2025/Glyph2025/g17/390026_g17.png,G17,True,39,26,51
/kaggle/input/datasets/maryemmahmood/glyph2025/Glyph2025/s29/s29_27.jpg,S29,False,-1,-1,124
/kaggle/input/datasets/maryemmahmood/glyph2025/Glyph2025/aa13/aa13_1.jpg,AA13,False,-1,-1,9
/kaggle/input/datasets/maryemmahmood/glyph2025/Glyph2025/d36/d36_122.png,D36,False,-1,-1,17
/kaggle/input/datasets/maryemmahmood/glyph2025/Glyph2025/d35/d35_30.jpg,D35,False,-1,-1,16
/kaggle/input/datasets/maryemmahmood/glyph2025/Glyph2025/q1/q1_56.jpg,Q1,False,-1,-1,111
/kaggle/input/datasets/maryemmahmood/glyph2025/Glyph2025/g36/g36_17.jpg,G36,False,-1,-1,54
/kaggle/input/datasets/maryemmahmood/glyph2025/Glyph2025/g17/220147_g17.png,G17,True,22,147,51
/kaggle/input/datasets/maryemmahmood/glyph2025/Glyph2025/o4/o4_23.png,O4,False,-1,-1,104
/kaggle/input/datasets/maryemmahmood/glyph2025/Glyph2025/b1/b1_39.jpg,B1,False,-1,-1,11
/kaggle/input/datasets/maryemmahmood/glyph2025/Glyph2025/f13/390342_f13.png,F13,True,39,342,39
/kaggle/input/datasets/maryemmahmood/glyph2025/Glyph2025/d36/200385_d36.png,D36,True,20,385,17
/kaggle/input/datasets/maryemmahmood/glyph2025/Glyph2025/w11/w11_17.jpg,W11,False,-1,-1,149
/kaggle/input/datasets/maryemmahmood/glyph2025/Glyph2025/m17/230286_m17.png,M17,True,23,286,73
/kaggle/input/datasets/maryemmahmood/glyph2025/Glyph2025/n1/220428_n1.png,N1,True,22,428,83
/kaggle/input/datasets/maryemmahmood/glyph2025/Glyph2025/n35/030164_n35.png,N35,True,3,164,94
/kaggle/input/datasets/maryemmahmood/glyph2025/Glyph2025/d28/d28_6.jpg,D28,False,-1,-1,15
/kaggle/input/datasets/maryemmahmood/glyph2025/Glyph2025/d21/230382_d21.png,D21,True,23,382,14
/kaggle/input/datasets/maryemmahmood/glyph2025/Glyph2025/d4/d4_123.jpg,D4,False,-1,-1,20
/kaggle/input/datasets/maryemmahmood/glyph2025/Glyph2025/m23/m23_47.jpg,M23,False,-1,-1,78
/kaggle/input/datasets/maryemmahmood/glyph2025/Glyph2025/v30/v30_133.png,V30,False,-1,-1,144
/kaggle/input/datasets/maryemmahmood/glyph2025/Glyph2025/z1/210238_z1.png,Z1,True,21,238,168
/kaggle/input/datasets/maryemmahmood/glyph2025/Glyph2025/g36/g36_16.jpg,G36,False,-1,-1,54
/kaggle/input/datasets/maryemmahmood/glyph2025/Glyph2025/o49/o49_34.jpg,O49,False,-1,-1,105
/kaggle/input/datasets/maryemmahmood/glyph2025/Glyph2025/o50/220367_o50.png,O50,True,22,367,106
/kaggle/input/datasets/maryemmahmood/glyph2025/Glyph2025/v30/v30_190.png,V30,False,-1,-1,144
/kaggle/input/datasets/maryemmahmood/glyph2025/Glyph2025/d21/d21_311.png,D21,False,-1,-1,14
/kaggle/input/datasets/maryemmahmood/glyph2025/Glyph2025/z2/z2_12.png,Z2,False,-1,-1,171
/kaggle/input/datasets/maryemmahmood/glyph2025/Glyph2025/n25/n25_1.png,N25,False,-1,-1,88
/kaggle/input/datasets/maryemmahmood/glyph2025/Glyph2025/y1/y1_19.jpg,Y1,False,-1,-1,163
/kaggle/input/datasets/maryemmahmood/glyph2025/Glyph2025/g36/090125_g36.png,G36,True,9,125,54
/kaggle/input/datasets/maryemmahmood/glyph2025/Glyph2025/d2/d2_62.png,D2,False,-1,-1,13
/kaggle/input/datasets/maryemmahmood/glyph2025/Glyph2025/n16/200132_n16.png,N16,True,20,132,85
/kaggle/input/datasets/maryemmahmood/glyph2025/Glyph2025/d21/050338_d21.png,D21,True,5,338,14
/kaggle/input/datasets/maryemmahmood/glyph2025/Glyph2025/m23/390155_m23.png,M23,True,39,155,78
/kaggle/input/datasets/maryemmahmood/glyph2025/Glyph2025/g17/090347_g17.png,G17,True,9,347,51
/kaggle/input/datasets/maryemmahmood/glyph2025/Glyph2025/n33/n33_38.png,N33,False,-1,-1,92
/kaggle/input/datasets/maryemmahmood/glyph2025/Glyph2025/q1/q1_141.png,Q1,False,-1,-1,111
/kaggle/input/datasets/maryemmahmood/glyph2025/Glyph2025/v6/v6_8.png,V6,False,-1,-1,147
/kaggle/input/datasets/maryemmahmood/glyph2025/Glyph2025/s29/220131_s29.png,S29,True,22,131,124
/kaggle/input/datasets/maryemmahmood/glyph2025/Glyph2025/x1/x1_234.png,X1,False,-1,-1,160
/kaggle/input/datasets/maryemmahmood/glyph2025/Glyph2025/m12/m12_3.jpg,M12,False,-1,-1,71
/kaggle/input/datasets/maryemmahmood/glyph2025/Glyph2025/m23/m23_80.jpg,M23,False,-1,-1,78
/kaggle/input/datasets/maryemmahmood/glyph2025/Glyph2025/i9/i9_230.png,I9,False,-1,-1,68
/kaggle/input/datasets/maryemmahmood/glyph2025/Glyph2025/d55/d55_19.jpg,D55,False,-1,-1,26
/kaggle/input/datasets/maryemmahmood/glyph2025/Glyph2025/n35/n35_529.png,N35,False,-1,-1,94
/kaggle/input/datasets/maryemmahmood/glyph2025/Glyph2025/m23/m23_91.png,M23,False,-1,-1,78
/kaggle/input/datasets/maryemmahmood/glyph2025/Glyph2025/g17/410296_g17.png,G17,True,41,296,51
/kaggle/input/datasets/maryemmahmood/glyph2025/Glyph2025/d21/410138_d21.png,D21,True,41,138,14
/kaggle/input/datasets/maryemmahmood/glyph2025/Glyph2025/v10/v10_12.png,V10,False,-1,-1,139
/kaggle/input/datasets/maryemmahmood/glyph2025/Glyph2025/x1/390071_x1.png,X1,True,39,71,160
/kaggle/input/datasets/maryemmahmood/glyph2025/Glyph2025/z1/z1_33.png,Z1,False,-1,-1,168
/kaggle/input/datasets/maryemmahmood/glyph2025/Glyph2025/o34/o34_7.png,O34,False,-1,-1,103
/kaggle/input/datasets/maryemmahmood/glyph2025/Glyph2025/m23/m23_117.png,M23,False,-1,-1,78
/kaggle/input/datasets/maryemmahmood/glyph2025/Glyph2025/a40/a40_47.jpg,A40,False,-1,-1,6
/kaggle/input/datasets/maryemmahmood/glyph2025/Glyph2025/n14/n14_19.png,N14,False,-1,-1,84
/kaggle/input/datasets/maryemmahmood/glyph2025/Glyph2025/g17/030373_g17.png,G17,True,3,373,51
/kaggle/input/datasets/maryemmahmood/glyph2025/Glyph2025/n35/n35_375.png,N35,False,-1,-1,94
/kaggle/input/datasets/maryemmahmood/glyph2025/Glyph2025/d2/d2_31.jpg,D2,False,-1,-1,13
/kaggle/input/datasets/maryemmahmood/glyph2025/Glyph2025/m12/m12_17.png,M12,False,-1,-1,71
/kaggle/input/datasets/maryemmahmood/glyph2025/Glyph2025/d4/d4_81.jpg,D4,False,-1,-1,20
/kaggle/input/datasets/maryemmahmood/glyph2025/Glyph2025/f35/f35_97.png,F35,False,-1,-1,46
/kaggle/input/datasets/maryemmahmood/glyph2025/Glyph2025/aa15/aa15_93.png,AA15,False,-1,-1,10
/kaggle/input/datasets/maryemmahmood/glyph2025/Glyph2025/g17/g17_95.jpg,G17,False,-1,-1,51
/kaggle/input/datasets/maryemmahmood/glyph2025/Glyph2025/aa13/aa13_8.png,AA13,False,-1,-1,9
/kaggle/input/datasets/maryemmahmood/glyph2025/Glyph2025/m17/m17_282.png,M17,False,-1,-1,73
/kaggle/input/datasets/maryemmahmood/glyph2025/Glyph2025/d2/d2_85.png,D2,False,-1,-1,13
/kaggle/input/datasets/maryemmahmood/glyph2025/Glyph2025/m17/m17_475.jpg,M17,False,-1,-1,73
/kaggle/input/datasets/maryemmahmood/glyph2025/Glyph2025/n37/210048_n37.png,N37,True,21,48,96
/kaggle/input/datasets/maryemmahmood/glyph2025/Glyph2025/u23/u23_18.png,U23,False,-1,-1,134
/kaggle/input/datasets/maryemmahmood/glyph2025/Glyph2025/d55/d55_5.png,D55,False,-1,-1,26
/kaggle/input/datasets/maryemmahmood/glyph2025/Glyph2025/d35/230280_d35.png,D35,True,23,280,16
/kaggle/input/datasets/maryemmahmood/glyph2025/Glyph2025/n35/n35_526.jpg,N35,False,-1,-1,94
/kaggle/input/datasets/maryemmahmood/glyph2025/Glyph2025/v31/v31_127.jpg,V31,False,-1,-1,145
/kaggle/input/datasets/maryemmahmood/glyph2025/Glyph2025/d2/d2_33.png,D2,False,-1,-1,13
/kaggle/input/datasets/maryemmahmood/glyph2025/Glyph2025/d60/d60_1.jpg,D60,False,-1,-1,29
/kaggle/input/datasets/maryemmahmood/glyph2025/Glyph2025/d36/d36_37.jpg,D36,False,-1,-1,17
/kaggle/input/datasets/maryemmahmood/glyph2025/Glyph2025/r14/r14_24.png,R14,False,-1,-1,115
/kaggle/input/datasets/maryemmahmood/glyph2025/Glyph2025/n35/200365_n35.png,N35,True,20,365,94
/kaggle/input/datasets/maryemmahmood/glyph2025/Glyph2025/m17/030389_m17.png,M17,True,3,389,73
/kaggle/input/datasets/maryemmahmood/glyph2025/Glyph2025/d2/090297_d2.png,D2,True,9,297,13
/kaggle/input/datasets/maryemmahmood/glyph2025/Glyph2025/l2/l2_16.png,L2,False,-1,-1,70
/kaggle/input/datasets/maryemmahmood/glyph2025/Glyph2025/f32/f32_1.png,F32,False,-1,-1,44
/kaggle/input/datasets/maryemmahmood/glyph2025/Glyph2025/v13/v13_5.jpg,V13,False,-1,-1,140
/kaggle/input/datasets/maryemmahmood/glyph2025/Glyph2025/s29/220190_s29.png,S29,True,22,190,124
/kaggle/input/datasets/maryemmahmood/glyph2025/Glyph2025/g37/g37_5.png,G37,False,-1,-1,55
/kaggle/input/datasets/maryemmahmood/glyph2025/Glyph2025/d36/220162_d36.png,D36,True,22,162,17
/kaggle/input/datasets/maryemmahmood/glyph2025/Glyph2025/f31/f31_31.jpg,F31,False,-1,-1,43
/kaggle/input/datasets/maryemmahmood/glyph2025/Glyph2025/y4/y4_14.png,Y4,False,-1,-1,166
/kaggle/input/datasets/maryemmahmood/glyph2025/Glyph2025/w19/w19_25.png,W19,False,-1,-1,154
/kaggle/input/datasets/maryemmahmood/glyph2025/Glyph2025/n35/230133_n35.png,N35,True,23,133,94
/kaggle/input/datasets/maryemmahmood/glyph2025/Glyph2025/z1/z1_41.png,Z1,False,-1,-1,168
/kaggle/input/datasets/maryemmahmood/glyph2025/Glyph2025/q3/q3_113.png,Q3,False,-1,-1,113
/kaggle/input/datasets/maryemmahmood/glyph2025/Glyph2025/f32/f32_20.jpg,F32,False,-1,-1,44
/kaggle/input/datasets/maryemmahmood/glyph2025/Glyph2025/v28/v28_70.jpg,V28,False,-1,-1,142
/kaggle/input/datasets/maryemmahmood/glyph2025/Glyph2025/d58/d58_78.png,D58,False,-1,-1,28
/kaggle/input/datasets/maryemmahmood/glyph2025/Glyph2025/f35/f35_52.png,F35,False,-1,-1,46
/kaggle/input/datasets/maryemmahmood/glyph2025/Glyph2025/r4/r4_109.png,R4,False,-1,-1,116
/kaggle/input/datasets/maryemmahmood/glyph2025/Glyph2025/a1/a1_71.jpg,A1,False,-1,-1,0
/kaggle/input/datasets/maryemmahmood/glyph2025/Glyph2025/s21/s21_49.png,S21,False,-1,-1,120
/kaggle/input/datasets/maryemmahmood/glyph2025/Glyph2025/u1/u1_21.jpg,U1,False,-1,-1,132
/kaggle/input/datasets/maryemmahmood/glyph2025/Glyph2025/s29/410167_s29.png,S29,True,41,167,124
/kaggle/input/datasets/maryemmahmood/glyph2025/Glyph2025/x1/x1_409.png,X1,False,-1,-1,160
/kaggle/input/datasets/maryemmahmood/glyph2025/Glyph2025/s29/s29_183.png,S29,False,-1,-1,124
/kaggle/input/datasets/maryemmahmood/glyph2025/Glyph2025/g5/390099_g5.png,G5,True,39,99,61
/kaggle/input/datasets/maryemmahmood/glyph2025/Glyph2025/q3/230080_q3.png,Q3,True,23,80,113
/kaggle/input/datasets/maryemmahmood/glyph2025/Glyph2025/n25/n25_33.png,N25,False,-1,-1,88
/kaggle/input/datasets/maryemmahmood/glyph2025/Glyph2025/r11/r11_6.png,R11,False,-1,-1,114
/kaggle/input/datasets/maryemmahmood/glyph2025/Glyph2025/d36/200036_d36.png,D36,True,20,36,17
/kaggle/input/datasets/maryemmahmood/glyph2025/Glyph2025/n33/n33_98.png,N33,False,-1,-1,92
/kaggle/input/datasets/maryemmahmood/glyph2025/Glyph2025/f39/f39_14.jpg,F39,False,-1,-1,47
/kaggle/input/datasets/maryemmahmood/glyph2025/Glyph2025/d54/d54_14.png,D54,False,-1,-1,25
/kaggle/input/datasets/maryemmahmood/glyph2025/Glyph2025/o34/230024_o34.png,O34,True,23,24,103
/kaggle/input/datasets/maryemmahmood/glyph2025/Glyph2025/a42/a42_8.png,A42,False,-1,-1,7
/kaggle/input/datasets/maryemmahmood/glyph2025/Glyph2025/p1/220115_p1.png,P1,True,22,115,108
/kaggle/input/datasets/maryemmahmood/glyph2025/Glyph2025/o50/230374_o50.png,O50,True,23,374,106
/kaggle/input/datasets/maryemmahmood/glyph2025/Glyph2025/d60/050039_d60.png,D60,True,5,39,29
/kaggle/input/datasets/maryemmahmood/glyph2025/Glyph2025/g17/230352_g17.png,G17,True,23,352,51
/kaggle/input/datasets/maryemmahmood/glyph2025/Glyph2025/n25/n25_28.png,N25,False,-1,-1,88
/kaggle/input/datasets/maryemmahmood/glyph2025/Glyph2025/n33/n33_41.png,N33,False,-1,-1,92
/kaggle/input/datasets/maryemmahmood/glyph2025/Glyph2025/n33/n33_176.png,N33,False,-1,-1,92
/kaggle/input/datasets/maryemmahmood/glyph2025/Glyph2025/g38/g38_23.png,G38,False,-1,-1,56
/kaggle/input/datasets/maryemmahmood/glyph2025/Glyph2025/v28/v28_20.jpg,V28,False,-1,-1,142
/kaggle/input/datasets/maryemmahmood/glyph2025/Glyph2025/a1/a1_116.png,A1,False,-1,-1,0
/kaggle/input/datasets/maryemmahmood/glyph2025/Glyph2025/g43/g43_53.jpg,G43,False,-1,-1,60
/kaggle/input/datasets/maryemmahmood/glyph2025/Glyph2025/v4/030392_v4.png,V4,True,3,392,146
/kaggle/input/datasets/maryemmahmood/glyph2025/Glyph2025/d54/410024_d54.png,D54,True,41,24,25
/kaggle/input/datasets/maryemmahmood/glyph2025/Glyph2025/r8/r8_6.png,R8,False,-1,-1,118
/kaggle/input/datasets/maryemmahmood/glyph2025/Glyph2025/x8/x8_38.png,X8,False,-1,-1,162
/kaggle/input/datasets/maryemmahmood/glyph2025/Glyph2025/g17/200376_g17.png,G17,True,20,376,51
/kaggle/input/datasets/maryemmahmood/glyph2025/Glyph2025/d2/d2_24.png,D2,False,-1,-1,13
/kaggle/input/datasets/maryemmahmood/glyph2025/Glyph2025/x1/x1_36.jpg,X1,False,-1,-1,160
/kaggle/input/datasets/maryemmahmood/glyph2025/Glyph2025/v31/210193_v31.png,V31,True,21,193,145
/kaggle/input/datasets/maryemmahmood/glyph2025/Glyph2025/m17/390390_m17.png,M17,True,39,390,73
/kaggle/input/datasets/maryemmahmood/glyph2025/Glyph2025/n37/090352_n37.png,N37,True,9,352,96
/kaggle/input/datasets/maryemmahmood/glyph2025/Glyph2025/f39/f39_20.png,F39,False,-1,-1,47
/kaggle/input/datasets/maryemmahmood/glyph2025/Glyph2025/d2/220202_d2.png,D2,True,22,202,13
/kaggle/input/datasets/maryemmahmood/glyph2025/Glyph2025/n33/n33_74.jpg,N33,False,-1,-1,92
/kaggle/input/datasets/maryemmahmood/glyph2025/Glyph2025/d2/d2_29.jpg,D2,False,-1,-1,13
/kaggle/input/datasets/maryemmahmood/glyph2025/Glyph2025/g17/210119_g17.png,G17,True,21,119,51
/kaggle/input/datasets/maryemmahmood/glyph2025/Glyph2025/y5/y5_21.png,Y5,False,-1,-1,167
/kaggle/input/datasets/maryemmahmood/glyph2025/Glyph2025/n25/n25_25.png,N25,False,-1,-1,88
/kaggle/input/datasets/maryemmahmood/glyph2025/Glyph2025/d2/d2_80.jpg,D2,False,-1,-1,13
/kaggle/input/datasets/maryemmahmood/glyph2025/Glyph2025/v13/030444_v13.png,V13,True,3,444,140
/kaggle/input/datasets/maryemmahmood/glyph2025/Glyph2025/q3/q3_102.png,Q3,False,-1,-1,113
/kaggle/input/datasets/maryemmahmood/glyph2025/Glyph2025/n35/230329_n35.png,N35,True,23,329,94
/kaggle/input/datasets/maryemmahmood/glyph2025/Glyph2025/m17/210291_m17.png,M17,True,21,291,73
/kaggle/input/datasets/maryemmahmood/glyph2025/Glyph2025/v28/v28_165.png,V28,False,-1,-1,142
/kaggle/input/datasets/maryemmahmood/glyph2025/Glyph2025/x1/x1_293.png,X1,False,-1,-1,160
/kaggle/input/datasets/maryemmahmood/glyph2025/Glyph2025/h6/h6_22.png,H6,False,-1,-1,63
/kaggle/input/datasets/maryemmahmood/glyph2025/Glyph2025/m16/m16_4.png,M16,False,-1,-1,72
/kaggle/input/datasets/maryemmahmood/glyph2025/Glyph2025/v6/v6_4.png,V6,False,-1,-1,147
/kaggle/input/datasets/maryemmahmood/glyph2025/Glyph2025/d56/d56_5.png,D56,False,-1,-1,27
/kaggle/input/datasets/maryemmahmood/glyph2025/Glyph2025/s29/s29_87.png,S29,False,-1,-1,124
/kaggle/input/datasets/maryemmahmood/glyph2025/Glyph2025/d55/d55_13.jpg,D55,False,-1,-1,26
/kaggle/input/datasets/maryemmahmood/glyph2025/Glyph2025/i9/i9_206.png,I9,False,-1,-1,68
/kaggle/input/datasets/maryemmahmood/glyph2025/Glyph2025/y1/y1_60.png,Y1,False,-1,-1,163
/kaggle/input/datasets/maryemmahmood/glyph2025/Glyph2025/u15/390375_u15.png,U15,True,39,375,133
/kaggle/input/datasets/maryemmahmood/glyph2025/Glyph2025/s29/s29_192.jpg,S29,False,-1,-1,124
/kaggle/input/datasets/maryemmahmood/glyph2025/Glyph2025/n1/050360_n1.png,N1,True,5,360,83
/kaggle/input/datasets/maryemmahmood/glyph2025/Glyph2025/y1/y1_129.jpg,Y1,False,-1,-1,163
/kaggle/input/datasets/maryemmahmood/glyph2025/Glyph2025/v4/410035_v4.png,V4,True,41,35,146
/kaggle/input/datasets/maryemmahmood/glyph2025/Glyph2025/m23/m23_59.png,M23,False,-1,-1,78
/kaggle/input/datasets/maryemmahmood/glyph2025/Glyph2025/x1/050243_x1.png,X1,True,5,243,160
/kaggle/input/datasets/maryemmahmood/glyph2025/Glyph2025/w25/w25_24.png,W25,False,-1,-1,158
/kaggle/input/datasets/maryemmahmood/glyph2025/Glyph2025/d28/d28_50.png,D28,False,-1,-1,15
/kaggle/input/datasets/maryemmahmood/glyph2025/Glyph2025/o1/o1_16.png,O1,False,-1,-1,100
/kaggle/input/datasets/maryemmahmood/glyph2025/Glyph2025/s29/410135_s29.png,S29,True,41,135,124
/kaggle/input/datasets/maryemmahmood/glyph2025/Glyph2025/n35/n35_109.png,N35,False,-1,-1,94
/kaggle/input/datasets/maryemmahmood/glyph2025/Glyph2025/s29/090325_s29.png,S29,True,9,325,124
/kaggle/input/datasets/maryemmahmood/glyph2025/Glyph2025/l1/l1_8.png,L1,False,-1,-1,69
/kaggle/input/datasets/maryemmahmood/glyph2025/Glyph2025/x1/200312_x1.png,X1,True,20,312,160
/kaggle/input/datasets/maryemmahmood/glyph2025/Glyph2025/d21/d21_51.png,D21,False,-1,-1,14
/kaggle/input/datasets/maryemmahmood/glyph2025/Glyph2025/z11/z11_13.png,Z11,False,-1,-1,169
/kaggle/input/datasets/maryemmahmood/glyph2025/Glyph2025/g17/g17_23.png,G17,False,-1,-1,51
/kaggle/input/datasets/maryemmahmood/glyph2025/Glyph2025/m17/m17_419.png,M17,False,-1,-1,73
/kaggle/input/datasets/maryemmahmood/glyph2025/Glyph2025/m17/m17_212.jpg,M17,False,-1,-1,73
/kaggle/input/datasets/maryemmahmood/glyph2025/Glyph2025/w19/w19_11.png,W19,False,-1,-1,154
/kaggle/input/datasets/maryemmahmood/glyph2025/Glyph2025/d45/d45_23.png,D45,False,-1,-1,22
/kaggle/input/datasets/maryemmahmood/glyph2025/Glyph2025/x1/x1_76.jpg,X1,False,-1,-1,160
/kaggle/input/datasets/maryemmahmood/glyph2025/Glyph2025/x1/x1_127.png,X1,False,-1,-1,160
/kaggle/input/datasets/maryemmahmood/glyph2025/Glyph2025/r8/r8_13.png,R8,False,-1,-1,118
/kaggle/input/datasets/maryemmahmood/glyph2025/Glyph2025/s21/s21_29.png,S21,False,-1,-1,120
/kaggle/input/datasets/maryemmahmood/glyph2025/Glyph2025/h6/h6_27.png,H6,False,-1,-1,63
/kaggle/input/datasets/maryemmahmood/glyph2025/Glyph2025/s28/s28_6.jpg,S28,False,-1,-1,123
/kaggle/input/datasets/maryemmahmood/glyph2025/Glyph2025/i9/i9_106.png,I9,False,-1,-1,68
/kaggle/input/datasets/maryemmahmood/glyph2025/Glyph2025/p3/p3_5.jpg,P3,False,-1,-1,109
/kaggle/input/datasets/maryemmahmood/glyph2025/Glyph2025/g25/410129_g25.png,G25,True,41,129,52
/kaggle/input/datasets/maryemmahmood/glyph2025/Glyph2025/d28/d28_27.png,D28,False,-1,-1,15
/kaggle/input/datasets/maryemmahmood/glyph2025/Glyph2025/i9/i9_48.png,I9,False,-1,-1,68
/kaggle/input/datasets/maryemmahmood/glyph2025/Glyph2025/d4/d4_221.jpg,D4,False,-1,-1,20
/kaggle/input/datasets/maryemmahmood/glyph2025/Glyph2025/s29/s29_199.png,S29,False,-1,-1,124
/kaggle/input/datasets/maryemmahmood/glyph2025/Glyph2025/s29/s29_168.png,S29,False,-1,-1,124
/kaggle/input/datasets/maryemmahmood/glyph2025/Glyph2025/g36/g36_23.jpg,G36,False,-1,-1,54
/kaggle/input/datasets/maryemmahmood/glyph2025/Glyph2025/m12/m12_8.png,M12,False,-1,-1,71
/kaggle/input/datasets/maryemmahmood/glyph2025/Glyph2025/d21/d21_130.png,D21,False,-1,-1,14
/kaggle/input/datasets/maryemmahmood/glyph2025/Glyph2025/r8/r8_113.png,R8,False,-1,-1,118
/kaggle/input/datasets/maryemmahmood/glyph2025/Glyph2025/a1/a1_137.jpg,A1,False,-1,-1,0
/kaggle/input/datasets/maryemmahmood/glyph2025/Glyph2025/f31/f31_60.png,F31,False,-1,-1,43
/kaggle/input/datasets/maryemmahmood/glyph2025/Glyph2025/v13/v13_53.png,V13,False,-1,-1,140
/kaggle/input/datasets/maryemmahmood/glyph2025/Glyph2025/q1/q1_135.png,Q1,False,-1,-1,111
/kaggle/input/datasets/maryemmahmood/glyph2025/Glyph2025/g39/410010_g39.png,G39,True,41,10,57
/kaggle/input/datasets/maryemmahmood/glyph2025/Glyph2025/x8/x8_147.png,X8,False,-1,-1,162
/kaggle/input/datasets/maryemmahmood/glyph2025/Glyph2025/aa15/aa15_38.png,AA15,False,-1,-1,10
/kaggle/input/datasets/maryemmahmood/glyph2025/Glyph2025/x1/090155_x1.png,X1,True,9,155,160
/kaggle/input/datasets/maryemmahmood/glyph2025/Glyph2025/s29/s29_43.png,S29,False,-1,-1,124
/kaggle/input/datasets/maryemmahmood/glyph2025/Glyph2025/m17/m17_464.png,M17,False,-1,-1,73
/kaggle/input/datasets/maryemmahmood/glyph2025/Glyph2025/x1/230071_x1.png,X1,True,23,71,160
/kaggle/input/datasets/maryemmahmood/glyph2025/Glyph2025/s21/s21_17.png,S21,False,-1,-1,120
/kaggle/input/datasets/maryemmahmood/glyph2025/Glyph2025/n35/200274_n35.png,N35,True,20,274,94
/kaggle/input/datasets/maryemmahmood/glyph2025/Glyph2025/d58/d58_66.png,D58,False,-1,-1,28
/kaggle/input/datasets/maryemmahmood/glyph2025/Glyph2025/q3/050226_q3.png,Q3,True,5,226,113
/kaggle/input/datasets/maryemmahmood/glyph2025/Glyph2025/m17/200360_m17.png,M17,True,20,360,73
/kaggle/input/datasets/maryemmahmood/glyph2025/Glyph2025/d2/d2_77.png,D2,False,-1,-1,13
/kaggle/input/datasets/maryemmahmood/glyph2025/Glyph2025/a40/a40_5.png,A40,False,-1,-1,6
/kaggle/input/datasets/maryemmahmood/glyph2025/Glyph2025/x8/x8_65.png,X8,False,-1,-1,162
/kaggle/input/datasets/maryemmahmood/glyph2025/Glyph2025/x8/x8_99.png,X8,False,-1,-1,162
/kaggle/input/datasets/maryemmahmood/glyph2025/Glyph2025/m17/220214_m17.png,M17,True,22,214,73
/kaggle/input/datasets/maryemmahmood/glyph2025/Glyph2025/v29/v29_11.png,V29,False,-1,-1,143
/kaggle/input/datasets/maryemmahmood/glyph2025/Glyph2025/a1/a1_96.jpg,A1,False,-1,-1,0
/kaggle/input/datasets/maryemmahmood/glyph2025/Glyph2025/s29/s29_66.png,S29,False,-1,-1,124
/kaggle/input/datasets/maryemmahmood/glyph2025/Glyph2025/f1/f1_64.png,F1,False,-1,-1,37
/kaggle/input/datasets/maryemmahmood/glyph2025/Glyph2025/m17/m17_27.png,M17,False,-1,-1,73
/kaggle/input/datasets/maryemmahmood/glyph2025/Glyph2025/n14/n14_26.png,N14,False,-1,-1,84
/kaggle/input/datasets/maryemmahmood/glyph2025/Glyph2025/d21/220015_d21.png,D21,True,22,15,14
/kaggle/input/datasets/maryemmahmood/glyph2025/Glyph2025/n35/n35_177.png,N35,False,-1,-1,94
/kaggle/input/datasets/maryemmahmood/glyph2025/Glyph2025/w24/w24_31.png,W24,False,-1,-1,157
/kaggle/input/datasets/maryemmahmood/glyph2025/Glyph2025/u7/u7_13.jpg,U7,False,-1,-1,137
/kaggle/input/datasets/maryemmahmood/glyph2025/Glyph2025/o1/o1_117.png,O1,False,-1,-1,100
/kaggle/input/datasets/maryemmahmood/glyph2025/Glyph2025/m17/m17_54.png,M17,False,-1,-1,73
/kaggle/input/datasets/maryemmahmood/glyph2025/Glyph2025/d46/d46_75.jpg,D46,False,-1,-1,23
/kaggle/input/datasets/maryemmahmood/glyph2025/Glyph2025/aa15/aa15_28.png,AA15,False,-1,-1,10
/kaggle/input/datasets/maryemmahmood/glyph2025/Glyph2025/m17/m17_449.png,M17,False,-1,-1,73
/kaggle/input/datasets/maryemmahmood/glyph2025/Glyph2025/r4/r4_77.png,R4,False,-1,-1,116
/kaggle/input/datasets/maryemmahmood/glyph2025/Glyph2025/m17/050294_m17.png,M17,True,5,294,73
/kaggle/input/datasets/maryemmahmood/glyph2025/Glyph2025/n35/n35_472.png,N35,False,-1,-1,94
/kaggle/input/datasets/maryemmahmood/glyph2025/Glyph2025/v1/v1_38.png,V1,False,-1,-1,138
/kaggle/input/datasets/maryemmahmood/glyph2025/Glyph2025/u15/u15_11.jpg,U15,False,-1,-1,133
/kaggle/input/datasets/maryemmahmood/glyph2025/Glyph2025/o1/o1_123.png,O1,False,-1,-1,100
/kaggle/input/datasets/maryemmahmood/glyph2025/Glyph2025/g35/090075_g35.png,G35,True,9,75,53
/kaggle/input/datasets/maryemmahmood/glyph2025/Glyph2025/m17/390241_m17.png,M17,True,39,241,73
/kaggle/input/datasets/maryemmahmood/glyph2025/Glyph2025/o49/o49_31.png,O49,False,-1,-1,105
/kaggle/input/datasets/maryemmahmood/glyph2025/Glyph2025/a1/a1_74.png,A1,False,-1,-1,0
/kaggle/input/datasets/maryemmahmood/glyph2025/Glyph2025/a40/a40_22.jpg,A40,False,-1,-1,6
/kaggle/input/datasets/maryemmahmood/glyph2025/Glyph2025/v13/050323_v13.png,V13,True,5,323,140
/kaggle/input/datasets/maryemmahmood/glyph2025/Glyph2025/a30/a30_7.jpg,A30,False,-1,-1,5
/kaggle/input/datasets/maryemmahmood/glyph2025/Glyph2025/w24/w24_15.jpg,W24,False,-1,-1,157
/kaggle/input/datasets/maryemmahmood/glyph2025/Glyph2025/m16/m16_29.png,M16,False,-1,-1,72
/kaggle/input/datasets/maryemmahmood/glyph2025/Glyph2025/x1/x1_346.png,X1,False,-1,-1,160
/kaggle/input/datasets/maryemmahmood/glyph2025/Glyph2025/d21/d21_313.png,D21,False,-1,-1,14
/kaggle/input/datasets/maryemmahmood/glyph2025/Glyph2025/v31/090360_v31.png,V31,True,9,360,145
/kaggle/input/datasets/maryemmahmood/glyph2025/Glyph2025/a1/a1_110.jpg,A1,False,-1,-1,0
/kaggle/input/datasets/maryemmahmood/glyph2025/Glyph2025/n35/220152_n35.png,N35,True,22,152,94
/kaggle/input/datasets/maryemmahmood/glyph2025/Glyph2025/n35/n35_198.png,N35,False,-1,-1,94
/kaggle/input/datasets/maryemmahmood/glyph2025/Glyph2025/s3/s3_22.png,S3,False,-1,-1,125
/kaggle/input/datasets/maryemmahmood/glyph2025/Glyph2025/n25/n25_5.png,N25,False,-1,-1,88
/kaggle/input/datasets/maryemmahmood/glyph2025/Glyph2025/z9/z9_2.jpg,Z9,False,-1,-1,175
/kaggle/input/datasets/maryemmahmood/glyph2025/Glyph2025/f35/f35_154.jpg,F35,False,-1,-1,46
/kaggle/input/datasets/maryemmahmood/glyph2025/Glyph2025/v31/030458_v31.png,V31,True,3,458,145
/kaggle/input/datasets/maryemmahmood/glyph2025/Glyph2025/u1/u1_12.png,U1,False,-1,-1,132
/kaggle/input/datasets/maryemmahmood/glyph2025/Glyph2025/g35/090277_g35.png,G35,True,9,277,53
/kaggle/input/datasets/maryemmahmood/glyph2025/Glyph2025/m17/050179_m17.png,M17,True,5,179,73
/kaggle/input/datasets/maryemmahmood/glyph2025/Glyph2025/d4/d4_219.png,D4,False,-1,-1,20
/kaggle/input/datasets/maryemmahmood/glyph2025/Glyph2025/a2/a2_16.jpg,A2,False,-1,-1,3
/kaggle/input/datasets/maryemmahmood/glyph2025/Glyph2025/g17/230245_g17.png,G17,True,23,245,51
/kaggle/input/datasets/maryemmahmood/glyph2025/Glyph2025/o1/o1_52.jpg,O1,False,-1,-1,100
/kaggle/input/datasets/maryemmahmood/glyph2025/Glyph2025/n35/n35_211.png,N35,False,-1,-1,94
/kaggle/input/datasets/maryemmahmood/glyph2025/Glyph2025/f35/f35_85.png,F35,False,-1,-1,46
/kaggle/input/datasets/maryemmahmood/glyph2025/Glyph2025/y1/y1_68.png,Y1,False,-1,-1,163
/kaggle/input/datasets/maryemmahmood/glyph2025/Glyph2025/e34/090176_e34.png,E34,True,9,176,34
/kaggle/input/datasets/maryemmahmood/glyph2025/Glyph2025/y1/y1_37.png,Y1,False,-1,-1,163
/kaggle/input/datasets/maryemmahmood/glyph2025/Glyph2025/x1/220183_x1.png,X1,True,22,183,160
/kaggle/input/datasets/maryemmahmood/glyph2025/Glyph2025/w14/w14_6.jpg,W14,False,-1,-1,150
/kaggle/input/datasets/maryemmahmood/glyph2025/Glyph2025/m12/m12_74.png,M12,False,-1,-1,71
/kaggle/input/datasets/maryemmahmood/glyph2025/Glyph2025/q1/q1_147.png,Q1,False,-1,-1,111
/kaggle/input/datasets/maryemmahmood/glyph2025/Glyph2025/x1/x1_92.jpg,X1,False,-1,-1,160
/kaggle/input/datasets/maryemmahmood/glyph2025/Glyph2025/d35/390168_d35.png,D35,True,39,168,16
/kaggle/input/datasets/maryemmahmood/glyph2025/Glyph2025/d21/d21_152.png,D21,False,-1,-1,14
/kaggle/input/datasets/maryemmahmood/glyph2025/Glyph2025/d28/d28_63.png,D28,False,-1,-1,15
/kaggle/input/datasets/maryemmahmood/glyph2025/Glyph2025/o50/410365_o50.png,O50,True,41,365,106
/kaggle/input/datasets/maryemmahmood/glyph2025/Glyph2025/y5/y5_10.png,Y5,False,-1,-1,167
/kaggle/input/datasets/maryemmahmood/glyph2025/Glyph2025/e34/410140_e34.png,E34,True,41,140,34
/kaggle/input/datasets/maryemmahmood/glyph2025/Glyph2025/m17/090191_m17.png,M17,True,9,191,73
/kaggle/input/datasets/maryemmahmood/glyph2025/Glyph2025/h1/h1_31.jpg,H1,False,-1,-1,62
/kaggle/input/datasets/maryemmahmood/glyph2025/Glyph2025/v30/v30_216.png,V30,False,-1,-1,144
/kaggle/input/datasets/maryemmahmood/glyph2025/Glyph2025/v30/v30_263.jpg,V30,False,-1,-1,144
/kaggle/input/datasets/maryemmahmood/glyph2025/Glyph2025/d58/d58_34.png,D58,False,-1,-1,28
/kaggle/input/datasets/maryemmahmood/glyph2025/Glyph2025/n35/390238_n35.png,N35,True,39,238,94
/kaggle/input/datasets/maryemmahmood/glyph2025/Glyph2025/g5/230094_g5.png,G5,True,23,94,61
/kaggle/input/datasets/maryemmahmood/glyph2025/Glyph2025/r11/r11_29.png,R11,False,-1,-1,114
/kaggle/input/datasets/maryemmahmood/glyph2025/Glyph2025/m17/m17_380.png,M17,False,-1,-1,73
/kaggle/input/datasets/maryemmahmood/glyph2025/Glyph2025/n35/n35_134.png,N35,False,-1,-1,94
/kaggle/input/datasets/maryemmahmood/glyph2025/Glyph2025/n29/050171_n29.png,N29,True,5,171,90
/kaggle/input/datasets/maryemmahmood/glyph2025/Glyph2025/n35/n35_358.png,N35,False,-1,-1,94
/kaggle/input/datasets/maryemmahmood/glyph2025/Glyph2025/i9/220242_i9.png,I9,True,22,242,68
/kaggle/input/datasets/maryemmahmood/glyph2025/Glyph2025/m17/m17_471.png,M17,False,-1,-1,73
/kaggle/input/datasets/maryemmahmood/glyph2025/Glyph2025/n35/n35_356.png,N35,False,-1,-1,94
/kaggle/input/datasets/maryemmahmood/glyph2025/Glyph2025/d21/200004_d21.png,D21,True,20,4,14
/kaggle/input/datasets/maryemmahmood/glyph2025/Glyph2025/f31/f31_36.png,F31,False,-1,-1,43
/kaggle/input/datasets/maryemmahmood/glyph2025/Glyph2025/n5/390280_n5.png,N5,True,39,280,98
/kaggle/input/datasets/maryemmahmood/glyph2025/Glyph2025/m17/030018_m17.png,M17,True,3,18,73
/kaggle/input/datasets/maryemmahmood/glyph2025/Glyph2025/x1/x1_225.png,X1,False,-1,-1,160
/kaggle/input/datasets/maryemmahmood/glyph2025/Glyph2025/m17/m17_279.jpg,M17,False,-1,-1,73
/kaggle/input/datasets/maryemmahmood/glyph2025/Glyph2025/m2/m2_16.png,M2,False,-1,-1,75
/kaggle/input/datasets/maryemmahmood/glyph2025/Glyph2025/x1/200144_x1.png,X1,True,20,144,160
/kaggle/input/datasets/maryemmahmood/glyph2025/Glyph2025/r4/r4_112.png,R4,False,-1,-1,116
/kaggle/input/datasets/maryemmahmood/glyph2025/Glyph2025/x8/x8_114.png,X8,False,-1,-1,162
/kaggle/input/datasets/maryemmahmood/glyph2025/Glyph2025/d4/200378_d4.png,D4,True,20,378,20
/kaggle/input/datasets/maryemmahmood/glyph2025/Glyph2025/x1/050142_x1.png,X1,True,5,142,160
/kaggle/input/datasets/maryemmahmood/glyph2025/Glyph2025/f35/f35_19.png,F35,False,-1,-1,46
/kaggle/input/datasets/maryemmahmood/glyph2025/Glyph2025/o50/410066_o50.png,O50,True,41,66,106
/kaggle/input/datasets/maryemmahmood/glyph2025/Glyph2025/v30/v30_60.png,V30,False,-1,-1,144
/kaggle/input/datasets/maryemmahmood/glyph2025/Glyph2025/i9/i9_130.jpg,I9,False,-1,-1,68
/kaggle/input/datasets/maryemmahmood/glyph2025/Glyph2025/n16/n16_3.jpg,N16,False,-1,-1,85
/kaggle/input/datasets/maryemmahmood/glyph2025/Glyph2025/d2/d2_67.png,D2,False,-1,-1,13
/kaggle/input/datasets/maryemmahmood/glyph2025/Glyph2025/m17/m17_79.png,M17,False,-1,-1,73
/kaggle/input/datasets/maryemmahmood/glyph2025/Glyph2025/n33/n33_145.png,N33,False,-1,-1,92
/kaggle/input/datasets/maryemmahmood/glyph2025/Glyph2025/f1/f1_57.png,F1,False,-1,-1,37
/kaggle/input/datasets/maryemmahmood/glyph2025/Glyph2025/m16/m16_17.png,M16,False,-1,-1,72
/kaggle/input/datasets/maryemmahmood/glyph2025/Glyph2025/d45/d45_19.png,D45,False,-1,-1,22
/kaggle/input/datasets/maryemmahmood/glyph2025/Glyph2025/v28/390222_v28.png,V28,True,39,222,142
/kaggle/input/datasets/maryemmahmood/glyph2025/Glyph2025/v31/v31_100.png,V31,False,-1,-1,145
/kaggle/input/datasets/maryemmahmood/glyph2025/Glyph2025/f18/f18_7.jpg,F18,False,-1,-1,40
/kaggle/input/datasets/maryemmahmood/glyph2025/Glyph2025/d4/d4_202.png,D4,False,-1,-1,20
/kaggle/input/datasets/maryemmahmood/glyph2025/Glyph2025/a1/a1_136.jpg,A1,False,-1,-1,0
/kaggle/input/datasets/maryemmahmood/glyph2025/Glyph2025/m12/m12_27.png,M12,False,-1,-1,71
/kaggle/input/datasets/maryemmahmood/glyph2025/Glyph2025/n31/200062_n31.png,N31,True,20,62,91
/kaggle/input/datasets/maryemmahmood/glyph2025/Glyph2025/x1/x1_74.jpg,X1,False,-1,-1,160
/kaggle/input/datasets/maryemmahmood/glyph2025/Glyph2025/h6/h6_28.png,H6,False,-1,-1,63
/kaggle/input/datasets/maryemmahmood/glyph2025/Glyph2025/m17/m17_465.png,M17,False,-1,-1,73
/kaggle/input/datasets/maryemmahmood/glyph2025/Glyph2025/x1/390376_x1.png,X1,True,39,376,160
/kaggle/input/datasets/maryemmahmood/glyph2025/Glyph2025/d28/d28_65.png,D28,False,-1,-1,15
/kaggle/input/datasets/maryemmahmood/glyph2025/Glyph2025/r8/r8_12.png,R8,False,-1,-1,118
/kaggle/input/datasets/maryemmahmood/glyph2025/Glyph2025/v30/v30_69.png,V30,False,-1,-1,144
/kaggle/input/datasets/maryemmahmood/glyph2025/Glyph2025/y1/y1_82.png,Y1,False,-1,-1,163
/kaggle/input/datasets/maryemmahmood/glyph2025/Glyph2025/d21/d21_47.png,D21,False,-1,-1,14
/kaggle/input/datasets/maryemmahmood/glyph2025/Glyph2025/v13/220265_v13.png,V13,True,22,265,140
/kaggle/input/datasets/maryemmahmood/glyph2025/Glyph2025/x1/x1_338.png,X1,False,-1,-1,160
/kaggle/input/datasets/maryemmahmood/glyph2025/Glyph2025/d21/d21_135.jpg,D21,False,-1,-1,14
/kaggle/input/datasets/maryemmahmood/glyph2025/Glyph2025/y4/y4_26.png,Y4,False,-1,-1,166
/kaggle/input/datasets/maryemmahmood/glyph2025/Glyph2025/m17/210174_m17.png,M17,True,21,174,73
/kaggle/input/datasets/maryemmahmood/glyph2025/Glyph2025/l2/l2_13.png,L2,False,-1,-1,70
/kaggle/input/datasets/maryemmahmood/glyph2025/Glyph2025/v28/220357_v28.png,V28,True,22,357,142
/kaggle/input/datasets/maryemmahmood/glyph2025/Glyph2025/q1/q1_148.png,Q1,False,-1,-1,111
/kaggle/input/datasets/maryemmahmood/glyph2025/Glyph2025/s29/210116_s29.png,S29,True,21,116,124
/kaggle/input/datasets/maryemmahmood/glyph2025/Glyph2025/n35/n35_532.png,N35,False,-1,-1,94
/kaggle/input/datasets/maryemmahmood/glyph2025/Glyph2025/o4/210216_o4.png,O4,True,21,216,104
/kaggle/input/datasets/maryemmahmood/glyph2025/Glyph2025/e10/e10_3.jpg,E10,False,-1,-1,31
/kaggle/input/datasets/maryemmahmood/glyph2025/Glyph2025/f35/f35_25.png,F35,False,-1,-1,46
/kaggle/input/datasets/maryemmahmood/glyph2025/Glyph2025/d28/d28_62.png,D28,False,-1,-1,15
/kaggle/input/datasets/maryemmahmood/glyph2025/Glyph2025/d21/d21_346.png,D21,False,-1,-1,14
/kaggle/input/datasets/maryemmahmood/glyph2025/Glyph2025/d37/d37_3.jpg,D37,False,-1,-1,18
/kaggle/input/datasets/maryemmahmood/glyph2025/Glyph2025/m23/m23_58.png,M23,False,-1,-1,78
/kaggle/input/datasets/maryemmahmood/glyph2025/Glyph2025/x1/x1_173.png,X1,False,-1,-1,160
/kaggle/input/datasets/maryemmahmood/glyph2025/Glyph2025/o1/o1_124.png,O1,False,-1,-1,100
/kaggle/input/datasets/maryemmahmood/glyph2025/Glyph2025/x1/x1_295.png,X1,False,-1,-1,160
/kaggle/input/datasets/maryemmahmood/glyph2025/Glyph2025/o34/o34_64.png,O34,False,-1,-1,103
/kaggle/input/datasets/maryemmahmood/glyph2025/Glyph2025/o50/230312_o50.png,O50,True,23,312,106
/kaggle/input/datasets/maryemmahmood/glyph2025/Glyph2025/d21/d21_98.png,D21,False,-1,-1,14
/kaggle/input/datasets/maryemmahmood/glyph2025/Glyph2025/n35/n35_348.png,N35,False,-1,-1,94
/kaggle/input/datasets/maryemmahmood/glyph2025/Glyph2025/v4/030401_v4.png,V4,True,3,401,146
/kaggle/input/datasets/maryemmahmood/glyph2025/Glyph2025/n35/220413_n35.png,N35,True,22,413,94
/kaggle/input/datasets/maryemmahmood/glyph2025/Glyph2025/q1/q1_42.png,Q1,False,-1,-1,111
/kaggle/input/datasets/maryemmahmood/glyph2025/Glyph2025/a1/a1_24.jpg,A1,False,-1,-1,0
/kaggle/input/datasets/maryemmahmood/glyph2025/Glyph2025/g36/g36_12.jpg,G36,False,-1,-1,54
/kaggle/input/datasets/maryemmahmood/glyph2025/Glyph2025/q3/q3_91.png,Q3,False,-1,-1,113
/kaggle/input/datasets/maryemmahmood/glyph2025/Glyph2025/x8/x8_29.png,X8,False,-1,-1,162
/kaggle/input/datasets/maryemmahmood/glyph2025/Glyph2025/i9/030035_i9.png,I9,True,3,35,68
/kaggle/input/datasets/maryemmahmood/glyph2025/Glyph2025/d28/d28_56.png,D28,False,-1,-1,15
/kaggle/input/datasets/maryemmahmood/glyph2025/Glyph2025/m17/230165_m17.png,M17,True,23,165,73
/kaggle/input/datasets/maryemmahmood/glyph2025/Glyph2025/r4/r4_133.png,R4,False,-1,-1,116
/kaggle/input/datasets/maryemmahmood/glyph2025/Glyph2025/n35/210187_n35.png,N35,True,21,187,94
/kaggle/input/datasets/maryemmahmood/glyph2025/Glyph2025/g4/230092_g4.png,G4,True,23,92,58
/kaggle/input/datasets/maryemmahmood/glyph2025/Glyph2025/n35/n35_223.png,N35,False,-1,-1,94
/kaggle/input/datasets/maryemmahmood/glyph2025/Glyph2025/s40/s40_22.png,S40,False,-1,-1,128
/kaggle/input/datasets/maryemmahmood/glyph2025/Glyph2025/d46/d46_73.png,D46,False,-1,-1,23
/kaggle/input/datasets/maryemmahmood/glyph2025/Glyph2025/b1/b1_8.jpg,B1,False,-1,-1,11
/kaggle/input/datasets/maryemmahmood/glyph2025/Glyph2025/s27/s27_6.png,S27,False,-1,-1,122
/kaggle/input/datasets/maryemmahmood/glyph2025/Glyph2025/g17/g17_71.jpg,G17,False,-1,-1,51
/kaggle/input/datasets/maryemmahmood/glyph2025/Glyph2025/t22/t22_2.png,T22,False,-1,-1,130
/kaggle/input/datasets/maryemmahmood/glyph2025/Glyph2025/g17/050344_g17.png,G17,True,5,344,51
/kaggle/input/datasets/maryemmahmood/glyph2025/Glyph2025/d40/d40_20.png,D40,False,-1,-1,21
/kaggle/input/datasets/maryemmahmood/glyph2025/Glyph2025/g43/g43_110.png,G43,False,-1,-1,60
/kaggle/input/datasets/maryemmahmood/glyph2025/Glyph2025/d21/d21_216.png,D21,False,-1,-1,14
/kaggle/input/datasets/maryemmahmood/glyph2025/Glyph2025/g43/220300_g43.png,G43,True,22,300,60
/kaggle/input/datasets/maryemmahmood/glyph2025/Glyph2025/g43/g43_108.jpg,G43,False,-1,-1,60
/kaggle/input/datasets/maryemmahmood/glyph2025/Glyph2025/v28/030291_v28.png,V28,True,3,291,142
/kaggle/input/datasets/maryemmahmood/glyph2025/Glyph2025/g17/220339_g17.png,G17,True,22,339,51
/kaggle/input/datasets/maryemmahmood/glyph2025/Glyph2025/x1/x1_170.png,X1,False,-1,-1,160
/kaggle/input/datasets/maryemmahmood/glyph2025/Glyph2025/v28/v28_145.png,V28,False,-1,-1,142
/kaggle/input/datasets/maryemmahmood/glyph2025/Glyph2025/m12/m12_42.jpg,M12,False,-1,-1,71
/kaggle/input/datasets/maryemmahmood/glyph2025/Glyph2025/d4/d4_176.png,D4,False,-1,-1,20
/kaggle/input/datasets/maryemmahmood/glyph2025/Glyph2025/r4/r4_119.png,R4,False,-1,-1,116
/kaggle/input/datasets/maryemmahmood/glyph2025/Glyph2025/y5/y5_49.png,Y5,False,-1,-1,167
/kaggle/input/datasets/maryemmahmood/glyph2025/Glyph2025/aa15/aa15_19.png,AA15,False,-1,-1,10
/kaggle/input/datasets/maryemmahmood/glyph2025/Glyph2025/d28/d28_26.jpg,D28,False,-1,-1,15
/kaggle/input/datasets/maryemmahmood/glyph2025/Glyph2025/d37/d37_78.png,D37,False,-1,-1,18
/kaggle/input/datasets/maryemmahmood/glyph2025/Glyph2025/w25/w25_4.png,W25,False,-1,-1,158
/kaggle/input/datasets/maryemmahmood/glyph2025/Glyph2025/v30/v30_223.png,V30,False,-1,-1,144
/kaggle/input/datasets/maryemmahmood/glyph2025/Glyph2025/r4/r4_134.png,R4,False,-1,-1,116
/kaggle/input/datasets/maryemmahmood/glyph2025/Glyph2025/d28/d28_7.png,D28,False,-1,-1,15
/kaggle/input/datasets/maryemmahmood/glyph2025/Glyph2025/d35/050184_d35.png,D35,True,5,184,16
/kaggle/input/datasets/maryemmahmood/glyph2025/Glyph2025/n35/030175_n35.png,N35,True,3,175,94
/kaggle/input/datasets/maryemmahmood/glyph2025/Glyph2025/m16/m16_31.png,M16,False,-1,-1,72
/kaggle/input/datasets/maryemmahmood/glyph2025/Glyph2025/n35/n35_243.png,N35,False,-1,-1,94
/kaggle/input/datasets/maryemmahmood/glyph2025/Glyph2025/v13/v13_28.png,V13,False,-1,-1,140
/kaggle/input/datasets/maryemmahmood/glyph2025/Glyph2025/z11/z11_14.jpg,Z11,False,-1,-1,169
/kaggle/input/datasets/maryemmahmood/glyph2025/Glyph2025/f31/f31_70.png,F31,False,-1,-1,43
/kaggle/input/datasets/maryemmahmood/glyph2025/Glyph2025/d58/d58_111.png,D58,False,-1,-1,28
/kaggle/input/datasets/maryemmahmood/glyph2025/Glyph2025/n42/n42_2.png,N42,False,-1,-1,97
/kaggle/input/datasets/maryemmahmood/glyph2025/Glyph2025/v31/v31_68.png,V31,False,-1,-1,145
/kaggle/input/datasets/maryemmahmood/glyph2025/Glyph2025/d46/220293_d46.png,D46,True,22,293,23
/kaggle/input/datasets/maryemmahmood/glyph2025/Glyph2025/d36/d36_140.png,D36,False,-1,-1,17
/kaggle/input/datasets/maryemmahmood/glyph2025/Glyph2025/e34/030299_e34.png,E34,True,3,299,34
/kaggle/input/datasets/maryemmahmood/glyph2025/Glyph2025/d36/d36_4.png,D36,False,-1,-1,17
/kaggle/input/datasets/maryemmahmood/glyph2025/Glyph2025/d21/390113_d21.png,D21,True,39,113,14
/kaggle/input/datasets/maryemmahmood/glyph2025/Glyph2025/d21/d21_307.jpg,D21,False,-1,-1,14
/kaggle/input/datasets/maryemmahmood/glyph2025/Glyph2025/h1/h1_45.png,H1,False,-1,-1,62
/kaggle/input/datasets/maryemmahmood/glyph2025/Glyph2025/x1/x1_218.png,X1,False,-1,-1,160
/kaggle/input/datasets/maryemmahmood/glyph2025/Glyph2025/o4/220172_o4.png,O4,True,22,172,104
/kaggle/input/datasets/maryemmahmood/glyph2025/Glyph2025/n35/030262_n35.png,N35,True,3,262,94
/kaggle/input/datasets/maryemmahmood/glyph2025/Glyph2025/d37/d37_92.png,D37,False,-1,-1,18
/kaggle/input/datasets/maryemmahmood/glyph2025/Glyph2025/g43/200314_g43.png,G43,True,20,314,60
/kaggle/input/datasets/maryemmahmood/glyph2025/Glyph2025/d21/d21_219.png,D21,False,-1,-1,14
/kaggle/input/datasets/maryemmahmood/glyph2025/Glyph2025/d21/410172_d21.png,D21,True,41,172,14
/kaggle/input/datasets/maryemmahmood/glyph2025/Glyph2025/r8/050301_r8.png,R8,True,5,301,118
/kaggle/input/datasets/maryemmahmood/glyph2025/Glyph2025/s29/200251_s29.png,S29,True,20,251,124
/kaggle/input/datasets/maryemmahmood/glyph2025/Glyph2025/s29/s29_125.png,S29,False,-1,-1,124
/kaggle/input/datasets/maryemmahmood/glyph2025/Glyph2025/m17/m17_44.png,M17,False,-1,-1,73
/kaggle/input/datasets/maryemmahmood/glyph2025/Glyph2025/q3/030357_q3.png,Q3,True,3,357,113
/kaggle/input/datasets/maryemmahmood/glyph2025/Glyph2025/i9/390059_i9.png,I9,True,39,59,68
/kaggle/input/datasets/maryemmahmood/glyph2025/Glyph2025/r8/r8_103.png,R8,False,-1,-1,118
/kaggle/input/datasets/maryemmahmood/glyph2025/Glyph2025/w17/w17_26.png,W17,False,-1,-1,152
/kaggle/input/datasets/maryemmahmood/glyph2025/Glyph2025/f1/f1_20.png,F1,False,-1,-1,37
/kaggle/input/datasets/maryemmahmood/glyph2025/Glyph2025/r8/r8_72.jpg,R8,False,-1,-1,118
/kaggle/input/datasets/maryemmahmood/glyph2025/Glyph2025/m23/m23_72.png,M23,False,-1,-1,78
/kaggle/input/datasets/maryemmahmood/glyph2025/Glyph2025/g17/g17_32.jpg,G17,False,-1,-1,51
/kaggle/input/datasets/maryemmahmood/glyph2025/Glyph2025/v1/v1_25.png,V1,False,-1,-1,138
/kaggle/input/datasets/maryemmahmood/glyph2025/Glyph2025/n35/n35_339.png,N35,False,-1,-1,94
/kaggle/input/datasets/maryemmahmood/glyph2025/Glyph2025/s38/s38_19.png,S38,False,-1,-1,127
/kaggle/input/datasets/maryemmahmood/glyph2025/Glyph2025/d28/d28_57.png,D28,False,-1,-1,15
/kaggle/input/datasets/maryemmahmood/glyph2025/Glyph2025/i9/i9_322.png,I9,False,-1,-1,68
/kaggle/input/datasets/maryemmahmood/glyph2025/Glyph2025/o1/o1_14.png,O1,False,-1,-1,100
/kaggle/input/datasets/maryemmahmood/glyph2025/Glyph2025/q1/q1_114.png,Q1,False,-1,-1,111
/kaggle/input/datasets/maryemmahmood/glyph2025/Glyph2025/s29/050168_s29.png,S29,True,5,168,124
/kaggle/input/datasets/maryemmahmood/glyph2025/Glyph2025/d4/d4_205.png,D4,False,-1,-1,20
/kaggle/input/datasets/maryemmahmood/glyph2025/Glyph2025/g35/090014_g35.png,G35,True,9,14,53
/kaggle/input/datasets/maryemmahmood/glyph2025/Glyph2025/d36/d36_60.jpg,D36,False,-1,-1,17
/kaggle/input/datasets/maryemmahmood/glyph2025/Glyph2025/x1/200362_x1.png,X1,True,20,362,160
/kaggle/input/datasets/maryemmahmood/glyph2025/Glyph2025/o1/o1_32.png,O1,False,-1,-1,100
/kaggle/input/datasets/maryemmahmood/glyph2025/Glyph2025/n35/210339_n35.png,N35,True,21,339,94
/kaggle/input/datasets/maryemmahmood/glyph2025/Glyph2025/m17/210355_m17.png,M17,True,21,355,73
/kaggle/input/datasets/maryemmahmood/glyph2025/Glyph2025/d21/d21_90.png,D21,False,-1,-1,14
/kaggle/input/datasets/maryemmahmood/glyph2025/Glyph2025/s29/s29_114.png,S29,False,-1,-1,124
/kaggle/input/datasets/maryemmahmood/glyph2025/Glyph2025/y5/y5_16.png,Y5,False,-1,-1,167
/kaggle/input/datasets/maryemmahmood/glyph2025/Glyph2025/d36/220089_d36.png,D36,True,22,89,17
/kaggle/input/datasets/maryemmahmood/glyph2025/Glyph2025/g43/050322_g43.png,G43,True,5,322,60
/kaggle/input/datasets/maryemmahmood/glyph2025/Glyph2025/d21/d21_173.jpg,D21,False,-1,-1,14
/kaggle/input/datasets/maryemmahmood/glyph2025/Glyph2025/d36/d36_156.png,D36,False,-1,-1,17
/kaggle/input/datasets/maryemmahmood/glyph2025/Glyph2025/m23/m23_151.png,M23,False,-1,-1,78
/kaggle/input/datasets/maryemmahmood/glyph2025/Glyph2025/n35/n35_226.jpg,N35,False,-1,-1,94
/kaggle/input/datasets/maryemmahmood/glyph2025/Glyph2025/n35/n35_288.png,N35,False,-1,-1,94
/kaggle/input/datasets/maryemmahmood/glyph2025/Glyph2025/m16/m16_27.png,M16,False,-1,-1,72
/kaggle/input/datasets/maryemmahmood/glyph2025/Glyph2025/m17/m17_6.png,M17,False,-1,-1,73
/kaggle/input/datasets/maryemmahmood/glyph2025/Glyph2025/m17/m17_183.png,M17,False,-1,-1,73
/kaggle/input/datasets/maryemmahmood/glyph2025/Glyph2025/n35/n35_123.png,N35,False,-1,-1,94
/kaggle/input/datasets/maryemmahmood/glyph2025/Glyph2025/u7/u7_62.png,U7,False,-1,-1,137
/kaggle/input/datasets/maryemmahmood/glyph2025/Glyph2025/m17/090151_m17.png,M17,True,9,151,73
/kaggle/input/datasets/maryemmahmood/glyph2025/Glyph2025/d21/d21_14.png,D21,False,-1,-1,14
/kaggle/input/datasets/maryemmahmood/glyph2025/Glyph2025/g17/410180_g17.png,G17,True,41,180,51
/kaggle/input/datasets/maryemmahmood/glyph2025/Glyph2025/d37/d37_21.png,D37,False,-1,-1,18
/kaggle/input/datasets/maryemmahmood/glyph2025/Glyph2025/v31/410370_v31.png,V31,True,41,370,145
/kaggle/input/datasets/maryemmahmood/glyph2025/Glyph2025/u7/u7_34.png,U7,False,-1,-1,137
/kaggle/input/datasets/maryemmahmood/glyph2025/Glyph2025/x1/x1_110.jpg,X1,False,-1,-1,160
/kaggle/input/datasets/maryemmahmood/glyph2025/Glyph2025/d4/d4_158.png,D4,False,-1,-1,20
/kaggle/input/datasets/maryemmahmood/glyph2025/Glyph2025/n35/050010_n35.png,N35,True,5,10,94
/kaggle/input/datasets/maryemmahmood/glyph2025/Glyph2025/i9/i9_298.jpg,I9,False,-1,-1,68
/kaggle/input/datasets/maryemmahmood/glyph2025/Glyph2025/v30/v30_158.png,V30,False,-1,-1,144
/kaggle/input/datasets/maryemmahmood/glyph2025/Glyph2025/x1/230189_x1.png,X1,True,23,189,160
/kaggle/input/datasets/maryemmahmood/glyph2025/Glyph2025/f12/f12_11.png,F12,False,-1,-1,38
/kaggle/input/datasets/maryemmahmood/glyph2025/Glyph2025/n33/n33_175.png,N33,False,-1,-1,92
/kaggle/input/datasets/maryemmahmood/glyph2025/Glyph2025/a1/a1_16.jpg,A1,False,-1,-1,0
/kaggle/input/datasets/maryemmahmood/glyph2025/Glyph2025/v28/v28_156.jpg,V28,False,-1,-1,142
/kaggle/input/datasets/maryemmahmood/glyph2025/Glyph2025/x1/x1_186.png,X1,False,-1,-1,160
/kaggle/input/datasets/maryemmahmood/glyph2025/Glyph2025/x8/x8_60.png,X8,False,-1,-1,162
/kaggle/input/datasets/maryemmahmood/glyph2025/Glyph2025/g43/220394_g43.png,G43,True,22,394,60
/kaggle/input/datasets/maryemmahmood/glyph2025/Glyph2025/d21/200301_d21.png,D21,True,20,301,14
/kaggle/input/datasets/maryemmahmood/glyph2025/Glyph2025/o1/o1_77.png,O1,False,-1,-1,100
/kaggle/input/datasets/maryemmahmood/glyph2025/Glyph2025/v28/v28_19.png,V28,False,-1,-1,142
/kaggle/input/datasets/maryemmahmood/glyph2025/Glyph2025/f31/f31_2.png,F31,False,-1,-1,43
/kaggle/input/datasets/maryemmahmood/glyph2025/Glyph2025/d37/d37_17.png,D37,False,-1,-1,18
/kaggle/input/datasets/maryemmahmood/glyph2025/Glyph2025/n35/090198_n35.png,N35,True,9,198,94
/kaggle/input/datasets/maryemmahmood/glyph2025/Glyph2025/d46/d46_53.jpg,D46,False,-1,-1,23
/kaggle/input/datasets/maryemmahmood/glyph2025/Glyph2025/n35/230173_n35.png,N35,True,23,173,94
/kaggle/input/datasets/maryemmahmood/glyph2025/Glyph2025/g1/030224_g1.png,G1,True,3,224,49
/kaggle/input/datasets/maryemmahmood/glyph2025/Glyph2025/m17/m17_280.png,M17,False,-1,-1,73
/kaggle/input/datasets/maryemmahmood/glyph2025/Glyph2025/w25/230198_w25.png,W25,True,23,198,158
/kaggle/input/datasets/maryemmahmood/glyph2025/Glyph2025/y1/y1_76.png,Y1,False,-1,-1,163
/kaggle/input/datasets/maryemmahmood/glyph2025/Glyph2025/d4/410372_d4.png,D4,True,41,372,20
/kaggle/input/datasets/maryemmahmood/glyph2025/Glyph2025/u6/u6_14.jpg,U6,False,-1,-1,136
/kaggle/input/datasets/maryemmahmood/glyph2025/Glyph2025/y1/y1_30.png,Y1,False,-1,-1,163
/kaggle/input/datasets/maryemmahmood/glyph2025/Glyph2025/r8/r8_173.png,R8,False,-1,-1,118
/kaggle/input/datasets/maryemmahmood/glyph2025/Glyph2025/z2/z2_14.png,Z2,False,-1,-1,171
/kaggle/input/datasets/maryemmahmood/glyph2025/Glyph2025/i10/i10_7.png,I10,False,-1,-1,66
/kaggle/input/datasets/maryemmahmood/glyph2025/Glyph2025/q3/q3_132.png,Q3,False,-1,-1,113
/kaggle/input/datasets/maryemmahmood/glyph2025/Glyph2025/v28/210338_v28.png,V28,True,21,338,142
/kaggle/input/datasets/maryemmahmood/glyph2025/Glyph2025/w17/w17_17.jpg,W17,False,-1,-1,152
/kaggle/input/datasets/maryemmahmood/glyph2025/Glyph2025/f12/f12_8.jpg,F12,False,-1,-1,38
/kaggle/input/datasets/maryemmahmood/glyph2025/Glyph2025/a1/a1_152.jpg,A1,False,-1,-1,0
/kaggle/input/datasets/maryemmahmood/glyph2025/Glyph2025/p1/230093_p1.png,P1,True,23,93,108
/kaggle/input/datasets/maryemmahmood/glyph2025/Glyph2025/a1/a1_37.png,A1,False,-1,-1,0
/kaggle/input/datasets/maryemmahmood/glyph2025/Glyph2025/v13/v13_49.jpg,V13,False,-1,-1,140
/kaggle/input/datasets/maryemmahmood/glyph2025/Glyph2025/t21/t21_9.png,T21,False,-1,-1,129
/kaggle/input/datasets/maryemmahmood/glyph2025/Glyph2025/n35/390206_n35.png,N35,True,39,206,94
/kaggle/input/datasets/maryemmahmood/glyph2025/Glyph2025/n26/n26_28.png,N26,False,-1,-1,89
/kaggle/input/datasets/maryemmahmood/glyph2025/Glyph2025/m17/m17_413.png,M17,False,-1,-1,73
/kaggle/input/datasets/maryemmahmood/glyph2025/Glyph2025/f35/f35_53.png,F35,False,-1,-1,46
/kaggle/input/datasets/maryemmahmood/glyph2025/Glyph2025/d21/d21_48.png,D21,False,-1,-1,14
/kaggle/input/datasets/maryemmahmood/glyph2025/Glyph2025/f39/f39_5.jpg,F39,False,-1,-1,47
/kaggle/input/datasets/maryemmahmood/glyph2025/Glyph2025/n37/200075_n37.png,N37,True,20,75,96
/kaggle/input/datasets/maryemmahmood/glyph2025/Glyph2025/n35/n35_217.jpg,N35,False,-1,-1,94
/kaggle/input/datasets/maryemmahmood/glyph2025/Glyph2025/m12/m12_51.jpg,M12,False,-1,-1,71
/kaggle/input/datasets/maryemmahmood/glyph2025/Glyph2025/m17/230365_m17.png,M17,True,23,365,73
/kaggle/input/datasets/maryemmahmood/glyph2025/Glyph2025/i9/i9_162.jpg,I9,False,-1,-1,68
/kaggle/input/datasets/maryemmahmood/glyph2025/Glyph2025/m17/200366_m17.png,M17,True,20,366,73
/kaggle/input/datasets/maryemmahmood/glyph2025/Glyph2025/n35/220254_n35.png,N35,True,22,254,94
/kaggle/input/datasets/maryemmahmood/glyph2025/Glyph2025/o1/o1_49.png,O1,False,-1,-1,100
/kaggle/input/datasets/maryemmahmood/glyph2025/Glyph2025/q3/230400_q3.png,Q3,True,23,400,113
/kaggle/input/datasets/maryemmahmood/glyph2025/Glyph2025/v30/v30_201.png,V30,False,-1,-1,144
/kaggle/input/datasets/maryemmahmood/glyph2025/Glyph2025/y1/y1_35.png,Y1,False,-1,-1,163
/kaggle/input/datasets/maryemmahmood/glyph2025/Glyph2025/t28/t28_8.jpg,T28,False,-1,-1,131
/kaggle/input/datasets/maryemmahmood/glyph2025/Glyph2025/m17/m17_254.png,M17,False,-1,-1,73
/kaggle/input/datasets/maryemmahmood/glyph2025/Glyph2025/q3/q3_61.png,Q3,False,-1,-1,113
/kaggle/input/datasets/maryemmahmood/glyph2025/Glyph2025/s34/s34_78.png,S34,False,-1,-1,126
/kaggle/input/datasets/maryemmahmood/glyph2025/Glyph2025/r4/r4_22.png,R4,False,-1,-1,116
/kaggle/input/datasets/maryemmahmood/glyph2025/Glyph2025/f31/f31_1.png,F31,False,-1,-1,43
/kaggle/input/datasets/maryemmahmood/glyph2025/Glyph2025/s27/s27_20.png,S27,False,-1,-1,122
/kaggle/input/datasets/maryemmahmood/glyph2025/Glyph2025/m23/m23_21.png,M23,False,-1,-1,78
/kaggle/input/datasets/maryemmahmood/glyph2025/Glyph2025/n35/200205_n35.png,N35,True,20,205,94
/kaggle/input/datasets/maryemmahmood/glyph2025/Glyph2025/m23/m23_84.png,M23,False,-1,-1,78
/kaggle/input/datasets/maryemmahmood/glyph2025/Glyph2025/m42/050185_m42.png,M42,True,5,185,81
/kaggle/input/datasets/maryemmahmood/glyph2025/Glyph2025/s34/s34_50.png,S34,False,-1,-1,126
/kaggle/input/datasets/maryemmahmood/glyph2025/Glyph2025/s29/050202_s29.png,S29,True,5,202,124
/kaggle/input/datasets/maryemmahmood/glyph2025/Glyph2025/g43/g43_33.jpg,G43,False,-1,-1,60
/kaggle/input/datasets/maryemmahmood/glyph2025/Glyph2025/n1/n1_43.png,N1,False,-1,-1,83
/kaggle/input/datasets/maryemmahmood/glyph2025/Glyph2025/q1/q1_93.png,Q1,False,-1,-1,111
/kaggle/input/datasets/maryemmahmood/glyph2025/Glyph2025/w24/w24_20.png,W24,False,-1,-1,157
/kaggle/input/datasets/maryemmahmood/glyph2025/Glyph2025/v10/v10_13.jpg,V10,False,-1,-1,139
/kaggle/input/datasets/maryemmahmood/glyph2025/Glyph2025/s29/s29_188.png,S29,False,-1,-1,124
/kaggle/input/datasets/maryemmahmood/glyph2025/Glyph2025/n35/n35_432.png,N35,False,-1,-1,94
/kaggle/input/datasets/maryemmahmood/glyph2025/Glyph2025/g43/g43_27.jpg,G43,False,-1,-1,60
/kaggle/input/datasets/maryemmahmood/glyph2025/Glyph2025/g43/g43_36.jpg,G43,False,-1,-1,60
/kaggle/input/datasets/maryemmahmood/glyph2025/Glyph2025/g17/050074_g17.png,G17,True,5,74,51
/kaggle/input/datasets/maryemmahmood/glyph2025/Glyph2025/i9/i9_34.png,I9,False,-1,-1,68
/kaggle/input/datasets/maryemmahmood/glyph2025/Glyph2025/e34/210331_e34.png,E34,True,21,331,34
/kaggle/input/datasets/maryemmahmood/glyph2025/Glyph2025/f4/f4_18.png,F4,False,-1,-1,48
/kaggle/input/datasets/maryemmahmood/glyph2025/Glyph2025/z2/z2_10.png,Z2,False,-1,-1,171
/kaggle/input/datasets/maryemmahmood/glyph2025/Glyph2025/s29/s29_124.png,S29,False,-1,-1,124
/kaggle/input/datasets/maryemmahmood/glyph2025/Glyph2025/e1/e1_14.jpg,E1,False,-1,-1,30
/kaggle/input/datasets/maryemmahmood/glyph2025/Glyph2025/x1/x1_241.png,X1,False,-1,-1,160
/kaggle/input/datasets/maryemmahmood/glyph2025/Glyph2025/n35/n35_254.png,N35,False,-1,-1,94
/kaggle/input/datasets/maryemmahmood/glyph2025/Glyph2025/d21/390079_d21.png,D21,True,39,79,14
/kaggle/input/datasets/maryemmahmood/glyph2025/Glyph2025/g5/200238_g5.png,G5,True,20,238,61
/kaggle/input/datasets/maryemmahmood/glyph2025/Glyph2025/n35/030232_n35.png,N35,True,3,232,94
/kaggle/input/datasets/maryemmahmood/glyph2025/Glyph2025/m17/m17_187.jpg,M17,False,-1,-1,73
/kaggle/input/datasets/maryemmahmood/glyph2025/Glyph2025/v31/v31_129.jpg,V31,False,-1,-1,145
/kaggle/input/datasets/maryemmahmood/glyph2025/Glyph2025/s28/s28_1.jpg,S28,False,-1,-1,123
/kaggle/input/datasets/maryemmahmood/glyph2025/Glyph2025/n35/220069_n35.png,N35,True,22,69,94
/kaggle/input/datasets/maryemmahmood/glyph2025/Glyph2025/q1/q1_156.png,Q1,False,-1,-1,111
/kaggle/input/datasets/maryemmahmood/glyph2025/Glyph2025/m17/m17_346.png,M17,False,-1,-1,73
/kaggle/input/datasets/maryemmahmood/glyph2025/Glyph2025/y5/y5_14.png,Y5,False,-1,-1,167
/kaggle/input/datasets/maryemmahmood/glyph2025/Glyph2025/o49/o49_84.png,O49,False,-1,-1,105
/kaggle/input/datasets/maryemmahmood/glyph2025/Glyph2025/n35/n35_405.png,N35,False,-1,-1,94
/kaggle/input/datasets/maryemmahmood/glyph2025/Glyph2025/i9/410053_i9.png,I9,True,41,53,68
/kaggle/input/datasets/maryemmahmood/glyph2025/Glyph2025/v30/v30_230.png,V30,False,-1,-1,144
/kaggle/input/datasets/maryemmahmood/glyph2025/Glyph2025/a1/a1_60.jpg,A1,False,-1,-1,0
/kaggle/input/datasets/maryemmahmood/glyph2025/Glyph2025/w24/w24_17.jpg,W24,False,-1,-1,157
/kaggle/input/datasets/maryemmahmood/glyph2025/Glyph2025/a24/a24_1.jpg,A24,False,-1,-1,4
/kaggle/input/datasets/maryemmahmood/glyph2025/Glyph2025/n33/n33_117.png,N33,False,-1,-1,92
/kaggle/input/datasets/maryemmahmood/glyph2025/Glyph2025/s3/s3_13.png,S3,False,-1,-1,125
/kaggle/input/datasets/maryemmahmood/glyph2025/Glyph2025/n1/n1_83.png,N1,False,-1,-1,83
/kaggle/input/datasets/maryemmahmood/glyph2025/Glyph2025/s29/030399_s29.png,S29,True,3,399,124
/kaggle/input/datasets/maryemmahmood/glyph2025/Glyph2025/x8/x8_84.png,X8,False,-1,-1,162
/kaggle/input/datasets/maryemmahmood/glyph2025/Glyph2025/h1/h1_35.png,H1,False,-1,-1,62
/kaggle/input/datasets/maryemmahmood/glyph2025/Glyph2025/r8/050303_r8.png,R8,True,5,303,118
/kaggle/input/datasets/maryemmahmood/glyph2025/Glyph2025/w24/w24_23.png,W24,False,-1,-1,157
/kaggle/input/datasets/maryemmahmood/glyph2025/Glyph2025/i9/i9_233.jpg,I9,False,-1,-1,68
/kaggle/input/datasets/maryemmahmood/glyph2025/Glyph2025/t28/t28_11.jpg,T28,False,-1,-1,131
/kaggle/input/datasets/maryemmahmood/glyph2025/Glyph2025/m17/m17_273.png,M17,False,-1,-1,73
/kaggle/input/datasets/maryemmahmood/glyph2025/Glyph2025/d21/d21_17.png,D21,False,-1,-1,14
/kaggle/input/datasets/maryemmahmood/glyph2025/Glyph2025/i9/i9_114.png,I9,False,-1,-1,68
/kaggle/input/datasets/maryemmahmood/glyph2025/Glyph2025/q1/q1_31.jpg,Q1,False,-1,-1,111
/kaggle/input/datasets/maryemmahmood/glyph2025/Glyph2025/n35/n35_159.png,N35,False,-1,-1,94
/kaggle/input/datasets/maryemmahmood/glyph2025/Glyph2025/d4/d4_13.jpg,D4,False,-1,-1,20
/kaggle/input/datasets/maryemmahmood/glyph2025/Glyph2025/f35/f35_151.png,F35,False,-1,-1,46
/kaggle/input/datasets/maryemmahmood/glyph2025/Glyph2025/x1/390308_x1.png,X1,True,39,308,160
/kaggle/input/datasets/maryemmahmood/glyph2025/Glyph2025/f1/f1_30.png,F1,False,-1,-1,37
/kaggle/input/datasets/maryemmahmood/glyph2025/Glyph2025/o1/o1_133.jpg,O1,False,-1,-1,100
/kaggle/input/datasets/maryemmahmood/glyph2025/Glyph2025/v30/v30_206.png,V30,False,-1,-1,144
/kaggle/input/datasets/maryemmahmood/glyph2025/Glyph2025/g17/390232_g17.png,G17,True,39,232,51
/kaggle/input/datasets/maryemmahmood/glyph2025/Glyph2025/d37/d37_46.png,D37,False,-1,-1,18
/kaggle/input/datasets/maryemmahmood/glyph2025/Glyph2025/d35/d35_5.jpg,D35,False,-1,-1,16
/kaggle/input/datasets/maryemmahmood/glyph2025/Glyph2025/v13/200015_v13.png,V13,True,20,15,140
/kaggle/input/datasets/maryemmahmood/glyph2025/Glyph2025/x1/410075_x1.png,X1,True,41,75,160
/kaggle/input/datasets/maryemmahmood/glyph2025/Glyph2025/n25/n25_3.png,N25,False,-1,-1,88
/kaggle/input/datasets/maryemmahmood/glyph2025/Glyph2025/d21/050262_d21.png,D21,True,5,262,14
/kaggle/input/datasets/maryemmahmood/glyph2025/Glyph2025/d45/d45_26.png,D45,False,-1,-1,22
/kaggle/input/datasets/maryemmahmood/glyph2025/Glyph2025/m17/m17_101.jpg,M17,False,-1,-1,73
/kaggle/input/datasets/maryemmahmood/glyph2025/Glyph2025/n35/n35_380.png,N35,False,-1,-1,94
/kaggle/input/datasets/maryemmahmood/glyph2025/Glyph2025/a42/a42_12.jpg,A42,False,-1,-1,7
/kaggle/input/datasets/maryemmahmood/glyph2025/Glyph2025/aa15/aa15_92.png,AA15,False,-1,-1,10
/kaggle/input/datasets/maryemmahmood/glyph2025/Glyph2025/h6/h6_13.png,H6,False,-1,-1,63
/kaggle/input/datasets/maryemmahmood/glyph2025/Glyph2025/g17/210005_g17.png,G17,True,21,5,51
/kaggle/input/datasets/maryemmahmood/glyph2025/Glyph2025/d4/d4_199.png,D4,False,-1,-1,20
/kaggle/input/datasets/maryemmahmood/glyph2025/Glyph2025/w17/w17_12.jpg,W17,False,-1,-1,152
/kaggle/input/datasets/maryemmahmood/glyph2025/Glyph2025/n26/n26_15.png,N26,False,-1,-1,89
/kaggle/input/datasets/maryemmahmood/glyph2025/Glyph2025/d28/d28_17.png,D28,False,-1,-1,15
/kaggle/input/datasets/maryemmahmood/glyph2025/Glyph2025/h1/h1_48.png,H1,False,-1,-1,62
/kaggle/input/datasets/maryemmahmood/glyph2025/Glyph2025/d60/d60_9.jpg,D60,False,-1,-1,29
/kaggle/input/datasets/maryemmahmood/glyph2025/Glyph2025/w11/w11_8.jpg,W11,False,-1,-1,149
/kaggle/input/datasets/maryemmahmood/glyph2025/Glyph2025/z1/410103_z1.png,Z1,True,41,103,168
/kaggle/input/datasets/maryemmahmood/glyph2025/Glyph2025/v20/v20_3.png,V20,False,-1,-1,141
/kaggle/input/datasets/maryemmahmood/glyph2025/Glyph2025/x8/x8_135.png,X8,False,-1,-1,162
/kaggle/input/datasets/maryemmahmood/glyph2025/Glyph2025/s34/s34_96.png,S34,False,-1,-1,126
/kaggle/input/datasets/maryemmahmood/glyph2025/Glyph2025/n35/n35_501.jpg,N35,False,-1,-1,94
/kaggle/input/datasets/maryemmahmood/glyph2025/Glyph2025/s21/s21_32.png,S21,False,-1,-1,120
/kaggle/input/datasets/maryemmahmood/glyph2025/Glyph2025/m20/m20_11.png,M20,False,-1,-1,76
/kaggle/input/datasets/maryemmahmood/glyph2025/Glyph2025/v30/v30_197.png,V30,False,-1,-1,144
/kaggle/input/datasets/maryemmahmood/glyph2025/Glyph2025/s29/s29_122.png,S29,False,-1,-1,124
/kaggle/input/datasets/maryemmahmood/glyph2025/Glyph2025/aa15/aa15_51.png,AA15,False,-1,-1,10
/kaggle/input/datasets/maryemmahmood/glyph2025/Glyph2025/u7/u7_54.png,U7,False,-1,-1,137
/kaggle/input/datasets/maryemmahmood/glyph2025/Glyph2025/a1/a1_7.jpg,A1,False,-1,-1,0
/kaggle/input/datasets/maryemmahmood/glyph2025/Glyph2025/s29/s29_160.png,S29,False,-1,-1,124
/kaggle/input/datasets/maryemmahmood/glyph2025/Glyph2025/d37/d37_35.png,D37,False,-1,-1,18
/kaggle/input/datasets/maryemmahmood/glyph2025/Glyph2025/n35/n35_493.png,N35,False,-1,-1,94
/kaggle/input/datasets/maryemmahmood/glyph2025/Glyph2025/d46/d46_16.png,D46,False,-1,-1,23
/kaggle/input/datasets/maryemmahmood/glyph2025/Glyph2025/x1/x1_303.png,X1,False,-1,-1,160
/kaggle/input/datasets/maryemmahmood/glyph2025/Glyph2025/r8/r8_66.png,R8,False,-1,-1,118
/kaggle/input/datasets/maryemmahmood/glyph2025/Glyph2025/m12/m12_75.png,M12,False,-1,-1,71
/kaggle/input/datasets/maryemmahmood/glyph2025/Glyph2025/d36/d36_51.png,D36,False,-1,-1,17
/kaggle/input/datasets/maryemmahmood/glyph2025/Glyph2025/w25/w25_13.jpg,W25,False,-1,-1,158
/kaggle/input/datasets/maryemmahmood/glyph2025/Glyph2025/e34/030314_e34.png,E34,True,3,314,34
/kaggle/input/datasets/maryemmahmood/glyph2025/Glyph2025/o50/030157_o50.png,O50,True,3,157,106
/kaggle/input/datasets/maryemmahmood/glyph2025/Glyph2025/q1/q1_3.png,Q1,False,-1,-1,111
/kaggle/input/datasets/maryemmahmood/glyph2025/Glyph2025/n29/210080_n29.png,N29,True,21,80,90
/kaggle/input/datasets/maryemmahmood/glyph2025/Glyph2025/h8/h8_4.png,H8,False,-1,-1,64
/kaggle/input/datasets/maryemmahmood/glyph2025/Glyph2025/m17/m17_89.png,M17,False,-1,-1,73
/kaggle/input/datasets/maryemmahmood/glyph2025/Glyph2025/n16/n16_5.jpg,N16,False,-1,-1,85
/kaggle/input/datasets/maryemmahmood/glyph2025/Glyph2025/d2/d2_25.png,D2,False,-1,-1,13
/kaggle/input/datasets/maryemmahmood/glyph2025/Glyph2025/v30/v30_54.jpg,V30,False,-1,-1,144
/kaggle/input/datasets/maryemmahmood/glyph2025/Glyph2025/w19/w19_10.jpg,W19,False,-1,-1,154
/kaggle/input/datasets/maryemmahmood/glyph2025/Glyph2025/n35/n35_193.png,N35,False,-1,-1,94
/kaggle/input/datasets/maryemmahmood/glyph2025/Glyph2025/m17/m17_417.png,M17,False,-1,-1,73
/kaggle/input/datasets/maryemmahmood/glyph2025/Glyph2025/d36/d36_54.jpg,D36,False,-1,-1,17
/kaggle/input/datasets/maryemmahmood/glyph2025/Glyph2025/n35/n35_264.png,N35,False,-1,-1,94
/kaggle/input/datasets/maryemmahmood/glyph2025/Glyph2025/x1/x1_73.jpg,X1,False,-1,-1,160
/kaggle/input/datasets/maryemmahmood/glyph2025/Glyph2025/g17/g17_47.jpg,G17,False,-1,-1,51
/kaggle/input/datasets/maryemmahmood/glyph2025/Glyph2025/d28/d28_72.png,D28,False,-1,-1,15
/kaggle/input/datasets/maryemmahmood/glyph2025/Glyph2025/w19/w19_38.jpg,W19,False,-1,-1,154
/kaggle/input/datasets/maryemmahmood/glyph2025/Glyph2025/s29/s29_113.png,S29,False,-1,-1,124
/kaggle/input/datasets/maryemmahmood/glyph2025/Glyph2025/m23/m23_158.png,M23,False,-1,-1,78
/kaggle/input/datasets/maryemmahmood/glyph2025/Glyph2025/v31/v31_76.png,V31,False,-1,-1,145
/kaggle/input/datasets/maryemmahmood/glyph2025/Glyph2025/w17/w17_32.png,W17,False,-1,-1,152
/kaggle/input/datasets/maryemmahmood/glyph2025/Glyph2025/h8/h8_2.png,H8,False,-1,-1,64
/kaggle/input/datasets/maryemmahmood/glyph2025/Glyph2025/d1/d1_21.png,D1,False,-1,-1,12
/kaggle/input/datasets/maryemmahmood/glyph2025/Glyph2025/n35/n35_156.png,N35,False,-1,-1,94
/kaggle/input/datasets/maryemmahmood/glyph2025/Glyph2025/m17/410174_m17.png,M17,True,41,174,73
/kaggle/input/datasets/maryemmahmood/glyph2025/Glyph2025/n35/090027_n35.png,N35,True,9,27,94
/kaggle/input/datasets/maryemmahmood/glyph2025/Glyph2025/o1/090268_o1.png,O1,True,9,268,100
/kaggle/input/datasets/maryemmahmood/glyph2025/Glyph2025/r7/r7_5.png,R7,False,-1,-1,117
/kaggle/input/datasets/maryemmahmood/glyph2025/Glyph2025/n29/090314_n29.png,N29,True,9,314,90
/kaggle/input/datasets/maryemmahmood/glyph2025/Glyph2025/n33/n33_9.png,N33,False,-1,-1,92
/kaggle/input/datasets/maryemmahmood/glyph2025/Glyph2025/i9/i9_69.jpg,I9,False,-1,-1,68
/kaggle/input/datasets/maryemmahmood/glyph2025/Glyph2025/a2/a2_1.jpg,A2,False,-1,-1,3
/kaggle/input/datasets/maryemmahmood/glyph2025/Glyph2025/s29/220143_s29.png,S29,True,22,143,124
/kaggle/input/datasets/maryemmahmood/glyph2025/Glyph2025/q3/230201_q3.png,Q3,True,23,201,113
/kaggle/input/datasets/maryemmahmood/glyph2025/Glyph2025/n1/n1_82.png,N1,False,-1,-1,83
/kaggle/input/datasets/maryemmahmood/glyph2025/Glyph2025/w24/w24_32.png,W24,False,-1,-1,157
/kaggle/input/datasets/maryemmahmood/glyph2025/Glyph2025/x1/x1_294.png,X1,False,-1,-1,160
/kaggle/input/datasets/maryemmahmood/glyph2025/Glyph2025/x1/x1_53.jpg,X1,False,-1,-1,160
/kaggle/input/datasets/maryemmahmood/glyph2025/Glyph2025/f35/f35_9.png,F35,False,-1,-1,46
/kaggle/input/datasets/maryemmahmood/glyph2025/Glyph2025/s27/s27_17.png,S27,False,-1,-1,122
/kaggle/input/datasets/maryemmahmood/glyph2025/Glyph2025/m17/390249_m17.png,M17,True,39,249,73
/kaggle/input/datasets/maryemmahmood/glyph2025/Glyph2025/d46/d46_31.jpg,D46,False,-1,-1,23
/kaggle/input/datasets/maryemmahmood/glyph2025/Glyph2025/m17/m17_286.png,M17,False,-1,-1,73
/kaggle/input/datasets/maryemmahmood/glyph2025/Glyph2025/d4/d4_76.png,D4,False,-1,-1,20
/kaggle/input/datasets/maryemmahmood/glyph2025/Glyph2025/aa15/aa15_89.png,AA15,False,-1,-1,10
/kaggle/input/datasets/maryemmahmood/glyph2025/Glyph2025/m17/390187_m17.png,M17,True,39,187,73
/kaggle/input/datasets/maryemmahmood/glyph2025/Glyph2025/i9/210321_i9.png,I9,True,21,321,68
/kaggle/input/datasets/maryemmahmood/glyph2025/Glyph2025/g17/g17_94.jpg,G17,False,-1,-1,51
/kaggle/input/datasets/maryemmahmood/glyph2025/Glyph2025/m17/m17_221.png,M17,False,-1,-1,73
/kaggle/input/datasets/maryemmahmood/glyph2025/Glyph2025/d21/d21_176.png,D21,False,-1,-1,14
/kaggle/input/datasets/maryemmahmood/glyph2025/Glyph2025/n1/n1_41.png,N1,False,-1,-1,83
/kaggle/input/datasets/maryemmahmood/glyph2025/Glyph2025/m17/m17_174.png,M17,False,-1,-1,73
/kaggle/input/datasets/maryemmahmood/glyph2025/Glyph2025/m17/210253_m17.png,M17,True,21,253,73
/kaggle/input/datasets/maryemmahmood/glyph2025/Glyph2025/n35/n35_182.png,N35,False,-1,-1,94
/kaggle/input/datasets/maryemmahmood/glyph2025/Glyph2025/o1/o1_136.png,O1,False,-1,-1,100
/kaggle/input/datasets/maryemmahmood/glyph2025/Glyph2025/g17/220364_g17.png,G17,True,22,364,51
/kaggle/input/datasets/maryemmahmood/glyph2025/Glyph2025/n25/n25_27.png,N25,False,-1,-1,88
/kaggle/input/datasets/maryemmahmood/glyph2025/Glyph2025/g43/g43_167.jpg,G43,False,-1,-1,60
/kaggle/input/datasets/maryemmahmood/glyph2025/Glyph2025/w19/w19_3.jpg,W19,False,-1,-1,154
/kaggle/input/datasets/maryemmahmood/glyph2025/Glyph2025/m23/m23_69.png,M23,False,-1,-1,78
/kaggle/input/datasets/maryemmahmood/glyph2025/Glyph2025/n35/n35_206.png,N35,False,-1,-1,94
/kaggle/input/datasets/maryemmahmood/glyph2025/Glyph2025/r8/r8_40.png,R8,False,-1,-1,118
/kaggle/input/datasets/maryemmahmood/glyph2025/Glyph2025/r8/r8_101.png,R8,False,-1,-1,118
/kaggle/input/datasets/maryemmahmood/glyph2025/Glyph2025/m23/m23_154.png,M23,False,-1,-1,78
/kaggle/input/datasets/maryemmahmood/glyph2025/Glyph2025/d21/d21_267.png,D21,False,-1,-1,14
/kaggle/input/datasets/maryemmahmood/glyph2025/Glyph2025/a17/a17_4.png,A17,False,-1,-1,1
/kaggle/input/datasets/maryemmahmood/glyph2025/Glyph2025/g43/200154_g43.png,G43,True,20,154,60
/kaggle/input/datasets/maryemmahmood/glyph2025/Glyph2025/x1/x1_13.png,X1,False,-1,-1,160
/kaggle/input/datasets/maryemmahmood/glyph2025/Glyph2025/r8/r8_116.png,R8,False,-1,-1,118
/kaggle/input/datasets/maryemmahmood/glyph2025/Glyph2025/o49/o49_82.png,O49,False,-1,-1,105
/kaggle/input/datasets/maryemmahmood/glyph2025/Glyph2025/t21/t21_1.png,T21,False,-1,-1,129
/kaggle/input/datasets/maryemmahmood/glyph2025/Glyph2025/d37/d37_63.jpg,D37,False,-1,-1,18
/kaggle/input/datasets/maryemmahmood/glyph2025/Glyph2025/x1/x1_408.png,X1,False,-1,-1,160
/kaggle/input/datasets/maryemmahmood/glyph2025/Glyph2025/g17/220365_g17.png,G17,True,22,365,51
/kaggle/input/datasets/maryemmahmood/glyph2025/Glyph2025/d21/d21_227.png,D21,False,-1,-1,14
/kaggle/input/datasets/maryemmahmood/glyph2025/Glyph2025/n36/n36_14.png,N36,False,-1,-1,95
/kaggle/input/datasets/maryemmahmood/glyph2025/Glyph2025/g43/g43_78.jpg,G43,False,-1,-1,60
/kaggle/input/datasets/maryemmahmood/glyph2025/Glyph2025/v31/v31_108.png,V31,False,-1,-1,145
/kaggle/input/datasets/maryemmahmood/glyph2025/Glyph2025/g1/220294_g1.png,G1,True,22,294,49
/kaggle/input/datasets/maryemmahmood/glyph2025/Glyph2025/g43/g43_120.png,G43,False,-1,-1,60
/kaggle/input/datasets/maryemmahmood/glyph2025/Glyph2025/v31/390379_v31.png,V31,True,39,379,145
/kaggle/input/datasets/maryemmahmood/glyph2025/Glyph2025/q1/050070_q1.png,Q1,True,5,70,111
/kaggle/input/datasets/maryemmahmood/glyph2025/Glyph2025/x1/x1_224.png,X1,False,-1,-1,160
/kaggle/input/datasets/maryemmahmood/glyph2025/Glyph2025/r8/r8_120.jpg,R8,False,-1,-1,118
/kaggle/input/datasets/maryemmahmood/glyph2025/Glyph2025/g35/050405_g35.png,G35,True,5,405,53
/kaggle/input/datasets/maryemmahmood/glyph2025/Glyph2025/x8/x8_96.png,X8,False,-1,-1,162
/kaggle/input/datasets/maryemmahmood/glyph2025/Glyph2025/g43/090304_g43.png,G43,True,9,304,60
/kaggle/input/datasets/maryemmahmood/glyph2025/Glyph2025/d58/d58_37.jpg,D58,False,-1,-1,28
/kaggle/input/datasets/maryemmahmood/glyph2025/Glyph2025/m17/410134_m17.png,M17,True,41,134,73
/kaggle/input/datasets/maryemmahmood/glyph2025/Glyph2025/r4/r4_121.png,R4,False,-1,-1,116
/kaggle/input/datasets/maryemmahmood/glyph2025/Glyph2025/q3/230253_q3.png,Q3,True,23,253,113
/kaggle/input/datasets/maryemmahmood/glyph2025/Glyph2025/d21/d21_25.jpg,D21,False,-1,-1,14
/kaggle/input/datasets/maryemmahmood/glyph2025/Glyph2025/m18/220213_m18.png,M18,True,22,213,74
/kaggle/input/datasets/maryemmahmood/glyph2025/Glyph2025/u23/u23_25.png,U23,False,-1,-1,134
/kaggle/input/datasets/maryemmahmood/glyph2025/Glyph2025/r4/r4_125.png,R4,False,-1,-1,116
/kaggle/input/datasets/maryemmahmood/glyph2025/Glyph2025/x8/x8_68.png,X8,False,-1,-1,162
/kaggle/input/datasets/maryemmahmood/glyph2025/Glyph2025/n1/n1_71.png,N1,False,-1,-1,83
/kaggle/input/datasets/maryemmahmood/glyph2025/Glyph2025/aa15/aa15_12.png,AA15,False,-1,-1,10
/kaggle/input/datasets/maryemmahmood/glyph2025/Glyph2025/m17/200124_m17.png,M17,True,20,124,73
/kaggle/input/datasets/maryemmahmood/glyph2025/Glyph2025/o1/030267_o1.png,O1,True,3,267,100
/kaggle/input/datasets/maryemmahmood/glyph2025/Glyph2025/g43/g43_156.png,G43,False,-1,-1,60
/kaggle/input/datasets/maryemmahmood/glyph2025/Glyph2025/n35/n35_442.png,N35,False,-1,-1,94
/kaggle/input/datasets/maryemmahmood/glyph2025/Glyph2025/o34/o34_22.png,O34,False,-1,-1,103
/kaggle/input/datasets/maryemmahmood/glyph2025/Glyph2025/n35/n35_328.png,N35,False,-1,-1,94
/kaggle/input/datasets/maryemmahmood/glyph2025/Glyph2025/g5/030328_g5.png,G5,True,3,328,61
/kaggle/input/datasets/maryemmahmood/glyph2025/Glyph2025/d36/d36_134.png,D36,False,-1,-1,17
/kaggle/input/datasets/maryemmahmood/glyph2025/Glyph2025/d28/d28_90.png,D28,False,-1,-1,15
/kaggle/input/datasets/maryemmahmood/glyph2025/Glyph2025/i9/i9_193.png,I9,False,-1,-1,68
/kaggle/input/datasets/maryemmahmood/glyph2025/Glyph2025/r11/r11_31.png,R11,False,-1,-1,114
/kaggle/input/datasets/maryemmahmood/glyph2025/Glyph2025/i9/i9_41.png,I9,False,-1,-1,68
/kaggle/input/datasets/maryemmahmood/glyph2025/Glyph2025/f35/f35_99.png,F35,False,-1,-1,46
/kaggle/input/datasets/maryemmahmood/glyph2025/Glyph2025/h6/h6_34.png,H6,False,-1,-1,63
/kaggle/input/datasets/maryemmahmood/glyph2025/Glyph2025/g17/410204_g17.png,G17,True,41,204,51
/kaggle/input/datasets/maryemmahmood/glyph2025/Glyph2025/m12/m12_45.jpg,M12,False,-1,-1,71
/kaggle/input/datasets/maryemmahmood/glyph2025/Glyph2025/v31/v31_11.jpg,V31,False,-1,-1,145
/kaggle/input/datasets/maryemmahmood/glyph2025/Glyph2025/v30/v30_110.png,V30,False,-1,-1,144
/kaggle/input/datasets/maryemmahmood/glyph2025/Glyph2025/g43/410123_g43.png,G43,True,41,123,60
/kaggle/input/datasets/maryemmahmood/glyph2025/Glyph2025/d21/d21_189.png,D21,False,-1,-1,14
/kaggle/input/datasets/maryemmahmood/glyph2025/Glyph2025/n35/n35_294.png,N35,False,-1,-1,94
/kaggle/input/datasets/maryemmahmood/glyph2025/Glyph2025/o34/o34_24.png,O34,False,-1,-1,103
/kaggle/input/datasets/maryemmahmood/glyph2025/Glyph2025/o34/o34_63.png,O34,False,-1,-1,103
/kaggle/input/datasets/maryemmahmood/glyph2025/Glyph2025/g17/220130_g17.png,G17,True,22,130,51
/kaggle/input/datasets/maryemmahmood/glyph2025/Glyph2025/d36/d36_98.png,D36,False,-1,-1,17
/kaggle/input/datasets/maryemmahmood/glyph2025/Glyph2025/s29/050320_s29.png,S29,True,5,320,124
/kaggle/input/datasets/maryemmahmood/glyph2025/Glyph2025/f26/f26_5.png,F26,False,-1,-1,42
/kaggle/input/datasets/maryemmahmood/glyph2025/Glyph2025/d21/220156_d21.png,D21,True,22,156,14
/kaggle/input/datasets/maryemmahmood/glyph2025/Glyph2025/d46/230144_d46.png,D46,True,23,144,23
/kaggle/input/datasets/maryemmahmood/glyph2025/Glyph2025/v31/v31_47.jpg,V31,False,-1,-1,145
/kaggle/input/datasets/maryemmahmood/glyph2025/Glyph2025/r4/r4_122.png,R4,False,-1,-1,116
/kaggle/input/datasets/maryemmahmood/glyph2025/Glyph2025/x1/x1_378.png,X1,False,-1,-1,160
/kaggle/input/datasets/maryemmahmood/glyph2025/Glyph2025/v31/090324_v31.png,V31,True,9,324,145
/kaggle/input/datasets/maryemmahmood/glyph2025/Glyph2025/x1/030313_x1.png,X1,True,3,313,160
/kaggle/input/datasets/maryemmahmood/glyph2025/Glyph2025/o49/o49_69.png,O49,False,-1,-1,105
/kaggle/input/datasets/maryemmahmood/glyph2025/Glyph2025/s21/s21_4.png,S21,False,-1,-1,120
/kaggle/input/datasets/maryemmahmood/glyph2025/Glyph2025/v30/v30_81.jpg,V30,False,-1,-1,144
/kaggle/input/datasets/maryemmahmood/glyph2025/Glyph2025/d4/d4_115.jpg,D4,False,-1,-1,20
/kaggle/input/datasets/maryemmahmood/glyph2025/Glyph2025/n35/410152_n35.png,N35,True,41,152,94
/kaggle/input/datasets/maryemmahmood/glyph2025/Glyph2025/r11/r11_13.png,R11,False,-1,-1,114
/kaggle/input/datasets/maryemmahmood/glyph2025/Glyph2025/i9/i9_84.jpg,I9,False,-1,-1,68
/kaggle/input/datasets/maryemmahmood/glyph2025/Glyph2025/d36/d36_1.png,D36,False,-1,-1,17
/kaggle/input/datasets/maryemmahmood/glyph2025/Glyph2025/n35/n35_66.jpg,N35,False,-1,-1,94
/kaggle/input/datasets/maryemmahmood/glyph2025/Glyph2025/w22/w22_9.png,W22,False,-1,-1,155
/kaggle/input/datasets/maryemmahmood/glyph2025/Glyph2025/d4/d4_131.png,D4,False,-1,-1,20
/kaggle/input/datasets/maryemmahmood/glyph2025/Glyph2025/u1/u1_14.jpg,U1,False,-1,-1,132
/kaggle/input/datasets/maryemmahmood/glyph2025/Glyph2025/v28/v28_140.png,V28,False,-1,-1,142
/kaggle/input/datasets/maryemmahmood/glyph2025/Glyph2025/g14/g14_6.png,G14,False,-1,-1,50
/kaggle/input/datasets/maryemmahmood/glyph2025/Glyph2025/x1/210341_x1.png,X1,True,21,341,160
/kaggle/input/datasets/maryemmahmood/glyph2025/Glyph2025/d2/d2_55.png,D2,False,-1,-1,13
/kaggle/input/datasets/maryemmahmood/glyph2025/Glyph2025/g17/g17_136.png,G17,False,-1,-1,51
/kaggle/input/datasets/maryemmahmood/glyph2025/Glyph2025/s29/s29_23.png,S29,False,-1,-1,124
/kaggle/input/datasets/maryemmahmood/glyph2025/Glyph2025/n35/n35_415.png,N35,False,-1,-1,94
/kaggle/input/datasets/maryemmahmood/glyph2025/Glyph2025/v13/v13_2.jpg,V13,False,-1,-1,140
/kaggle/input/datasets/maryemmahmood/glyph2025/Glyph2025/d45/d45_13.png,D45,False,-1,-1,22
/kaggle/input/datasets/maryemmahmood/glyph2025/Glyph2025/i9/i9_211.png,I9,False,-1,-1,68
/kaggle/input/datasets/maryemmahmood/glyph2025/Glyph2025/u15/u15_2.png,U15,False,-1,-1,133
/kaggle/input/datasets/maryemmahmood/glyph2025/Glyph2025/v4/230209_v4.png,V4,True,23,209,146
/kaggle/input/datasets/maryemmahmood/glyph2025/Glyph2025/s34/s34_40.jpg,S34,False,-1,-1,126
/kaggle/input/datasets/maryemmahmood/glyph2025/Glyph2025/v31/390331_v31.png,V31,True,39,331,145
/kaggle/input/datasets/maryemmahmood/glyph2025/Glyph2025/g17/g17_61.jpg,G17,False,-1,-1,51
/kaggle/input/datasets/maryemmahmood/glyph2025/Glyph2025/z1/z1_22.png,Z1,False,-1,-1,168
/kaggle/input/datasets/maryemmahmood/glyph2025/Glyph2025/n35/n35_331.png,N35,False,-1,-1,94
/kaggle/input/datasets/maryemmahmood/glyph2025/Glyph2025/s21/s21_12.png,S21,False,-1,-1,120
/kaggle/input/datasets/maryemmahmood/glyph2025/Glyph2025/n35/n35_6.jpg,N35,False,-1,-1,94
/kaggle/input/datasets/maryemmahmood/glyph2025/Glyph2025/d37/d37_2.jpg,D37,False,-1,-1,18
/kaggle/input/datasets/maryemmahmood/glyph2025/Glyph2025/v30/v30_5.jpg,V30,False,-1,-1,144
/kaggle/input/datasets/maryemmahmood/glyph2025/Glyph2025/v31/220278_v31.png,V31,True,22,278,145
/kaggle/input/datasets/maryemmahmood/glyph2025/Glyph2025/i9/i9_305.jpg,I9,False,-1,-1,68
/kaggle/input/datasets/maryemmahmood/glyph2025/Glyph2025/n35/n35_195.jpg,N35,False,-1,-1,94
/kaggle/input/datasets/maryemmahmood/glyph2025/Glyph2025/o49/o49_96.png,O49,False,-1,-1,105
/kaggle/input/datasets/maryemmahmood/glyph2025/Glyph2025/m17/m17_377.png,M17,False,-1,-1,73
/kaggle/input/datasets/maryemmahmood/glyph2025/Glyph2025/m17/m17_175.png,M17,False,-1,-1,73
/kaggle/input/datasets/maryemmahmood/glyph2025/Glyph2025/n14/n14_4.png,N14,False,-1,-1,84
/kaggle/input/datasets/maryemmahmood/glyph2025/Glyph2025/s34/s34_14.png,S34,False,-1,-1,126
/kaggle/input/datasets/maryemmahmood/glyph2025/Glyph2025/y1/y1_125.png,Y1,False,-1,-1,163
/kaggle/input/datasets/maryemmahmood/glyph2025/Glyph2025/n35/n35_403.png,N35,False,-1,-1,94
/kaggle/input/datasets/maryemmahmood/glyph2025/Glyph2025/d35/d35_35.jpg,D35,False,-1,-1,16
/kaggle/input/datasets/maryemmahmood/glyph2025/Glyph2025/d36/d36_74.png,D36,False,-1,-1,17
/kaggle/input/datasets/maryemmahmood/glyph2025/Glyph2025/v30/v30_217.png,V30,False,-1,-1,144
/kaggle/input/datasets/maryemmahmood/glyph2025/Glyph2025/w18/w18_14.png,W18,False,-1,-1,153
/kaggle/input/datasets/maryemmahmood/glyph2025/Glyph2025/e34/220140_e34.png,E34,True,22,140,34
/kaggle/input/datasets/maryemmahmood/glyph2025/Glyph2025/y1/y1_114.jpg,Y1,False,-1,-1,163
/kaggle/input/datasets/maryemmahmood/glyph2025/Glyph2025/g43/210014_g43.png,G43,True,21,14,60
/kaggle/input/datasets/maryemmahmood/glyph2025/Glyph2025/o34/050062_o34.png,O34,True,5,62,103
/kaggle/input/datasets/maryemmahmood/glyph2025/Glyph2025/d28/d28_70.png,D28,False,-1,-1,15
/kaggle/input/datasets/maryemmahmood/glyph2025/Glyph2025/d4/d4_226.png,D4,False,-1,-1,20
/kaggle/input/datasets/maryemmahmood/glyph2025/Glyph2025/n1/n1_53.png,N1,False,-1,-1,83
/kaggle/input/datasets/maryemmahmood/glyph2025/Glyph2025/n35/n35_22.jpg,N35,False,-1,-1,94
/kaggle/input/datasets/maryemmahmood/glyph2025/Glyph2025/x8/x8_42.png,X8,False,-1,-1,162
/kaggle/input/datasets/maryemmahmood/glyph2025/Glyph2025/x1/410001_x1.png,X1,True,41,1,160
/kaggle/input/datasets/maryemmahmood/glyph2025/Glyph2025/g1/090419_g1.png,G1,True,9,419,49
/kaggle/input/datasets/maryemmahmood/glyph2025/Glyph2025/n35/n35_103.png,N35,False,-1,-1,94
/kaggle/input/datasets/maryemmahmood/glyph2025/Glyph2025/x1/210305_x1.png,X1,True,21,305,160
/kaggle/input/datasets/maryemmahmood/glyph2025/Glyph2025/g17/410243_g17.png,G17,True,41,243,51
/kaggle/input/datasets/maryemmahmood/glyph2025/Glyph2025/m17/m17_131.png,M17,False,-1,-1,73
/kaggle/input/datasets/maryemmahmood/glyph2025/Glyph2025/y1/y1_118.png,Y1,False,-1,-1,163
/kaggle/input/datasets/maryemmahmood/glyph2025/Glyph2025/n35/n35_9.jpg,N35,False,-1,-1,94
/kaggle/input/datasets/maryemmahmood/glyph2025/Glyph2025/d46/d46_78.png,D46,False,-1,-1,23
/kaggle/input/datasets/maryemmahmood/glyph2025/Glyph2025/v13/200194_v13.png,V13,True,20,194,140
/kaggle/input/datasets/maryemmahmood/glyph2025/Glyph2025/n35/030113_n35.png,N35,True,3,113,94
/kaggle/input/datasets/maryemmahmood/glyph2025/Glyph2025/v6/v6_17.png,V6,False,-1,-1,147
/kaggle/input/datasets/maryemmahmood/glyph2025/Glyph2025/o50/220080_o50.png,O50,True,22,80,106
/kaggle/input/datasets/maryemmahmood/glyph2025/Glyph2025/f35/f35_144.png,F35,False,-1,-1,46
/kaggle/input/datasets/maryemmahmood/glyph2025/Glyph2025/g17/230102_g17.png,G17,True,23,102,51
/kaggle/input/datasets/maryemmahmood/glyph2025/Glyph2025/g43/220272_g43.png,G43,True,22,272,60
/kaggle/input/datasets/maryemmahmood/glyph2025/Glyph2025/w15/w15_1.png,W15,False,-1,-1,151
/kaggle/input/datasets/maryemmahmood/glyph2025/Glyph2025/o50/230360_o50.png,O50,True,23,360,106
/kaggle/input/datasets/maryemmahmood/glyph2025/Glyph2025/v30/090208_v30.png,V30,True,9,208,144
/kaggle/input/datasets/maryemmahmood/glyph2025/Glyph2025/m17/m17_10.png,M17,False,-1,-1,73
/kaggle/input/datasets/maryemmahmood/glyph2025/Glyph2025/s3/s3_10.png,S3,False,-1,-1,125
/kaggle/input/datasets/maryemmahmood/glyph2025/Glyph2025/v31/410114_v31.png,V31,True,41,114,145
/kaggle/input/datasets/maryemmahmood/glyph2025/Glyph2025/n35/n35_253.png,N35,False,-1,-1,94
/kaggle/input/datasets/maryemmahmood/glyph2025/Glyph2025/g43/090181_g43.png,G43,True,9,181,60
/kaggle/input/datasets/maryemmahmood/glyph2025/Glyph2025/i9/i9_161.png,I9,False,-1,-1,68
/kaggle/input/datasets/maryemmahmood/glyph2025/Glyph2025/v13/v13_46.jpg,V13,False,-1,-1,140
/kaggle/input/datasets/maryemmahmood/glyph2025/Glyph2025/o49/o49_26.png,O49,False,-1,-1,105
/kaggle/input/datasets/maryemmahmood/glyph2025/Glyph2025/d4/d4_128.png,D4,False,-1,-1,20
/kaggle/input/datasets/maryemmahmood/glyph2025/Glyph2025/n8/n8_7.jpg,N8,False,-1,-1,99
/kaggle/input/datasets/maryemmahmood/glyph2025/Glyph2025/u33/u33_7.png,U33,False,-1,-1,135
/kaggle/input/datasets/maryemmahmood/glyph2025/Glyph2025/d4/090061_d4.png,D4,True,9,61,20
/kaggle/input/datasets/maryemmahmood/glyph2025/Glyph2025/g43/050105_g43.png,G43,True,5,105,60
/kaggle/input/datasets/maryemmahmood/glyph2025/Glyph2025/m17/390114_m17.png,M17,True,39,114,73
/kaggle/input/datasets/maryemmahmood/glyph2025/Glyph2025/v28/210278_v28.png,V28,True,21,278,142
/kaggle/input/datasets/maryemmahmood/glyph2025/Glyph2025/g43/g43_39.jpg,G43,False,-1,-1,60
/kaggle/input/datasets/maryemmahmood/glyph2025/Glyph2025/n35/n35_189.png,N35,False,-1,-1,94
/kaggle/input/datasets/maryemmahmood/glyph2025/Glyph2025/m17/m17_211.png,M17,False,-1,-1,73
/kaggle/input/datasets/maryemmahmood/glyph2025/Glyph2025/r8/r8_152.png,R8,False,-1,-1,118
/kaggle/input/datasets/maryemmahmood/glyph2025/Glyph2025/a30/a30_3.jpg,A30,False,-1,-1,5
/kaggle/input/datasets/maryemmahmood/glyph2025/Glyph2025/t28/t28_12.jpg,T28,False,-1,-1,131
/kaggle/input/datasets/maryemmahmood/glyph2025/Glyph2025/d28/d28_15.png,D28,False,-1,-1,15
/kaggle/input/datasets/maryemmahmood/glyph2025/Glyph2025/s29/200099_s29.png,S29,True,20,99,124
/kaggle/input/datasets/maryemmahmood/glyph2025/Glyph2025/q1/q1_107.png,Q1,False,-1,-1,111
/kaggle/input/datasets/maryemmahmood/glyph2025/Glyph2025/m23/m23_39.png,M23,False,-1,-1,78
/kaggle/input/datasets/maryemmahmood/glyph2025/Glyph2025/n35/390012_n35.png,N35,True,39,12,94
/kaggle/input/datasets/maryemmahmood/glyph2025/Glyph2025/m17/m17_440.png,M17,False,-1,-1,73
/kaggle/input/datasets/maryemmahmood/glyph2025/Glyph2025/n35/220289_n35.png,N35,True,22,289,94
/kaggle/input/datasets/maryemmahmood/glyph2025/Glyph2025/u6/u6_16.jpg,U6,False,-1,-1,136
/kaggle/input/datasets/maryemmahmood/glyph2025/Glyph2025/d21/d21_288.png,D21,False,-1,-1,14
/kaggle/input/datasets/maryemmahmood/glyph2025/Glyph2025/i10/220311_i10.png,I10,True,22,311,66
/kaggle/input/datasets/maryemmahmood/glyph2025/Glyph2025/s29/230422_s29.png,S29,True,23,422,124
/kaggle/input/datasets/maryemmahmood/glyph2025/Glyph2025/v30/v30_189.png,V30,False,-1,-1,144
/kaggle/input/datasets/maryemmahmood/glyph2025/Glyph2025/o4/o4_39.png,O4,False,-1,-1,104
/kaggle/input/datasets/maryemmahmood/glyph2025/Glyph2025/n35/090267_n35.png,N35,True,9,267,94
/kaggle/input/datasets/maryemmahmood/glyph2025/Glyph2025/x1/x1_305.png,X1,False,-1,-1,160
/kaggle/input/datasets/maryemmahmood/glyph2025/Glyph2025/a2/a2_33.jpg,A2,False,-1,-1,3
/kaggle/input/datasets/maryemmahmood/glyph2025/Glyph2025/x1/x1_401.png,X1,False,-1,-1,160
/kaggle/input/datasets/maryemmahmood/glyph2025/Glyph2025/m29/220074_m29.png,M29,True,22,74,79
/kaggle/input/datasets/maryemmahmood/glyph2025/Glyph2025/m17/m17_228.jpg,M17,False,-1,-1,73
/kaggle/input/datasets/maryemmahmood/glyph2025/Glyph2025/m17/220420_m17.png,M17,True,22,420,73
/kaggle/input/datasets/maryemmahmood/glyph2025/Glyph2025/n35/n35_160.png,N35,False,-1,-1,94
/kaggle/input/datasets/maryemmahmood/glyph2025/Glyph2025/r4/r4_75.png,R4,False,-1,-1,116
/kaggle/input/datasets/maryemmahmood/glyph2025/Glyph2025/d35/d35_34.png,D35,False,-1,-1,16
/kaggle/input/datasets/maryemmahmood/glyph2025/Glyph2025/v28/v28_105.png,V28,False,-1,-1,142
/kaggle/input/datasets/maryemmahmood/glyph2025/Glyph2025/z1/410003_z1.png,Z1,True,41,3,168
/kaggle/input/datasets/maryemmahmood/glyph2025/Glyph2025/g43/390367_g43.png,G43,True,39,367,60
/kaggle/input/datasets/maryemmahmood/glyph2025/Glyph2025/g43/g43_60.jpg,G43,False,-1,-1,60
/kaggle/input/datasets/maryemmahmood/glyph2025/Glyph2025/s34/s34_36.png,S34,False,-1,-1,126
/kaggle/input/datasets/maryemmahmood/glyph2025/Glyph2025/n29/030289_n29.png,N29,True,3,289,90
/kaggle/input/datasets/maryemmahmood/glyph2025/Glyph2025/m17/m17_386.png,M17,False,-1,-1,73
/kaggle/input/datasets/maryemmahmood/glyph2025/Glyph2025/n35/220141_n35.png,N35,True,22,141,94
/kaggle/input/datasets/maryemmahmood/glyph2025/Glyph2025/y5/y5_100.png,Y5,False,-1,-1,167
/kaggle/input/datasets/maryemmahmood/glyph2025/Glyph2025/m17/200295_m17.png,M17,True,20,295,73
/kaggle/input/datasets/maryemmahmood/glyph2025/Glyph2025/n35/n35_246.png,N35,False,-1,-1,94
/kaggle/input/datasets/maryemmahmood/glyph2025/Glyph2025/q3/q3_33.png,Q3,False,-1,-1,113
/kaggle/input/datasets/maryemmahmood/glyph2025/Glyph2025/g43/g43_116.png,G43,False,-1,-1,60
/kaggle/input/datasets/maryemmahmood/glyph2025/Glyph2025/x1/230394_x1.png,X1,True,23,394,160
/kaggle/input/datasets/maryemmahmood/glyph2025/Glyph2025/i9/i9_268.png,I9,False,-1,-1,68
/kaggle/input/datasets/maryemmahmood/glyph2025/Glyph2025/i9/230056_i9.png,I9,True,23,56,68
/kaggle/input/datasets/maryemmahmood/glyph2025/Glyph2025/m17/230301_m17.png,M17,True,23,301,73
/kaggle/input/datasets/maryemmahmood/glyph2025/Glyph2025/d40/d40_12.png,D40,False,-1,-1,21
/kaggle/input/datasets/maryemmahmood/glyph2025/Glyph2025/x1/x1_71.jpg,X1,False,-1,-1,160
/kaggle/input/datasets/maryemmahmood/glyph2025/Glyph2025/v30/v30_17.jpg,V30,False,-1,-1,144
/kaggle/input/datasets/maryemmahmood/glyph2025/Glyph2025/x1/x1_95.png,X1,False,-1,-1,160
/kaggle/input/datasets/maryemmahmood/glyph2025/Glyph2025/w18/w18_16.png,W18,False,-1,-1,153
/kaggle/input/datasets/maryemmahmood/glyph2025/Glyph2025/n5/n5_1.jpg,N5,False,-1,-1,98
/kaggle/input/datasets/maryemmahmood/glyph2025/Glyph2025/n37/n37_14.png,N37,False,-1,-1,96
/kaggle/input/datasets/maryemmahmood/glyph2025/Glyph2025/v28/v28_113.png,V28,False,-1,-1,142
/kaggle/input/datasets/maryemmahmood/glyph2025/Glyph2025/t21/t21_3.jpg,T21,False,-1,-1,129
/kaggle/input/datasets/maryemmahmood/glyph2025/Glyph2025/y1/y1_100.png,Y1,False,-1,-1,163
/kaggle/input/datasets/maryemmahmood/glyph2025/Glyph2025/g43/230377_g43.png,G43,True,23,377,60
/kaggle/input/datasets/maryemmahmood/glyph2025/Glyph2025/g35/090374_g35.png,G35,True,9,374,53
/kaggle/input/datasets/maryemmahmood/glyph2025/Glyph2025/g17/g17_31.jpg,G17,False,-1,-1,51
/kaggle/input/datasets/maryemmahmood/glyph2025/Glyph2025/x1/030004_x1.png,X1,True,3,4,160
/kaggle/input/datasets/maryemmahmood/glyph2025/Glyph2025/d4/d4_200.png,D4,False,-1,-1,20
/kaggle/input/datasets/maryemmahmood/glyph2025/Glyph2025/v31/v31_71.png,V31,False,-1,-1,145
/kaggle/input/datasets/maryemmahmood/glyph2025/Glyph2025/t28/030102_t28.png,T28,True,3,102,131
/kaggle/input/datasets/maryemmahmood/glyph2025/Glyph2025/o29/o29_4.jpg,O29,False,-1,-1,101
/kaggle/input/datasets/maryemmahmood/glyph2025/Glyph2025/i9/i9_175.jpg,I9,False,-1,-1,68
/kaggle/input/datasets/maryemmahmood/glyph2025/Glyph2025/n35/n35_506.jpg,N35,False,-1,-1,94
/kaggle/input/datasets/maryemmahmood/glyph2025/Glyph2025/d46/d46_29.png,D46,False,-1,-1,23
/kaggle/input/datasets/maryemmahmood/glyph2025/Glyph2025/g25/410090_g25.png,G25,True,41,90,52
/kaggle/input/datasets/maryemmahmood/glyph2025/Glyph2025/d28/d28_75.png,D28,False,-1,-1,15
/kaggle/input/datasets/maryemmahmood/glyph2025/Glyph2025/u7/u7_57.jpg,U7,False,-1,-1,137
/kaggle/input/datasets/maryemmahmood/glyph2025/Glyph2025/f1/f1_33.png,F1,False,-1,-1,37
/kaggle/input/datasets/maryemmahmood/glyph2025/Glyph2025/x1/x1_290.png,X1,False,-1,-1,160
/kaggle/input/datasets/maryemmahmood/glyph2025/Glyph2025/m17/050042_m17.png,M17,True,5,42,73
/kaggle/input/datasets/maryemmahmood/glyph2025/Glyph2025/f35/f35_54.jpg,F35,False,-1,-1,46
/kaggle/input/datasets/maryemmahmood/glyph2025/Glyph2025/e34/090048_e34.png,E34,True,9,48,34
/kaggle/input/datasets/maryemmahmood/glyph2025/Glyph2025/d39/d39_13.jpg,D39,False,-1,-1,19
/kaggle/input/datasets/maryemmahmood/glyph2025/Glyph2025/i9/410200_i9.png,I9,True,41,200,68
/kaggle/input/datasets/maryemmahmood/glyph2025/Glyph2025/i9/i9_197.png,I9,False,-1,-1,68
/kaggle/input/datasets/maryemmahmood/glyph2025/Glyph2025/s34/410184_s34.png,S34,True,41,184,126
/kaggle/input/datasets/maryemmahmood/glyph2025/Glyph2025/g17/g17_44.jpg,G17,False,-1,-1,51
/kaggle/input/datasets/maryemmahmood/glyph2025/Glyph2025/m17/390044_m17.png,M17,True,39,44,73
/kaggle/input/datasets/maryemmahmood/glyph2025/Glyph2025/s21/s21_10.png,S21,False,-1,-1,120
/kaggle/input/datasets/maryemmahmood/glyph2025/Glyph2025/s34/s34_124.jpg,S34,False,-1,-1,126
/kaggle/input/datasets/maryemmahmood/glyph2025/Glyph2025/r4/r4_97.png,R4,False,-1,-1,116
/kaggle/input/datasets/maryemmahmood/glyph2025/Glyph2025/y1/y1_27.jpg,Y1,False,-1,-1,163
/kaggle/input/datasets/maryemmahmood/glyph2025/Glyph2025/s34/s34_104.png,S34,False,-1,-1,126
/kaggle/input/datasets/maryemmahmood/glyph2025/Glyph2025/e34/210177_e34.png,E34,True,21,177,34
/kaggle/input/datasets/maryemmahmood/glyph2025/Glyph2025/o34/o34_42.png,O34,False,-1,-1,103
/kaggle/input/datasets/maryemmahmood/glyph2025/Glyph2025/n35/030433_n35.png,N35,True,3,433,94
/kaggle/input/datasets/maryemmahmood/glyph2025/Glyph2025/x8/x8_75.png,X8,False,-1,-1,162
/kaggle/input/datasets/maryemmahmood/glyph2025/Glyph2025/x1/x1_48.png,X1,False,-1,-1,160
/kaggle/input/datasets/maryemmahmood/glyph2025/Glyph2025/n35/n35_119.png,N35,False,-1,-1,94
/kaggle/input/datasets/maryemmahmood/glyph2025/Glyph2025/s34/s34_64.png,S34,False,-1,-1,126
/kaggle/input/datasets/maryemmahmood/glyph2025/Glyph2025/s3/s3_11.png,S3,False,-1,-1,125
/kaggle/input/datasets/maryemmahmood/glyph2025/Glyph2025/f35/f35_82.png,F35,False,-1,-1,46
/kaggle/input/datasets/maryemmahmood/glyph2025/Glyph2025/m17/220088_m17.png,M17,True,22,88,73
/kaggle/input/datasets/maryemmahmood/glyph2025/Glyph2025/f35/f35_98.png,F35,False,-1,-1,46
/kaggle/input/datasets/maryemmahmood/glyph2025/Glyph2025/v28/v28_61.png,V28,False,-1,-1,142
/kaggle/input/datasets/maryemmahmood/glyph2025/Glyph2025/d21/d21_186.png,D21,False,-1,-1,14
/kaggle/input/datasets/maryemmahmood/glyph2025/Glyph2025/g43/g43_72.jpg,G43,False,-1,-1,60
/kaggle/input/datasets/maryemmahmood/glyph2025/Glyph2025/n35/n35_307.png,N35,False,-1,-1,94
/kaggle/input/datasets/maryemmahmood/glyph2025/Glyph2025/i10/210203_i10.png,I10,True,21,203,66
/kaggle/input/datasets/maryemmahmood/glyph2025/Glyph2025/d36/d36_56.png,D36,False,-1,-1,17
/kaggle/input/datasets/maryemmahmood/glyph2025/Glyph2025/d58/090159_d58.png,D58,True,9,159,28
/kaggle/input/datasets/maryemmahmood/glyph2025/Glyph2025/u15/090122_u15.png,U15,True,9,122,133
/kaggle/input/datasets/maryemmahmood/glyph2025/Glyph2025/n35/220034_n35.png,N35,True,22,34,94
/kaggle/input/datasets/maryemmahmood/glyph2025/Glyph2025/w19/w19_34.jpg,W19,False,-1,-1,154
/kaggle/input/datasets/maryemmahmood/glyph2025/Glyph2025/v13/030227_v13.png,V13,True,3,227,140
/kaggle/input/datasets/maryemmahmood/glyph2025/Glyph2025/a1/a1_138.jpg,A1,False,-1,-1,0
/kaggle/input/datasets/maryemmahmood/glyph2025/Glyph2025/m23/m23_166.png,M23,False,-1,-1,78
/kaggle/input/datasets/maryemmahmood/glyph2025/Glyph2025/s34/s34_22.jpg,S34,False,-1,-1,126
/kaggle/input/datasets/maryemmahmood/glyph2025/Glyph2025/n18/410188_n18.png,N18,True,41,188,86
/kaggle/input/datasets/maryemmahmood/glyph2025/Glyph2025/x8/x8_90.png,X8,False,-1,-1,162
/kaggle/input/datasets/maryemmahmood/glyph2025/Glyph2025/n35/n35_393.png,N35,False,-1,-1,94
/kaggle/input/datasets/maryemmahmood/glyph2025/Glyph2025/o50/410273_o50.png,O50,True,41,273,106
/kaggle/input/datasets/maryemmahmood/glyph2025/Glyph2025/g17/g17_72.png,G17,False,-1,-1,51
/kaggle/input/datasets/maryemmahmood/glyph2025/Glyph2025/m17/m17_472.png,M17,False,-1,-1,73
/kaggle/input/datasets/maryemmahmood/glyph2025/Glyph2025/o4/o4_12.jpg,O4,False,-1,-1,104
/kaggle/input/datasets/maryemmahmood/glyph2025/Glyph2025/m23/m23_61.jpg,M23,False,-1,-1,78
/kaggle/input/datasets/maryemmahmood/glyph2025/Glyph2025/s29/s29_148.png,S29,False,-1,-1,124
/kaggle/input/datasets/maryemmahmood/glyph2025/Glyph2025/y5/y5_5.jpg,Y5,False,-1,-1,167
/kaggle/input/datasets/maryemmahmood/glyph2025/Glyph2025/o3/o3_6.png,O3,False,-1,-1,102
/kaggle/input/datasets/maryemmahmood/glyph2025/Glyph2025/e1/e1_8.jpg,E1,False,-1,-1,30
/kaggle/input/datasets/maryemmahmood/glyph2025/Glyph2025/p8/200283_p8.png,P8,True,20,283,110
/kaggle/input/datasets/maryemmahmood/glyph2025/Glyph2025/m17/390066_m17.png,M17,True,39,66,73
/kaggle/input/datasets/maryemmahmood/glyph2025/Glyph2025/n35/390317_n35.png,N35,True,39,317,94
/kaggle/input/datasets/maryemmahmood/glyph2025/Glyph2025/n42/n42_12.png,N42,False,-1,-1,97
/kaggle/input/datasets/maryemmahmood/glyph2025/Glyph2025/i9/i9_169.png,I9,False,-1,-1,68
/kaggle/input/datasets/maryemmahmood/glyph2025/Glyph2025/d21/090232_d21.png,D21,True,9,232,14
/kaggle/input/datasets/maryemmahmood/glyph2025/Glyph2025/d21/d21_59.png,D21,False,-1,-1,14
/kaggle/input/datasets/maryemmahmood/glyph2025/Glyph2025/v20/v20_7.png,V20,False,-1,-1,141
/kaggle/input/datasets/maryemmahmood/glyph2025/Glyph2025/d36/050258_d36.png,D36,True,5,258,17
/kaggle/input/datasets/maryemmahmood/glyph2025/Glyph2025/q1/q1_37.jpg,Q1,False,-1,-1,111
/kaggle/input/datasets/maryemmahmood/glyph2025/Glyph2025/aa15/aa15_55.png,AA15,False,-1,-1,10
/kaggle/input/datasets/maryemmahmood/glyph2025/Glyph2025/o34/o34_43.png,O34,False,-1,-1,103
/kaggle/input/datasets/maryemmahmood/glyph2025/Glyph2025/q1/q1_74.png,Q1,False,-1,-1,111
/kaggle/input/datasets/maryemmahmood/glyph2025/Glyph2025/m17/230248_m17.png,M17,True,23,248,73
/kaggle/input/datasets/maryemmahmood/glyph2025/Glyph2025/q3/q3_8.png,Q3,False,-1,-1,113
/kaggle/input/datasets/maryemmahmood/glyph2025/Glyph2025/r8/r8_159.png,R8,False,-1,-1,118
/kaggle/input/datasets/maryemmahmood/glyph2025/Glyph2025/g36/g36_33.jpg,G36,False,-1,-1,54
/kaggle/input/datasets/maryemmahmood/glyph2025/Glyph2025/i10/220349_i10.png,I10,True,22,349,66
/kaggle/input/datasets/maryemmahmood/glyph2025/Glyph2025/i9/i9_323.png,I9,False,-1,-1,68
/kaggle/input/datasets/maryemmahmood/glyph2025/Glyph2025/x8/x8_118.png,X8,False,-1,-1,162
/kaggle/input/datasets/maryemmahmood/glyph2025/Glyph2025/y5/y5_77.png,Y5,False,-1,-1,167
/kaggle/input/datasets/maryemmahmood/glyph2025/Glyph2025/r4/r4_128.png,R4,False,-1,-1,116
/kaggle/input/datasets/maryemmahmood/glyph2025/Glyph2025/z1/z1_53.png,Z1,False,-1,-1,168
/kaggle/input/datasets/maryemmahmood/glyph2025/Glyph2025/n35/n35_237.png,N35,False,-1,-1,94
/kaggle/input/datasets/maryemmahmood/glyph2025/Glyph2025/r8/r8_150.png,R8,False,-1,-1,118
/kaggle/input/datasets/maryemmahmood/glyph2025/Glyph2025/d21/390287_d21.png,D21,True,39,287,14
/kaggle/input/datasets/maryemmahmood/glyph2025/Glyph2025/v30/v30_186.png,V30,False,-1,-1,144
/kaggle/input/datasets/maryemmahmood/glyph2025/Glyph2025/a50/a50_11.jpg,A50,False,-1,-1,8
/kaggle/input/datasets/maryemmahmood/glyph2025/Glyph2025/f12/f12_4.png,F12,False,-1,-1,38
/kaggle/input/datasets/maryemmahmood/glyph2025/Glyph2025/t28/t28_1.png,T28,False,-1,-1,131
/kaggle/input/datasets/maryemmahmood/glyph2025/Glyph2025/x1/x1_279.png,X1,False,-1,-1,160
/kaggle/input/datasets/maryemmahmood/glyph2025/Glyph2025/a30/a30_10.jpg,A30,False,-1,-1,5
/kaggle/input/datasets/maryemmahmood/glyph2025/Glyph2025/d4/d4_25.jpg,D4,False,-1,-1,20
/kaggle/input/datasets/maryemmahmood/glyph2025/Glyph2025/f35/f35_149.png,F35,False,-1,-1,46
/kaggle/input/datasets/maryemmahmood/glyph2025/Glyph2025/m17/m17_330.png,M17,False,-1,-1,73
/kaggle/input/datasets/maryemmahmood/glyph2025/Glyph2025/m17/090388_m17.png,M17,True,9,388,73
/kaggle/input/datasets/maryemmahmood/glyph2025/Glyph2025/f39/f39_9.png,F39,False,-1,-1,47
/kaggle/input/datasets/maryemmahmood/glyph2025/Glyph2025/e34/e34_28.png,E34,False,-1,-1,34
/kaggle/input/datasets/maryemmahmood/glyph2025/Glyph2025/x7/x7_5.jpg,X7,False,-1,-1,161
/kaggle/input/datasets/maryemmahmood/glyph2025/Glyph2025/q1/q1_152.png,Q1,False,-1,-1,111
/kaggle/input/datasets/maryemmahmood/glyph2025/Glyph2025/n35/n35_510.png,N35,False,-1,-1,94
/kaggle/input/datasets/maryemmahmood/glyph2025/Glyph2025/z1/030338_z1.png,Z1,True,3,338,168
/kaggle/input/datasets/maryemmahmood/glyph2025/Glyph2025/f1/f1_26.png,F1,False,-1,-1,37
/kaggle/input/datasets/maryemmahmood/glyph2025/Glyph2025/v28/v28_148.png,V28,False,-1,-1,142
/kaggle/input/datasets/maryemmahmood/glyph2025/Glyph2025/d21/410028_d21.png,D21,True,41,28,14
/kaggle/input/datasets/maryemmahmood/glyph2025/Glyph2025/o34/030246_o34.png,O34,True,3,246,103
/kaggle/input/datasets/maryemmahmood/glyph2025/Glyph2025/y5/y5_78.png,Y5,False,-1,-1,167
/kaggle/input/datasets/maryemmahmood/glyph2025/Glyph2025/i9/i9_270.png,I9,False,-1,-1,68
/kaggle/input/datasets/maryemmahmood/glyph2025/Glyph2025/i1/i1_11.png,I1,False,-1,-1,65
/kaggle/input/datasets/maryemmahmood/glyph2025/Glyph2025/v31/v31_40.jpg,V31,False,-1,-1,145
/kaggle/input/datasets/maryemmahmood/glyph2025/Glyph2025/n35/220423_n35.png,N35,True,22,423,94
/kaggle/input/datasets/maryemmahmood/glyph2025/Glyph2025/r8/r8_135.png,R8,False,-1,-1,118
/kaggle/input/datasets/maryemmahmood/glyph2025/Glyph2025/g43/g43_152.jpg,G43,False,-1,-1,60
/kaggle/input/datasets/maryemmahmood/glyph2025/Glyph2025/n37/n37_8.png,N37,False,-1,-1,96
/kaggle/input/datasets/maryemmahmood/glyph2025/Glyph2025/y5/y5_104.png,Y5,False,-1,-1,167
/kaggle/input/datasets/maryemmahmood/glyph2025/Glyph2025/v30/v30_20.png,V30,False,-1,-1,144
/kaggle/input/datasets/maryemmahmood/glyph2025/Glyph2025/u1/u1_2.jpg,U1,False,-1,-1,132
/kaggle/input/datasets/maryemmahmood/glyph2025/Glyph2025/q1/q1_16.jpg,Q1,False,-1,-1,111
/kaggle/input/datasets/maryemmahmood/glyph2025/Glyph2025/v28/v28_84.png,V28,False,-1,-1,142
/kaggle/input/datasets/maryemmahmood/glyph2025/Glyph2025/aa15/aa15_22.png,AA15,False,-1,-1,10
/kaggle/input/datasets/maryemmahmood/glyph2025/Glyph2025/y1/y1_2.jpg,Y1,False,-1,-1,163
/kaggle/input/datasets/maryemmahmood/glyph2025/Glyph2025/r4/r4_63.png,R4,False,-1,-1,116
/kaggle/input/datasets/maryemmahmood/glyph2025/Glyph2025/w11/030050_w11.png,W11,True,3,50,149
/kaggle/input/datasets/maryemmahmood/glyph2025/Glyph2025/s29/s29_109.png,S29,False,-1,-1,124
/kaggle/input/datasets/maryemmahmood/glyph2025/Glyph2025/g43/g43_175.jpg,G43,False,-1,-1,60
/kaggle/input/datasets/maryemmahmood/glyph2025/Glyph2025/m17/m17_276.png,M17,False,-1,-1,73
/kaggle/input/datasets/maryemmahmood/glyph2025/Glyph2025/a1/a1_15.png,A1,False,-1,-1,0
/kaggle/input/datasets/maryemmahmood/glyph2025/Glyph2025/m17/030301_m17.png,M17,True,3,301,73
/kaggle/input/datasets/maryemmahmood/glyph2025/Glyph2025/s19/s19_4.png,S19,False,-1,-1,119
/kaggle/input/datasets/maryemmahmood/glyph2025/Glyph2025/o3/o3_5.jpg,O3,False,-1,-1,102
/kaggle/input/datasets/maryemmahmood/glyph2025/Glyph2025/x8/x8_101.png,X8,False,-1,-1,162
/kaggle/input/datasets/maryemmahmood/glyph2025/Glyph2025/q1/q1_22.jpg,Q1,False,-1,-1,111
/kaggle/input/datasets/maryemmahmood/glyph2025/Glyph2025/d46/d46_77.jpg,D46,False,-1,-1,23
/kaggle/input/datasets/maryemmahmood/glyph2025/Glyph2025/i9/i9_32.png,I9,False,-1,-1,68
/kaggle/input/datasets/maryemmahmood/glyph2025/Glyph2025/d21/200255_d21.png,D21,True,20,255,14
/kaggle/input/datasets/maryemmahmood/glyph2025/Glyph2025/l1/l1_7.png,L1,False,-1,-1,69
/kaggle/input/datasets/maryemmahmood/glyph2025/Glyph2025/i9/050075_i9.png,I9,True,5,75,68
/kaggle/input/datasets/maryemmahmood/glyph2025/Glyph2025/d56/d56_1.jpg,D56,False,-1,-1,27
/kaggle/input/datasets/maryemmahmood/glyph2025/Glyph2025/g40/g40_8.png,G40,False,-1,-1,59
/kaggle/input/datasets/maryemmahmood/glyph2025/Glyph2025/o49/o49_72.png,O49,False,-1,-1,105
/kaggle/input/datasets/maryemmahmood/glyph2025/Glyph2025/z11/210323_z11.png,Z11,True,21,323,169
/kaggle/input/datasets/maryemmahmood/glyph2025/Glyph2025/m17/m17_177.png,M17,False,-1,-1,73
/kaggle/input/datasets/maryemmahmood/glyph2025/Glyph2025/r8/r8_36.png,R8,False,-1,-1,118
/kaggle/input/datasets/maryemmahmood/glyph2025/Glyph2025/x1/x1_78.png,X1,False,-1,-1,160
/kaggle/input/datasets/maryemmahmood/glyph2025/Glyph2025/i1/i1_8.png,I1,False,-1,-1,65
/kaggle/input/datasets/maryemmahmood/glyph2025/Glyph2025/m17/m17_298.jpg,M17,False,-1,-1,73
/kaggle/input/datasets/maryemmahmood/glyph2025/Glyph2025/z3/z3_9.png,Z3,False,-1,-1,172
/kaggle/input/datasets/maryemmahmood/glyph2025/Glyph2025/x1/x1_406.png,X1,False,-1,-1,160
/kaggle/input/datasets/maryemmahmood/glyph2025/Glyph2025/m23/m23_49.png,M23,False,-1,-1,78
/kaggle/input/datasets/maryemmahmood/glyph2025/Glyph2025/n35/n35_503.png,N35,False,-1,-1,94
/kaggle/input/datasets/maryemmahmood/glyph2025/Glyph2025/m17/m17_441.png,M17,False,-1,-1,73
/kaggle/input/datasets/maryemmahmood/glyph2025/Glyph2025/i10/i10_18.png,I10,False,-1,-1,66
/kaggle/input/datasets/maryemmahmood/glyph2025/Glyph2025/g14/g14_2.png,G14,False,-1,-1,50
/kaggle/input/datasets/maryemmahmood/glyph2025/Glyph2025/x1/200198_x1.png,X1,True,20,198,160
/kaggle/input/datasets/maryemmahmood/glyph2025/Glyph2025/v31/410011_v31.png,V31,True,41,11,145
/kaggle/input/datasets/maryemmahmood/glyph2025/Glyph2025/e34/230396_e34.png,E34,True,23,396,34
/kaggle/input/datasets/maryemmahmood/glyph2025/Glyph2025/l1/410334_l1.png,L1,True,41,334,69
/kaggle/input/datasets/maryemmahmood/glyph2025/Glyph2025/n35/n35_190.png,N35,False,-1,-1,94
/kaggle/input/datasets/maryemmahmood/glyph2025/Glyph2025/d35/d35_8.jpg,D35,False,-1,-1,16
/kaggle/input/datasets/maryemmahmood/glyph2025/Glyph2025/d28/d28_24.png,D28,False,-1,-1,15
/kaggle/input/datasets/maryemmahmood/glyph2025/Glyph2025/z11/z11_17.jpg,Z11,False,-1,-1,169
/kaggle/input/datasets/maryemmahmood/glyph2025/Glyph2025/n35/n35_534.png,N35,False,-1,-1,94
/kaggle/input/datasets/maryemmahmood/glyph2025/Glyph2025/r4/220316_r4.png,R4,True,22,316,116
/kaggle/input/datasets/maryemmahmood/glyph2025/Glyph2025/n35/n35_183.png,N35,False,-1,-1,94
/kaggle/input/datasets/maryemmahmood/glyph2025/Glyph2025/n35/n35_276.png,N35,False,-1,-1,94
/kaggle/input/datasets/maryemmahmood/glyph2025/Glyph2025/v28/v28_111.png,V28,False,-1,-1,142
/kaggle/input/datasets/maryemmahmood/glyph2025/Glyph2025/f35/f35_10.png,F35,False,-1,-1,46
/kaggle/input/datasets/maryemmahmood/glyph2025/Glyph2025/d39/d39_12.jpg,D39,False,-1,-1,19
/kaggle/input/datasets/maryemmahmood/glyph2025/Glyph2025/o6/o6_5.png,O6,False,-1,-1,107
/kaggle/input/datasets/maryemmahmood/glyph2025/Glyph2025/n35/210350_n35.png,N35,True,21,350,94
/kaggle/input/datasets/maryemmahmood/glyph2025/Glyph2025/d4/d4_236.png,D4,False,-1,-1,20
/kaggle/input/datasets/maryemmahmood/glyph2025/Glyph2025/v29/v29_14.png,V29,False,-1,-1,143
/kaggle/input/datasets/maryemmahmood/glyph2025/Glyph2025/q1/q1_91.png,Q1,False,-1,-1,111
/kaggle/input/datasets/maryemmahmood/glyph2025/Glyph2025/i9/i9_49.png,I9,False,-1,-1,68
/kaggle/input/datasets/maryemmahmood/glyph2025/Glyph2025/d21/d21_143.png,D21,False,-1,-1,14
/kaggle/input/datasets/maryemmahmood/glyph2025/Glyph2025/d58/390052_d58.png,D58,True,39,52,28
/kaggle/input/datasets/maryemmahmood/glyph2025/Glyph2025/v13/v13_10.jpg,V13,False,-1,-1,140
/kaggle/input/datasets/maryemmahmood/glyph2025/Glyph2025/s29/210021_s29.png,S29,True,21,21,124
/kaggle/input/datasets/maryemmahmood/glyph2025/Glyph2025/x1/220304_x1.png,X1,True,22,304,160
/kaggle/input/datasets/maryemmahmood/glyph2025/Glyph2025/x1/x1_47.png,X1,False,-1,-1,160
/kaggle/input/datasets/maryemmahmood/glyph2025/Glyph2025/d2/d2_23.png,D2,False,-1,-1,13
/kaggle/input/datasets/maryemmahmood/glyph2025/Glyph2025/q3/q3_59.png,Q3,False,-1,-1,113
/kaggle/input/datasets/maryemmahmood/glyph2025/Glyph2025/m23/m23_67.png,M23,False,-1,-1,78
/kaggle/input/datasets/maryemmahmood/glyph2025/Glyph2025/r4/r4_126.jpg,R4,False,-1,-1,116
/kaggle/input/datasets/maryemmahmood/glyph2025/Glyph2025/s29/410284_s29.png,S29,True,41,284,124
/kaggle/input/datasets/maryemmahmood/glyph2025/Glyph2025/w14/w14_2.jpg,W14,False,-1,-1,150
/kaggle/input/datasets/maryemmahmood/glyph2025/Glyph2025/n36/n36_7.png,N36,False,-1,-1,95
/kaggle/input/datasets/maryemmahmood/glyph2025/Glyph2025/u7/u7_37.png,U7,False,-1,-1,137
/kaggle/input/datasets/maryemmahmood/glyph2025/Glyph2025/n33/n33_12.png,N33,False,-1,-1,92
/kaggle/input/datasets/maryemmahmood/glyph2025/Glyph2025/v28/v28_154.png,V28,False,-1,-1,142
/kaggle/input/datasets/maryemmahmood/glyph2025/Glyph2025/v31/410155_v31.png,V31,True,41,155,145
/kaggle/input/datasets/maryemmahmood/glyph2025/Glyph2025/d35/d35_3.png,D35,False,-1,-1,16
/kaggle/input/datasets/maryemmahmood/glyph2025/Glyph2025/i10/i10_33.png,I10,False,-1,-1,66
/kaggle/input/datasets/maryemmahmood/glyph2025/Glyph2025/m17/050371_m17.png,M17,True,5,371,73
/kaggle/input/datasets/maryemmahmood/glyph2025/Glyph2025/y5/y5_51.jpg,Y5,False,-1,-1,167
/kaggle/input/datasets/maryemmahmood/glyph2025/Glyph2025/y1/y1_124.jpg,Y1,False,-1,-1,163
/kaggle/input/datasets/maryemmahmood/glyph2025/Glyph2025/v31/v31_17.jpg,V31,False,-1,-1,145
/kaggle/input/datasets/maryemmahmood/glyph2025/Glyph2025/o49/o49_102.png,O49,False,-1,-1,105
/kaggle/input/datasets/maryemmahmood/glyph2025/Glyph2025/x1/x1_395.jpg,X1,False,-1,-1,160
/kaggle/input/datasets/maryemmahmood/glyph2025/Glyph2025/d37/d37_123.png,D37,False,-1,-1,18
/kaggle/input/datasets/maryemmahmood/glyph2025/Glyph2025/s29/390349_s29.png,S29,True,39,349,124
/kaggle/input/datasets/maryemmahmood/glyph2025/Glyph2025/g43/210261_g43.png,G43,True,21,261,60
/kaggle/input/datasets/maryemmahmood/glyph2025/Glyph2025/v30/v30_164.png,V30,False,-1,-1,144
/kaggle/input/datasets/maryemmahmood/glyph2025/Glyph2025/o34/o34_52.png,O34,False,-1,-1,103
/kaggle/input/datasets/maryemmahmood/glyph2025/Glyph2025/m17/m17_395.png,M17,False,-1,-1,73
/kaggle/input/datasets/maryemmahmood/glyph2025/Glyph2025/y5/y5_38.png,Y5,False,-1,-1,167
/kaggle/input/datasets/maryemmahmood/glyph2025/Glyph2025/d21/d21_96.png,D21,False,-1,-1,14
/kaggle/input/datasets/maryemmahmood/glyph2025/Glyph2025/x1/x1_154.jpg,X1,False,-1,-1,160
/kaggle/input/datasets/maryemmahmood/glyph2025/Glyph2025/v31/v31_115.png,V31,False,-1,-1,145
/kaggle/input/datasets/maryemmahmood/glyph2025/Glyph2025/v13/050061_v13.png,V13,True,5,61,140
/kaggle/input/datasets/maryemmahmood/glyph2025/Glyph2025/f18/f18_6.jpg,F18,False,-1,-1,40
/kaggle/input/datasets/maryemmahmood/glyph2025/Glyph2025/r4/r4_138.png,R4,False,-1,-1,116
/kaggle/input/datasets/maryemmahmood/glyph2025/Glyph2025/aa15/aa15_3.png,AA15,False,-1,-1,10
/kaggle/input/datasets/maryemmahmood/glyph2025/Glyph2025/n31/230395_n31.png,N31,True,23,395,91
/kaggle/input/datasets/maryemmahmood/glyph2025/Glyph2025/d21/390045_d21.png,D21,True,39,45,14
/kaggle/input/datasets/maryemmahmood/glyph2025/Glyph2025/o50/o50_4.png,O50,False,-1,-1,106
/kaggle/input/datasets/maryemmahmood/glyph2025/Glyph2025/d4/d4_17.png,D4,False,-1,-1,20
/kaggle/input/datasets/maryemmahmood/glyph2025/Glyph2025/d2/d2_16.jpg,D2,False,-1,-1,13
/kaggle/input/datasets/maryemmahmood/glyph2025/Glyph2025/m17/m17_73.jpg,M17,False,-1,-1,73
/kaggle/input/datasets/maryemmahmood/glyph2025/Glyph2025/n1/n1_73.png,N1,False,-1,-1,83
/kaggle/input/datasets/maryemmahmood/glyph2025/Glyph2025/u23/u23_28.png,U23,False,-1,-1,134
/kaggle/input/datasets/maryemmahmood/glyph2025/Glyph2025/m23/m23_9.png,M23,False,-1,-1,78
/kaggle/input/datasets/maryemmahmood/glyph2025/Glyph2025/z1/230190_z1.png,Z1,True,23,190,168
/kaggle/input/datasets/maryemmahmood/glyph2025/Glyph2025/q3/q3_122.png,Q3,False,-1,-1,113
/kaggle/input/datasets/maryemmahmood/glyph2025/Glyph2025/o49/o49_47.png,O49,False,-1,-1,105
/kaggle/input/datasets/maryemmahmood/glyph2025/Glyph2025/v30/v30_260.jpg,V30,False,-1,-1,144
/kaggle/input/datasets/maryemmahmood/glyph2025/Glyph2025/g40/g40_13.png,G40,False,-1,-1,59
/kaggle/input/datasets/maryemmahmood/glyph2025/Glyph2025/z1/z1_32.png,Z1,False,-1,-1,168
/kaggle/input/datasets/maryemmahmood/glyph2025/Glyph2025/n33/n33_126.png,N33,False,-1,-1,92
/kaggle/input/datasets/maryemmahmood/glyph2025/Glyph2025/q3/410333_q3.png,Q3,True,41,333,113
/kaggle/input/datasets/maryemmahmood/glyph2025/Glyph2025/d39/d39_16.png,D39,False,-1,-1,19
/kaggle/input/datasets/maryemmahmood/glyph2025/Glyph2025/i9/i9_275.png,I9,False,-1,-1,68
/kaggle/input/datasets/maryemmahmood/glyph2025/Glyph2025/w11/050087_w11.png,W11,True,5,87,149
/kaggle/input/datasets/maryemmahmood/glyph2025/Glyph2025/x1/200379_x1.png,X1,True,20,379,160
/kaggle/input/datasets/maryemmahmood/glyph2025/Glyph2025/x7/x7_7.jpg,X7,False,-1,-1,161
/kaggle/input/datasets/maryemmahmood/glyph2025/Glyph2025/m17/m17_429.png,M17,False,-1,-1,73
/kaggle/input/datasets/maryemmahmood/glyph2025/Glyph2025/d21/d21_21.png,D21,False,-1,-1,14
/kaggle/input/datasets/maryemmahmood/glyph2025/Glyph2025/d35/390029_d35.png,D35,True,39,29,16
/kaggle/input/datasets/maryemmahmood/glyph2025/Glyph2025/g17/g17_56.png,G17,False,-1,-1,51
/kaggle/input/datasets/maryemmahmood/glyph2025/Glyph2025/v31/v31_114.png,V31,False,-1,-1,145
/kaggle/input/datasets/maryemmahmood/glyph2025/Glyph2025/q1/q1_76.png,Q1,False,-1,-1,111
/kaggle/input/datasets/maryemmahmood/glyph2025/Glyph2025/s27/s27_19.png,S27,False,-1,-1,122
/kaggle/input/datasets/maryemmahmood/glyph2025/Glyph2025/r8/r8_31.jpg,R8,False,-1,-1,118
/kaggle/input/datasets/maryemmahmood/glyph2025/Glyph2025/n33/n33_121.png,N33,False,-1,-1,92
/kaggle/input/datasets/maryemmahmood/glyph2025/Glyph2025/aa15/aa15_60.png,AA15,False,-1,-1,10
/kaggle/input/datasets/maryemmahmood/glyph2025/Glyph2025/i9/i9_205.png,I9,False,-1,-1,68
/kaggle/input/datasets/maryemmahmood/glyph2025/Glyph2025/f32/f32_5.png,F32,False,-1,-1,44
/kaggle/input/datasets/maryemmahmood/glyph2025/Glyph2025/f39/f39_37.png,F39,False,-1,-1,47
/kaggle/input/datasets/maryemmahmood/glyph2025/Glyph2025/d58/d58_26.png,D58,False,-1,-1,28
/kaggle/input/datasets/maryemmahmood/glyph2025/Glyph2025/g17/g17_48.jpg,G17,False,-1,-1,51
/kaggle/input/datasets/maryemmahmood/glyph2025/Glyph2025/h1/h1_27.png,H1,False,-1,-1,62
/kaggle/input/datasets/maryemmahmood/glyph2025/Glyph2025/d37/d37_30.png,D37,False,-1,-1,18
/kaggle/input/datasets/maryemmahmood/glyph2025/Glyph2025/aa13/aa13_4.png,AA13,False,-1,-1,9
/kaggle/input/datasets/maryemmahmood/glyph2025/Glyph2025/h8/h8_8.png,H8,False,-1,-1,64
/kaggle/input/datasets/maryemmahmood/glyph2025/Glyph2025/aa15/aa15_58.png,AA15,False,-1,-1,10
/kaggle/input/datasets/maryemmahmood/glyph2025/Glyph2025/n33/n33_56.png,N33,False,-1,-1,92
/kaggle/input/datasets/maryemmahmood/glyph2025/Glyph2025/m2/m2_9.png,M2,False,-1,-1,75
/kaggle/input/datasets/maryemmahmood/glyph2025/Glyph2025/d21/d21_204.png,D21,False,-1,-1,14
/kaggle/input/datasets/maryemmahmood/glyph2025/Glyph2025/n35/090335_n35.png,N35,True,9,335,94
/kaggle/input/datasets/maryemmahmood/glyph2025/Glyph2025/v30/v30_80.png,V30,False,-1,-1,144
/kaggle/input/datasets/maryemmahmood/glyph2025/Glyph2025/i9/i9_189.png,I9,False,-1,-1,68
/kaggle/input/datasets/maryemmahmood/glyph2025/Glyph2025/d37/d37_121.png,D37,False,-1,-1,18
/kaggle/input/datasets/maryemmahmood/glyph2025/Glyph2025/m17/m17_305.png,M17,False,-1,-1,73
/kaggle/input/datasets/maryemmahmood/glyph2025/Glyph2025/n14/n14_12.png,N14,False,-1,-1,84
/kaggle/input/datasets/maryemmahmood/glyph2025/Glyph2025/d21/d21_140.png,D21,False,-1,-1,14
/kaggle/input/datasets/maryemmahmood/glyph2025/Glyph2025/v30/v30_35.png,V30,False,-1,-1,144
/kaggle/input/datasets/maryemmahmood/glyph2025/Glyph2025/g43/220266_g43.png,G43,True,22,266,60
/kaggle/input/datasets/maryemmahmood/glyph2025/Glyph2025/f1/f1_16.png,F1,False,-1,-1,37
/kaggle/input/datasets/maryemmahmood/glyph2025/Glyph2025/x1/410348_x1.png,X1,True,41,348,160
/kaggle/input/datasets/maryemmahmood/glyph2025/Glyph2025/u7/u7_6.jpg,U7,False,-1,-1,137
/kaggle/input/datasets/maryemmahmood/glyph2025/Glyph2025/i9/i9_89.png,I9,False,-1,-1,68
/kaggle/input/datasets/maryemmahmood/glyph2025/Glyph2025/s29/030435_s29.png,S29,True,3,435,124
/kaggle/input/datasets/maryemmahmood/glyph2025/Glyph2025/i9/200212_i9.png,I9,True,20,212,68
/kaggle/input/datasets/maryemmahmood/glyph2025/Glyph2025/i9/i9_17.png,I9,False,-1,-1,68
/kaggle/input/datasets/maryemmahmood/glyph2025/Glyph2025/r8/r8_14.png,R8,False,-1,-1,118
/kaggle/input/datasets/maryemmahmood/glyph2025/Glyph2025/o4/o4_3.png,O4,False,-1,-1,104
/kaggle/input/datasets/maryemmahmood/glyph2025/Glyph2025/n35/220403_n35.png,N35,True,22,403,94
/kaggle/input/datasets/maryemmahmood/glyph2025/Glyph2025/x1/390393_x1.png,X1,True,39,393,160
/kaggle/input/datasets/maryemmahmood/glyph2025/Glyph2025/n1/n1_42.jpg,N1,False,-1,-1,83
/kaggle/input/datasets/maryemmahmood/glyph2025/Glyph2025/m17/230050_m17.png,M17,True,23,50,73
/kaggle/input/datasets/maryemmahmood/glyph2025/Glyph2025/v6/v6_23.png,V6,False,-1,-1,147
/kaggle/input/datasets/maryemmahmood/glyph2025/Glyph2025/g43/230135_g43.png,G43,True,23,135,60
/kaggle/input/datasets/maryemmahmood/glyph2025/Glyph2025/g40/g40_14.png,G40,False,-1,-1,59
/kaggle/input/datasets/maryemmahmood/glyph2025/Glyph2025/r8/r8_76.png,R8,False,-1,-1,118
/kaggle/input/datasets/maryemmahmood/glyph2025/Glyph2025/d36/d36_38.png,D36,False,-1,-1,17
/kaggle/input/datasets/maryemmahmood/glyph2025/Glyph2025/f39/f39_22.png,F39,False,-1,-1,47
/kaggle/input/datasets/maryemmahmood/glyph2025/Glyph2025/m17/m17_460.png,M17,False,-1,-1,73
/kaggle/input/datasets/maryemmahmood/glyph2025/Glyph2025/m17/m17_91.jpg,M17,False,-1,-1,73
/kaggle/input/datasets/maryemmahmood/glyph2025/Glyph2025/g43/050121_g43.png,G43,True,5,121,60
/kaggle/input/datasets/maryemmahmood/glyph2025/Glyph2025/g43/g43_88.jpg,G43,False,-1,-1,60
/kaggle/input/datasets/maryemmahmood/glyph2025/Glyph2025/n35/n35_47.jpg,N35,False,-1,-1,94
/kaggle/input/datasets/maryemmahmood/glyph2025/Glyph2025/m17/390226_m17.png,M17,True,39,226,73
/kaggle/input/datasets/maryemmahmood/glyph2025/Glyph2025/n14/050410_n14.png,N14,True,5,410,84
/kaggle/input/datasets/maryemmahmood/glyph2025/Glyph2025/i10/i10_2.png,I10,False,-1,-1,66
/kaggle/input/datasets/maryemmahmood/glyph2025/Glyph2025/o49/o49_60.jpg,O49,False,-1,-1,105
/kaggle/input/datasets/maryemmahmood/glyph2025/Glyph2025/q2/q2_12.png,Q2,False,-1,-1,112
/kaggle/input/datasets/maryemmahmood/glyph2025/Glyph2025/x1/x1_143.png,X1,False,-1,-1,160
/kaggle/input/datasets/maryemmahmood/glyph2025/Glyph2025/s29/030000_s29.png,S29,True,3,0,124
/kaggle/input/datasets/maryemmahmood/glyph2025/Glyph2025/n35/410399_n35.png,N35,True,41,399,94
/kaggle/input/datasets/maryemmahmood/glyph2025/Glyph2025/w17/w17_24.png,W17,False,-1,-1,152
/kaggle/input/datasets/maryemmahmood/glyph2025/Glyph2025/n36/n36_3.png,N36,False,-1,-1,95
/kaggle/input/datasets/maryemmahmood/glyph2025/Glyph2025/m23/m23_108.png,M23,False,-1,-1,78
/kaggle/input/datasets/maryemmahmood/glyph2025/Glyph2025/d2/d2_78.png,D2,False,-1,-1,13
/kaggle/input/datasets/maryemmahmood/glyph2025/Glyph2025/m17/230387_m17.png,M17,True,23,387,73
/kaggle/input/datasets/maryemmahmood/glyph2025/Glyph2025/o50/o50_1.jpg,O50,False,-1,-1,106
/kaggle/input/datasets/maryemmahmood/glyph2025/Glyph2025/n26/n26_30.png,N26,False,-1,-1,89
/kaggle/input/datasets/maryemmahmood/glyph2025/Glyph2025/q1/q1_119.png,Q1,False,-1,-1,111
/kaggle/input/datasets/maryemmahmood/glyph2025/Glyph2025/f35/f35_164.png,F35,False,-1,-1,46
/kaggle/input/datasets/maryemmahmood/glyph2025/Glyph2025/z11/390305_z11.png,Z11,True,39,305,169
/kaggle/input/datasets/maryemmahmood/glyph2025/Glyph2025/x1/x1_310.png,X1,False,-1,-1,160
/kaggle/input/datasets/maryemmahmood/glyph2025/Glyph2025/m17/m17_219.png,M17,False,-1,-1,73
/kaggle/input/datasets/maryemmahmood/glyph2025/Glyph2025/a1/a1_163.jpg,A1,False,-1,-1,0
/kaggle/input/datasets/maryemmahmood/glyph2025/Glyph2025/o50/200014_o50.png,O50,True,20,14,106
/kaggle/input/datasets/maryemmahmood/glyph2025/Glyph2025/s29/s29_65.jpg,S29,False,-1,-1,124
/kaggle/input/datasets/maryemmahmood/glyph2025/Glyph2025/m16/m16_10.jpg,M16,False,-1,-1,72
/kaggle/input/datasets/maryemmahmood/glyph2025/Glyph2025/z1/z1_20.png,Z1,False,-1,-1,168
/kaggle/input/datasets/maryemmahmood/glyph2025/Glyph2025/v31/v31_96.png,V31,False,-1,-1,145
/kaggle/input/datasets/maryemmahmood/glyph2025/Glyph2025/a1/a1_78.jpg,A1,False,-1,-1,0
/kaggle/input/datasets/maryemmahmood/glyph2025/Glyph2025/d60/050113_d60.png,D60,True,5,113,29
/kaggle/input/datasets/maryemmahmood/glyph2025/Glyph2025/v30/v30_251.png,V30,False,-1,-1,144
/kaggle/input/datasets/maryemmahmood/glyph2025/Glyph2025/x1/x1_330.png,X1,False,-1,-1,160
/kaggle/input/datasets/maryemmahmood/glyph2025/Glyph2025/m23/410036_m23.png,M23,True,41,36,78
/kaggle/input/datasets/maryemmahmood/glyph2025/Glyph2025/r8/r8_177.png,R8,False,-1,-1,118
/kaggle/input/datasets/maryemmahmood/glyph2025/Glyph2025/b1/b1_45.jpg,B1,False,-1,-1,11
/kaggle/input/datasets/maryemmahmood/glyph2025/Glyph2025/s29/050335_s29.png,S29,True,5,335,124
/kaggle/input/datasets/maryemmahmood/glyph2025/Glyph2025/v28/v28_56.jpg,V28,False,-1,-1,142
/kaggle/input/datasets/maryemmahmood/glyph2025/Glyph2025/f13/230200_f13.png,F13,True,23,200,39
/kaggle/input/datasets/maryemmahmood/glyph2025/Glyph2025/d21/030055_d21.png,D21,True,3,55,14
/kaggle/input/datasets/maryemmahmood/glyph2025/Glyph2025/v1/v1_11.png,V1,False,-1,-1,138
/kaggle/input/datasets/maryemmahmood/glyph2025/Glyph2025/r4/r4_72.jpg,R4,False,-1,-1,116
/kaggle/input/datasets/maryemmahmood/glyph2025/Glyph2025/m17/m17_107.png,M17,False,-1,-1,73
/kaggle/input/datasets/maryemmahmood/glyph2025/Glyph2025/i9/i9_65.jpg,I9,False,-1,-1,68
/kaggle/input/datasets/maryemmahmood/glyph2025/Glyph2025/q3/q3_94.png,Q3,False,-1,-1,113
/kaggle/input/datasets/maryemmahmood/glyph2025/Glyph2025/d35/220366_d35.png,D35,True,22,366,16
/kaggle/input/datasets/maryemmahmood/glyph2025/Glyph2025/m18/050296_m18.png,M18,True,5,296,74
/kaggle/input/datasets/maryemmahmood/glyph2025/Glyph2025/d28/220128_d28.png,D28,True,22,128,15
/kaggle/input/datasets/maryemmahmood/glyph2025/Glyph2025/i9/i9_11.png,I9,False,-1,-1,68
/kaggle/input/datasets/maryemmahmood/glyph2025/Glyph2025/f35/f35_123.png,F35,False,-1,-1,46
/kaggle/input/datasets/maryemmahmood/glyph2025/Glyph2025/r8/r8_102.png,R8,False,-1,-1,118
/kaggle/input/datasets/maryemmahmood/glyph2025/Glyph2025/e34/030231_e34.png,E34,True,3,231,34
/kaggle/input/datasets/maryemmahmood/glyph2025/Glyph2025/d21/d21_348.png,D21,False,-1,-1,14
/kaggle/input/datasets/maryemmahmood/glyph2025/Glyph2025/n33/n33_69.jpg,N33,False,-1,-1,92
/kaggle/input/datasets/maryemmahmood/glyph2025/Glyph2025/g43/390174_g43.png,G43,True,39,174,60
/kaggle/input/datasets/maryemmahmood/glyph2025/Glyph2025/a40/a40_52.jpg,A40,False,-1,-1,6
/kaggle/input/datasets/maryemmahmood/glyph2025/Glyph2025/x1/x1_327.png,X1,False,-1,-1,160
/kaggle/input/datasets/maryemmahmood/glyph2025/Glyph2025/s29/s29_169.png,S29,False,-1,-1,124
/kaggle/input/datasets/maryemmahmood/glyph2025/Glyph2025/q1/q1_95.png,Q1,False,-1,-1,111
/kaggle/input/datasets/maryemmahmood/glyph2025/Glyph2025/n33/n33_111.png,N33,False,-1,-1,92
/kaggle/input/datasets/maryemmahmood/glyph2025/Glyph2025/g35/030438_g35.png,G35,True,3,438,53
/kaggle/input/datasets/maryemmahmood/glyph2025/Glyph2025/h1/h1_46.png,H1,False,-1,-1,62
/kaggle/input/datasets/maryemmahmood/glyph2025/Glyph2025/r4/090252_r4.png,R4,True,9,252,116
/kaggle/input/datasets/maryemmahmood/glyph2025/Glyph2025/n29/n29_1.png,N29,False,-1,-1,90
/kaggle/input/datasets/maryemmahmood/glyph2025/Glyph2025/d36/030374_d36.png,D36,True,3,374,17
/kaggle/input/datasets/maryemmahmood/glyph2025/Glyph2025/i1/i1_2.jpg,I1,False,-1,-1,65
/kaggle/input/datasets/maryemmahmood/glyph2025/Glyph2025/m17/210225_m17.png,M17,True,21,225,73
/kaggle/input/datasets/maryemmahmood/glyph2025/Glyph2025/i9/i9_164.png,I9,False,-1,-1,68
/kaggle/input/datasets/maryemmahmood/glyph2025/Glyph2025/s34/s34_67.png,S34,False,-1,-1,126
/kaggle/input/datasets/maryemmahmood/glyph2025/Glyph2025/v10/v10_10.jpg,V10,False,-1,-1,139
/kaggle/input/datasets/maryemmahmood/glyph2025/Glyph2025/n25/n25_24.png,N25,False,-1,-1,88
/kaggle/input/datasets/maryemmahmood/glyph2025/Glyph2025/i9/i9_316.png,I9,False,-1,-1,68
/kaggle/input/datasets/maryemmahmood/glyph2025/Glyph2025/o6/o6_4.png,O6,False,-1,-1,107
/kaggle/input/datasets/maryemmahmood/glyph2025/Glyph2025/d2/d2_32.png,D2,False,-1,-1,13
/kaggle/input/datasets/maryemmahmood/glyph2025/Glyph2025/q3/q3_41.png,Q3,False,-1,-1,113
/kaggle/input/datasets/maryemmahmood/glyph2025/Glyph2025/n35/n35_98.jpg,N35,False,-1,-1,94
/kaggle/input/datasets/maryemmahmood/glyph2025/Glyph2025/d58/210277_d58.png,D58,True,21,277,28
/kaggle/input/datasets/maryemmahmood/glyph2025/Glyph2025/d54/d54_15.png,D54,False,-1,-1,25
/kaggle/input/datasets/maryemmahmood/glyph2025/Glyph2025/m17/m17_153.png,M17,False,-1,-1,73
/kaggle/input/datasets/maryemmahmood/glyph2025/Glyph2025/v31/390255_v31.png,V31,True,39,255,145
/kaggle/input/datasets/maryemmahmood/glyph2025/Glyph2025/m17/m17_193.png,M17,False,-1,-1,73
/kaggle/input/datasets/maryemmahmood/glyph2025/Glyph2025/d2/d2_58.png,D2,False,-1,-1,13
/kaggle/input/datasets/maryemmahmood/glyph2025/Glyph2025/g43/g43_172.png,G43,False,-1,-1,60
/kaggle/input/datasets/maryemmahmood/glyph2025/Glyph2025/v7/v7_15.png,V7,False,-1,-1,148
/kaggle/input/datasets/maryemmahmood/glyph2025/Glyph2025/i9/090247_i9.png,I9,True,9,247,68
/kaggle/input/datasets/maryemmahmood/glyph2025/Glyph2025/a2/a2_13.jpg,A2,False,-1,-1,3
/kaggle/input/datasets/maryemmahmood/glyph2025/Glyph2025/aa15/aa15_79.png,AA15,False,-1,-1,10
/kaggle/input/datasets/maryemmahmood/glyph2025/Glyph2025/d4/d4_7.png,D4,False,-1,-1,20
/kaggle/input/datasets/maryemmahmood/glyph2025/Glyph2025/r4/r4_117.png,R4,False,-1,-1,116
/kaggle/input/datasets/maryemmahmood/glyph2025/Glyph2025/v30/v30_24.png,V30,False,-1,-1,144
/kaggle/input/datasets/maryemmahmood/glyph2025/Glyph2025/n35/050186_n35.png,N35,True,5,186,94
/kaggle/input/datasets/maryemmahmood/glyph2025/Glyph2025/d37/d37_134.png,D37,False,-1,-1,18
/kaggle/input/datasets/maryemmahmood/glyph2025/Glyph2025/x8/x8_57.png,X8,False,-1,-1,162
/kaggle/input/datasets/maryemmahmood/glyph2025/Glyph2025/a40/a40_42.png,A40,False,-1,-1,6
/kaggle/input/datasets/maryemmahmood/glyph2025/Glyph2025/l2/l2_2.jpg,L2,False,-1,-1,70
/kaggle/input/datasets/maryemmahmood/glyph2025/Glyph2025/n35/n35_444.png,N35,False,-1,-1,94
/kaggle/input/datasets/maryemmahmood/glyph2025/Glyph2025/x1/x1_16.png,X1,False,-1,-1,160
/kaggle/input/datasets/maryemmahmood/glyph2025/Glyph2025/s29/210011_s29.png,S29,True,21,11,124
/kaggle/input/datasets/maryemmahmood/glyph2025/Glyph2025/s34/s34_6.png,S34,False,-1,-1,126
/kaggle/input/datasets/maryemmahmood/glyph2025/Glyph2025/s27/s27_16.png,S27,False,-1,-1,122
/kaggle/input/datasets/maryemmahmood/glyph2025/Glyph2025/g17/390163_g17.png,G17,True,39,163,51
/kaggle/input/datasets/maryemmahmood/glyph2025/Glyph2025/m17/m17_233.png,M17,False,-1,-1,73
/kaggle/input/datasets/maryemmahmood/glyph2025/Glyph2025/n14/030012_n14.png,N14,True,3,12,84
/kaggle/input/datasets/maryemmahmood/glyph2025/Glyph2025/n35/n35_290.png,N35,False,-1,-1,94
/kaggle/input/datasets/maryemmahmood/glyph2025/Glyph2025/n35/n35_303.png,N35,False,-1,-1,94
/kaggle/input/datasets/maryemmahmood/glyph2025/Glyph2025/d55/d55_31.png,D55,False,-1,-1,26
/kaggle/input/datasets/maryemmahmood/glyph2025/Glyph2025/i9/i9_231.png,I9,False,-1,-1,68
/kaggle/input/datasets/maryemmahmood/glyph2025/Glyph2025/h6/210064_h6.png,H6,True,21,64,63
/kaggle/input/datasets/maryemmahmood/glyph2025/Glyph2025/g35/030145_g35.png,G35,True,3,145,53
/kaggle/input/datasets/maryemmahmood/glyph2025/Glyph2025/i9/i9_120.png,I9,False,-1,-1,68
/kaggle/input/datasets/maryemmahmood/glyph2025/Glyph2025/s29/030407_s29.png,S29,True,3,407,124
/kaggle/input/datasets/maryemmahmood/glyph2025/Glyph2025/d21/d21_350.png,D21,False,-1,-1,14
/kaggle/input/datasets/maryemmahmood/glyph2025/Glyph2025/v30/v30_141.png,V30,False,-1,-1,144
/kaggle/input/datasets/maryemmahmood/glyph2025/Glyph2025/d36/d36_16.jpg,D36,False,-1,-1,17
/kaggle/input/datasets/maryemmahmood/glyph2025/Glyph2025/m17/050290_m17.png,M17,True,5,290,73
/kaggle/input/datasets/maryemmahmood/glyph2025/Glyph2025/s29/220374_s29.png,S29,True,22,374,124
/kaggle/input/datasets/maryemmahmood/glyph2025/Glyph2025/d21/050356_d21.png,D21,True,5,356,14
/kaggle/input/datasets/maryemmahmood/glyph2025/Glyph2025/x1/030368_x1.png,X1,True,3,368,160
/kaggle/input/datasets/maryemmahmood/glyph2025/Glyph2025/i9/i9_325.jpg,I9,False,-1,-1,68
/kaggle/input/datasets/maryemmahmood/glyph2025/Glyph2025/z11/210311_z11.png,Z11,True,21,311,169
/kaggle/input/datasets/maryemmahmood/glyph2025/Glyph2025/f12/f12_15.jpg,F12,False,-1,-1,38
/kaggle/input/datasets/maryemmahmood/glyph2025/Glyph2025/v28/v28_81.png,V28,False,-1,-1,142
/kaggle/input/datasets/maryemmahmood/glyph2025/Glyph2025/y5/y5_7.png,Y5,False,-1,-1,167
/kaggle/input/datasets/maryemmahmood/glyph2025/Glyph2025/g1/410022_g1.png,G1,True,41,22,49
/kaggle/input/datasets/maryemmahmood/glyph2025/Glyph2025/n25/n25_13.jpg,N25,False,-1,-1,88
/kaggle/input/datasets/maryemmahmood/glyph2025/Glyph2025/m17/030053_m17.png,M17,True,3,53,73
/kaggle/input/datasets/maryemmahmood/glyph2025/Glyph2025/d37/d37_65.jpg,D37,False,-1,-1,18
/kaggle/input/datasets/maryemmahmood/glyph2025/Glyph2025/s29/200091_s29.png,S29,True,20,91,124
/kaggle/input/datasets/maryemmahmood/glyph2025/Glyph2025/r8/030118_r8.png,R8,True,3,118,118
/kaggle/input/datasets/maryemmahmood/glyph2025/Glyph2025/d58/d58_94.png,D58,False,-1,-1,28
/kaggle/input/datasets/maryemmahmood/glyph2025/Glyph2025/w24/200353_w24.png,W24,True,20,353,157
/kaggle/input/datasets/maryemmahmood/glyph2025/Glyph2025/s29/390120_s29.png,S29,True,39,120,124
/kaggle/input/datasets/maryemmahmood/glyph2025/Glyph2025/v13/v13_43.png,V13,False,-1,-1,140
/kaggle/input/datasets/maryemmahmood/glyph2025/Glyph2025/n35/n35_178.png,N35,False,-1,-1,94
/kaggle/input/datasets/maryemmahmood/glyph2025/Glyph2025/d21/d21_269.png,D21,False,-1,-1,14
/kaggle/input/datasets/maryemmahmood/glyph2025/Glyph2025/v28/v28_135.png,V28,False,-1,-1,142
/kaggle/input/datasets/maryemmahmood/glyph2025/Glyph2025/d55/d55_43.png,D55,False,-1,-1,26
/kaggle/input/datasets/maryemmahmood/glyph2025/Glyph2025/g43/050111_g43.png,G43,True,5,111,60
/kaggle/input/datasets/maryemmahmood/glyph2025/Glyph2025/a1/a1_82.jpg,A1,False,-1,-1,0
/kaggle/input/datasets/maryemmahmood/glyph2025/Glyph2025/n35/090412_n35.png,N35,True,9,412,94
/kaggle/input/datasets/maryemmahmood/glyph2025/Glyph2025/z11/z11_11.png,Z11,False,-1,-1,169
/kaggle/input/datasets/maryemmahmood/glyph2025/Glyph2025/v30/v30_22.png,V30,False,-1,-1,144
/kaggle/input/datasets/maryemmahmood/glyph2025/Glyph2025/v28/v28_127.png,V28,False,-1,-1,142
/kaggle/input/datasets/maryemmahmood/glyph2025/Glyph2025/r8/r8_138.png,R8,False,-1,-1,118
/kaggle/input/datasets/maryemmahmood/glyph2025/Glyph2025/q2/q2_4.jpg,Q2,False,-1,-1,112
/kaggle/input/datasets/maryemmahmood/glyph2025/Glyph2025/g36/g36_21.jpg,G36,False,-1,-1,54
/kaggle/input/datasets/maryemmahmood/glyph2025/Glyph2025/d4/d4_102.jpg,D4,False,-1,-1,20
/kaggle/input/datasets/maryemmahmood/glyph2025/Glyph2025/d21/230041_d21.png,D21,True,23,41,14
/kaggle/input/datasets/maryemmahmood/glyph2025/Glyph2025/m17/220137_m17.png,M17,True,22,137,73
/kaggle/input/datasets/maryemmahmood/glyph2025/Glyph2025/x1/x1_65.jpg,X1,False,-1,-1,160
/kaggle/input/datasets/maryemmahmood/glyph2025/Glyph2025/n35/n35_519.png,N35,False,-1,-1,94
/kaggle/input/datasets/maryemmahmood/glyph2025/Glyph2025/i9/050298_i9.png,I9,True,5,298,68
/kaggle/input/datasets/maryemmahmood/glyph2025/Glyph2025/s29/220087_s29.png,S29,True,22,87,124
/kaggle/input/datasets/maryemmahmood/glyph2025/Glyph2025/u1/u1_35.jpg,U1,False,-1,-1,132
/kaggle/input/datasets/maryemmahmood/glyph2025/Glyph2025/v31/410336_v31.png,V31,True,41,336,145
/kaggle/input/datasets/maryemmahmood/glyph2025/Glyph2025/w17/w17_31.png,W17,False,-1,-1,152
/kaggle/input/datasets/maryemmahmood/glyph2025/Glyph2025/v31/v31_41.jpg,V31,False,-1,-1,145
/kaggle/input/datasets/maryemmahmood/glyph2025/Glyph2025/y5/y5_19.jpg,Y5,False,-1,-1,167
/kaggle/input/datasets/maryemmahmood/glyph2025/Glyph2025/r4/r4_17.png,R4,False,-1,-1,116
/kaggle/input/datasets/maryemmahmood/glyph2025/Glyph2025/x1/x1_336.png,X1,False,-1,-1,160
/kaggle/input/datasets/maryemmahmood/glyph2025/Glyph2025/d4/d4_66.png,D4,False,-1,-1,20
/kaggle/input/datasets/maryemmahmood/glyph2025/Glyph2025/g5/410363_g5.png,G5,True,41,363,61
/kaggle/input/datasets/maryemmahmood/glyph2025/Glyph2025/s29/030173_s29.png,S29,True,3,173,124
/kaggle/input/datasets/maryemmahmood/glyph2025/Glyph2025/s29/090202_s29.png,S29,True,9,202,124
/kaggle/input/datasets/maryemmahmood/glyph2025/Glyph2025/d21/d21_40.png,D21,False,-1,-1,14
/kaggle/input/datasets/maryemmahmood/glyph2025/Glyph2025/n35/220021_n35.png,N35,True,22,21,94
/kaggle/input/datasets/maryemmahmood/glyph2025/Glyph2025/d21/d21_76.png,D21,False,-1,-1,14
/kaggle/input/datasets/maryemmahmood/glyph2025/Glyph2025/w5/w5_5.png,W5,False,-1,-1,159
/kaggle/input/datasets/maryemmahmood/glyph2025/Glyph2025/m17/050026_m17.png,M17,True,5,26,73
/kaggle/input/datasets/maryemmahmood/glyph2025/Glyph2025/e34/230118_e34.png,E34,True,23,118,34
/kaggle/input/datasets/maryemmahmood/glyph2025/Glyph2025/v28/v28_78.png,V28,False,-1,-1,142
/kaggle/input/datasets/maryemmahmood/glyph2025/Glyph2025/n35/050330_n35.png,N35,True,5,330,94
/kaggle/input/datasets/maryemmahmood/glyph2025/Glyph2025/q1/q1_103.png,Q1,False,-1,-1,111
/kaggle/input/datasets/maryemmahmood/glyph2025/Glyph2025/n35/410226_n35.png,N35,True,41,226,94
/kaggle/input/datasets/maryemmahmood/glyph2025/Glyph2025/f35/f35_147.png,F35,False,-1,-1,46
/kaggle/input/datasets/maryemmahmood/glyph2025/Glyph2025/s34/s34_112.png,S34,False,-1,-1,126
/kaggle/input/datasets/maryemmahmood/glyph2025/Glyph2025/f31/f31_39.png,F31,False,-1,-1,43
/kaggle/input/datasets/maryemmahmood/glyph2025/Glyph2025/s21/s21_42.png,S21,False,-1,-1,120
/kaggle/input/datasets/maryemmahmood/glyph2025/Glyph2025/e34/220344_e34.png,E34,True,22,344,34
/kaggle/input/datasets/maryemmahmood/glyph2025/Glyph2025/x8/x8_148.png,X8,False,-1,-1,162
/kaggle/input/datasets/maryemmahmood/glyph2025/Glyph2025/o1/o1_4.jpg,O1,False,-1,-1,100
/kaggle/input/datasets/maryemmahmood/glyph2025/Glyph2025/z1/z1_50.png,Z1,False,-1,-1,168
/kaggle/input/datasets/maryemmahmood/glyph2025/Glyph2025/a40/a40_15.png,A40,False,-1,-1,6
/kaggle/input/datasets/maryemmahmood/glyph2025/Glyph2025/n35/030263_n35.png,N35,True,3,263,94
/kaggle/input/datasets/maryemmahmood/glyph2025/Glyph2025/n35/200248_n35.png,N35,True,20,248,94
/kaggle/input/datasets/maryemmahmood/glyph2025/Glyph2025/g40/030067_g40.png,G40,True,3,67,59
/kaggle/input/datasets/maryemmahmood/glyph2025/Glyph2025/w15/w15_6.jpg,W15,False,-1,-1,151
/kaggle/input/datasets/maryemmahmood/glyph2025/Glyph2025/z7/390309_z7.png,Z7,True,39,309,174
/kaggle/input/datasets/maryemmahmood/glyph2025/Glyph2025/g36/g36_43.jpg,G36,False,-1,-1,54
/kaggle/input/datasets/maryemmahmood/glyph2025/Glyph2025/v30/v30_123.png,V30,False,-1,-1,144
/kaggle/input/datasets/maryemmahmood/glyph2025/Glyph2025/o1/o1_50.jpg,O1,False,-1,-1,100
/kaggle/input/datasets/maryemmahmood/glyph2025/Glyph2025/g43/210082_g43.png,G43,True,21,82,60
/kaggle/input/datasets/maryemmahmood/glyph2025/Glyph2025/d21/030114_d21.png,D21,True,3,114,14
/kaggle/input/datasets/maryemmahmood/glyph2025/Glyph2025/d2/d2_20.png,D2,False,-1,-1,13
/kaggle/input/datasets/maryemmahmood/glyph2025/Glyph2025/n35/230049_n35.png,N35,True,23,49,94
/kaggle/input/datasets/maryemmahmood/glyph2025/Glyph2025/d46/220334_d46.png,D46,True,22,334,23
/kaggle/input/datasets/maryemmahmood/glyph2025/Glyph2025/t28/030415_t28.png,T28,True,3,415,131
/kaggle/input/datasets/maryemmahmood/glyph2025/Glyph2025/v28/v28_141.jpg,V28,False,-1,-1,142
/kaggle/input/datasets/maryemmahmood/glyph2025/Glyph2025/a1/a1_91.jpg,A1,False,-1,-1,0
/kaggle/input/datasets/maryemmahmood/glyph2025/Glyph2025/l1/l1_25.jpg,L1,False,-1,-1,69
/kaggle/input/datasets/maryemmahmood/glyph2025/Glyph2025/x1/210099_x1.png,X1,True,21,99,160
/kaggle/input/datasets/maryemmahmood/glyph2025/Glyph2025/g25/230014_g25.png,G25,True,23,14,52
/kaggle/input/datasets/maryemmahmood/glyph2025/Glyph2025/x1/x1_266.png,X1,False,-1,-1,160
/kaggle/input/datasets/maryemmahmood/glyph2025/Glyph2025/m17/m17_382.png,M17,False,-1,-1,73
/kaggle/input/datasets/maryemmahmood/glyph2025/Glyph2025/m29/m29_1.png,M29,False,-1,-1,79
/kaggle/input/datasets/maryemmahmood/glyph2025/Glyph2025/w24/w24_7.png,W24,False,-1,-1,157
/kaggle/input/datasets/maryemmahmood/glyph2025/Glyph2025/n35/n35_76.jpg,N35,False,-1,-1,94
/kaggle/input/datasets/maryemmahmood/glyph2025/Glyph2025/g43/g43_171.png,G43,False,-1,-1,60
/kaggle/input/datasets/maryemmahmood/glyph2025/Glyph2025/f35/f35_50.png,F35,False,-1,-1,46
/kaggle/input/datasets/maryemmahmood/glyph2025/Glyph2025/d21/200268_d21.png,D21,True,20,268,14
/kaggle/input/datasets/maryemmahmood/glyph2025/Glyph2025/n14/n14_24.png,N14,False,-1,-1,84
/kaggle/input/datasets/maryemmahmood/glyph2025/Glyph2025/a1/a1_68.jpg,A1,False,-1,-1,0
/kaggle/input/datasets/maryemmahmood/glyph2025/Glyph2025/n35/n35_309.png,N35,False,-1,-1,94
/kaggle/input/datasets/maryemmahmood/glyph2025/Glyph2025/r8/r8_85.png,R8,False,-1,-1,118
/kaggle/input/datasets/maryemmahmood/glyph2025/Glyph2025/w23/w23_10.png,W23,False,-1,-1,156
/kaggle/input/datasets/maryemmahmood/glyph2025/Glyph2025/i9/i9_75.png,I9,False,-1,-1,68
/kaggle/input/datasets/maryemmahmood/glyph2025/Glyph2025/d21/d21_263.png,D21,False,-1,-1,14
/kaggle/input/datasets/maryemmahmood/glyph2025/Glyph2025/n37/230148_n37.png,N37,True,23,148,96
/kaggle/input/datasets/maryemmahmood/glyph2025/Glyph2025/i9/210205_i9.png,I9,True,21,205,68
/kaggle/input/datasets/maryemmahmood/glyph2025/Glyph2025/w19/w19_6.png,W19,False,-1,-1,154
/kaggle/input/datasets/maryemmahmood/glyph2025/Glyph2025/o29/o29_6.jpg,O29,False,-1,-1,101
/kaggle/input/datasets/maryemmahmood/glyph2025/Glyph2025/aa15/aa15_77.png,AA15,False,-1,-1,10
/kaggle/input/datasets/maryemmahmood/glyph2025/Glyph2025/m17/m17_105.png,M17,False,-1,-1,73
/kaggle/input/datasets/maryemmahmood/glyph2025/Glyph2025/d4/d4_42.jpg,D4,False,-1,-1,20
/kaggle/input/datasets/maryemmahmood/glyph2025/Glyph2025/y5/y5_44.jpg,Y5,False,-1,-1,167
/kaggle/input/datasets/maryemmahmood/glyph2025/Glyph2025/y4/y4_4.png,Y4,False,-1,-1,166
/kaggle/input/datasets/maryemmahmood/glyph2025/Glyph2025/s29/030443_s29.png,S29,True,3,443,124
/kaggle/input/datasets/maryemmahmood/glyph2025/Glyph2025/o50/390123_o50.png,O50,True,39,123,106
/kaggle/input/datasets/maryemmahmood/glyph2025/Glyph2025/a1/a1_75.jpg,A1,False,-1,-1,0
/kaggle/input/datasets/maryemmahmood/glyph2025/Glyph2025/s29/s29_141.png,S29,False,-1,-1,124
/kaggle/input/datasets/maryemmahmood/glyph2025/Glyph2025/d2/d2_37.jpg,D2,False,-1,-1,13
/kaggle/input/datasets/maryemmahmood/glyph2025/Glyph2025/y5/y5_26.png,Y5,False,-1,-1,167
/kaggle/input/datasets/maryemmahmood/glyph2025/Glyph2025/f35/f35_114.png,F35,False,-1,-1,46
/kaggle/input/datasets/maryemmahmood/glyph2025/Glyph2025/f31/f31_57.png,F31,False,-1,-1,43
/kaggle/input/datasets/maryemmahmood/glyph2025/Glyph2025/x8/x8_72.png,X8,False,-1,-1,162
/kaggle/input/datasets/maryemmahmood/glyph2025/Glyph2025/v31/230164_v31.png,V31,True,23,164,145
/kaggle/input/datasets/maryemmahmood/glyph2025/Glyph2025/y1/y1_74.png,Y1,False,-1,-1,163
/kaggle/input/datasets/maryemmahmood/glyph2025/Glyph2025/x1/x1_389.jpg,X1,False,-1,-1,160
/kaggle/input/datasets/maryemmahmood/glyph2025/Glyph2025/g39/220360_g39.png,G39,True,22,360,57
/kaggle/input/datasets/maryemmahmood/glyph2025/Glyph2025/g35/050389_g35.png,G35,True,5,389,53
/kaggle/input/datasets/maryemmahmood/glyph2025/Glyph2025/v31/090403_v31.png,V31,True,9,403,145
/kaggle/input/datasets/maryemmahmood/glyph2025/Glyph2025/n14/n14_27.png,N14,False,-1,-1,84
/kaggle/input/datasets/maryemmahmood/glyph2025/Glyph2025/l1/050449_l1.png,L1,True,5,449,69
/kaggle/input/datasets/maryemmahmood/glyph2025/Glyph2025/v31/v31_49.jpg,V31,False,-1,-1,145
/kaggle/input/datasets/maryemmahmood/glyph2025/Glyph2025/v30/v30_174.png,V30,False,-1,-1,144
/kaggle/input/datasets/maryemmahmood/glyph2025/Glyph2025/h6/h6_20.png,H6,False,-1,-1,63
/kaggle/input/datasets/maryemmahmood/glyph2025/Glyph2025/r8/r8_170.jpg,R8,False,-1,-1,118
/kaggle/input/datasets/maryemmahmood/glyph2025/Glyph2025/d46/d46_46.jpg,D46,False,-1,-1,23
/kaggle/input/datasets/maryemmahmood/glyph2025/Glyph2025/n35/n35_449.png,N35,False,-1,-1,94
/kaggle/input/datasets/maryemmahmood/glyph2025/Glyph2025/d4/d4_220.png,D4,False,-1,-1,20
/kaggle/input/datasets/maryemmahmood/glyph2025/Glyph2025/r8/030041_r8.png,R8,True,3,41,118
/kaggle/input/datasets/maryemmahmood/glyph2025/Glyph2025/u1/090033_u1.png,U1,True,9,33,132
/kaggle/input/datasets/maryemmahmood/glyph2025/Glyph2025/n35/n35_406.png,N35,False,-1,-1,94
/kaggle/input/datasets/maryemmahmood/glyph2025/Glyph2025/n35/050054_n35.png,N35,True,5,54,94
/kaggle/input/datasets/maryemmahmood/glyph2025/Glyph2025/v30/v30_136.png,V30,False,-1,-1,144
/kaggle/input/datasets/maryemmahmood/glyph2025/Glyph2025/aa15/aa15_18.png,AA15,False,-1,-1,10
/kaggle/input/datasets/maryemmahmood/glyph2025/Glyph2025/n35/n35_422.png,N35,False,-1,-1,94
/kaggle/input/datasets/maryemmahmood/glyph2025/Glyph2025/x1/x1_111.png,X1,False,-1,-1,160
/kaggle/input/datasets/maryemmahmood/glyph2025/Glyph2025/v28/v28_119.png,V28,False,-1,-1,142
/kaggle/input/datasets/maryemmahmood/glyph2025/Glyph2025/g17/390188_g17.png,G17,True,39,188,51
/kaggle/input/datasets/maryemmahmood/glyph2025/Glyph2025/i9/i9_27.png,I9,False,-1,-1,68
/kaggle/input/datasets/maryemmahmood/glyph2025/Glyph2025/s29/090212_s29.png,S29,True,9,212,124
/kaggle/input/datasets/maryemmahmood/glyph2025/Glyph2025/y5/y5_50.png,Y5,False,-1,-1,167
/kaggle/input/datasets/maryemmahmood/glyph2025/Glyph2025/w25/210143_w25.png,W25,True,21,143,158
/kaggle/input/datasets/maryemmahmood/glyph2025/Glyph2025/o1/o1_80.png,O1,False,-1,-1,100
/kaggle/input/datasets/maryemmahmood/glyph2025/Glyph2025/r8/050312_r8.png,R8,True,5,312,118
/kaggle/input/datasets/maryemmahmood/glyph2025/Glyph2025/g43/g43_64.jpg,G43,False,-1,-1,60
/kaggle/input/datasets/maryemmahmood/glyph2025/Glyph2025/n33/n33_35.png,N33,False,-1,-1,92
/kaggle/input/datasets/maryemmahmood/glyph2025/Glyph2025/r11/r11_36.png,R11,False,-1,-1,114
/kaggle/input/datasets/maryemmahmood/glyph2025/Glyph2025/r8/090083_r8.png,R8,True,9,83,118
/kaggle/input/datasets/maryemmahmood/glyph2025/Glyph2025/a1/a1_93.jpg,A1,False,-1,-1,0
/kaggle/input/datasets/maryemmahmood/glyph2025/Glyph2025/w25/w25_23.png,W25,False,-1,-1,158
/kaggle/input/datasets/maryemmahmood/glyph2025/Glyph2025/d36/d36_50.jpg,D36,False,-1,-1,17
/kaggle/input/datasets/maryemmahmood/glyph2025/Glyph2025/a40/a40_29.jpg,A40,False,-1,-1,6
/kaggle/input/datasets/maryemmahmood/glyph2025/Glyph2025/n1/230182_n1.png,N1,True,23,182,83
/kaggle/input/datasets/maryemmahmood/glyph2025/Glyph2025/n25/n25_11.jpg,N25,False,-1,-1,88
/kaggle/input/datasets/maryemmahmood/glyph2025/Glyph2025/g40/g40_17.jpg,G40,False,-1,-1,59
/kaggle/input/datasets/maryemmahmood/glyph2025/Glyph2025/d46/200261_d46.png,D46,True,20,261,23
/kaggle/input/datasets/maryemmahmood/glyph2025/Glyph2025/g43/200214_g43.png,G43,True,20,214,60
/kaggle/input/datasets/maryemmahmood/glyph2025/Glyph2025/n26/n26_16.jpg,N26,False,-1,-1,89
/kaggle/input/datasets/maryemmahmood/glyph2025/Glyph2025/n35/230047_n35.png,N35,True,23,47,94
/kaggle/input/datasets/maryemmahmood/glyph2025/Glyph2025/f32/f32_13.jpg,F32,False,-1,-1,44
/kaggle/input/datasets/maryemmahmood/glyph2025/Glyph2025/m17/210195_m17.png,M17,True,21,195,73
/kaggle/input/datasets/maryemmahmood/glyph2025/Glyph2025/w17/w17_4.png,W17,False,-1,-1,152
/kaggle/input/datasets/maryemmahmood/glyph2025/Glyph2025/v31/v31_62.jpg,V31,False,-1,-1,145
/kaggle/input/datasets/maryemmahmood/glyph2025/Glyph2025/a24/a24_12.jpg,A24,False,-1,-1,4
/kaggle/input/datasets/maryemmahmood/glyph2025/Glyph2025/w24/w24_21.png,W24,False,-1,-1,157
/kaggle/input/datasets/maryemmahmood/glyph2025/Glyph2025/a40/a40_41.png,A40,False,-1,-1,6
/kaggle/input/datasets/maryemmahmood/glyph2025/Glyph2025/v30/v30_209.png,V30,False,-1,-1,144
/kaggle/input/datasets/maryemmahmood/glyph2025/Glyph2025/n35/200108_n35.png,N35,True,20,108,94
/kaggle/input/datasets/maryemmahmood/glyph2025/Glyph2025/a1/a1_149.jpg,A1,False,-1,-1,0
/kaggle/input/datasets/maryemmahmood/glyph2025/Glyph2025/m17/m17_69.png,M17,False,-1,-1,73
/kaggle/input/datasets/maryemmahmood/glyph2025/Glyph2025/g39/030148_g39.png,G39,True,3,148,57
/kaggle/input/datasets/maryemmahmood/glyph2025/Glyph2025/v30/v30_34.png,V30,False,-1,-1,144
/kaggle/input/datasets/maryemmahmood/glyph2025/Glyph2025/d58/390293_d58.png,D58,True,39,293,28
/kaggle/input/datasets/maryemmahmood/glyph2025/Glyph2025/v31/030366_v31.png,V31,True,3,366,145
/kaggle/input/datasets/maryemmahmood/glyph2025/Glyph2025/g43/390227_g43.png,G43,True,39,227,60
/kaggle/input/datasets/maryemmahmood/glyph2025/Glyph2025/g43/g43_13.png,G43,False,-1,-1,60
/kaggle/input/datasets/maryemmahmood/glyph2025/Glyph2025/d37/d37_34.png,D37,False,-1,-1,18
/kaggle/input/datasets/maryemmahmood/glyph2025/Glyph2025/n23/n23_4.jpg,N23,False,-1,-1,87
/kaggle/input/datasets/maryemmahmood/glyph2025/Glyph2025/n14/410349_n14.png,N14,True,41,349,84
/kaggle/input/datasets/maryemmahmood/glyph2025/Glyph2025/d60/d60_12.jpg,D60,False,-1,-1,29
/kaggle/input/datasets/maryemmahmood/glyph2025/Glyph2025/d55/d55_6.png,D55,False,-1,-1,26
/kaggle/input/datasets/maryemmahmood/glyph2025/Glyph2025/o4/o4_30.png,O4,False,-1,-1,104
/kaggle/input/datasets/maryemmahmood/glyph2025/Glyph2025/n35/390022_n35.png,N35,True,39,22,94
/kaggle/input/datasets/maryemmahmood/glyph2025/Glyph2025/d21/230130_d21.png,D21,True,23,130,14
/kaggle/input/datasets/maryemmahmood/glyph2025/Glyph2025/d36/d36_139.png,D36,False,-1,-1,17
/kaggle/input/datasets/maryemmahmood/glyph2025/Glyph2025/i9/i9_225.png,I9,False,-1,-1,68
/kaggle/input/datasets/maryemmahmood/glyph2025/Glyph2025/d40/d40_35.png,D40,False,-1,-1,21
/kaggle/input/datasets/maryemmahmood/glyph2025/Glyph2025/g39/200338_g39.png,G39,True,20,338,57
/kaggle/input/datasets/maryemmahmood/glyph2025/Glyph2025/g43/230147_g43.png,G43,True,23,147,60
/kaggle/input/datasets/maryemmahmood/glyph2025/Glyph2025/a1/a1_97.jpg,A1,False,-1,-1,0
/kaggle/input/datasets/maryemmahmood/glyph2025/Glyph2025/x1/x1_152.png,X1,False,-1,-1,160
/kaggle/input/datasets/maryemmahmood/glyph2025/Glyph2025/d36/d36_108.png,D36,False,-1,-1,17
/kaggle/input/datasets/maryemmahmood/glyph2025/Glyph2025/n5/210010_n5.png,N5,True,21,10,98
/kaggle/input/datasets/maryemmahmood/glyph2025/Glyph2025/q3/030186_q3.png,Q3,True,3,186,113
/kaggle/input/datasets/maryemmahmood/glyph2025/Glyph2025/s29/s29_91.jpg,S29,False,-1,-1,124
/kaggle/input/datasets/maryemmahmood/glyph2025/Glyph2025/s38/s38_16.png,S38,False,-1,-1,127
/kaggle/input/datasets/maryemmahmood/glyph2025/Glyph2025/d2/030410_d2.png,D2,True,3,410,13
/kaggle/input/datasets/maryemmahmood/glyph2025/Glyph2025/d36/d36_14.png,D36,False,-1,-1,17
/kaggle/input/datasets/maryemmahmood/glyph2025/Glyph2025/f35/f35_105.jpg,F35,False,-1,-1,46
/kaggle/input/datasets/maryemmahmood/glyph2025/Glyph2025/g4/090118_g4.png,G4,True,9,118,58
/kaggle/input/datasets/maryemmahmood/glyph2025/Glyph2025/i9/i9_224.png,I9,False,-1,-1,68
/kaggle/input/datasets/maryemmahmood/glyph2025/Glyph2025/y2/030171_y2.png,Y2,True,3,171,164
/kaggle/input/datasets/maryemmahmood/glyph2025/Glyph2025/z1/z1_3.png,Z1,False,-1,-1,168
/kaggle/input/datasets/maryemmahmood/glyph2025/Glyph2025/y5/y5_82.png,Y5,False,-1,-1,167
/kaggle/input/datasets/maryemmahmood/glyph2025/Glyph2025/d4/d4_146.jpg,D4,False,-1,-1,20
/kaggle/input/datasets/maryemmahmood/glyph2025/Glyph2025/s34/s34_103.png,S34,False,-1,-1,126
/kaggle/input/datasets/maryemmahmood/glyph2025/Glyph2025/d36/d36_121.png,D36,False,-1,-1,17
/kaggle/input/datasets/maryemmahmood/glyph2025/Glyph2025/o49/o49_8.png,O49,False,-1,-1,105
/kaggle/input/datasets/maryemmahmood/glyph2025/Glyph2025/q3/q3_118.png,Q3,False,-1,-1,113
/kaggle/input/datasets/maryemmahmood/glyph2025/Glyph2025/v30/v30_94.jpg,V30,False,-1,-1,144
/kaggle/input/datasets/maryemmahmood/glyph2025/Glyph2025/n35/050343_n35.png,N35,True,5,343,94
/kaggle/input/datasets/maryemmahmood/glyph2025/Glyph2025/u15/u15_8.jpg,U15,False,-1,-1,133
/kaggle/input/datasets/maryemmahmood/glyph2025/Glyph2025/x7/x7_15.jpg,X7,False,-1,-1,161
/kaggle/input/datasets/maryemmahmood/glyph2025/Glyph2025/r4/r4_69.png,R4,False,-1,-1,116
/kaggle/input/datasets/maryemmahmood/glyph2025/Glyph2025/n35/n35_273.png,N35,False,-1,-1,94
/kaggle/input/datasets/maryemmahmood/glyph2025/Glyph2025/d4/d4_4.png,D4,False,-1,-1,20
/kaggle/input/datasets/maryemmahmood/glyph2025/Glyph2025/f35/f35_42.jpg,F35,False,-1,-1,46
/kaggle/input/datasets/maryemmahmood/glyph2025/Glyph2025/a19/a19_3.jpg,A19,False,-1,-1,2
/kaggle/input/datasets/maryemmahmood/glyph2025/Glyph2025/a1/a1_44.jpg,A1,False,-1,-1,0
/kaggle/input/datasets/maryemmahmood/glyph2025/Glyph2025/x8/x8_17.png,X8,False,-1,-1,162
/kaggle/input/datasets/maryemmahmood/glyph2025/Glyph2025/r8/r8_51.png,R8,False,-1,-1,118
/kaggle/input/datasets/maryemmahmood/glyph2025/Glyph2025/s29/s29_31.jpg,S29,False,-1,-1,124
/kaggle/input/datasets/maryemmahmood/glyph2025/Glyph2025/g17/g17_15.jpg,G17,False,-1,-1,51
/kaggle/input/datasets/maryemmahmood/glyph2025/Glyph2025/g43/410220_g43.png,G43,True,41,220,60
/kaggle/input/datasets/maryemmahmood/glyph2025/Glyph2025/q1/q1_142.png,Q1,False,-1,-1,111
/kaggle/input/datasets/maryemmahmood/glyph2025/Glyph2025/g43/390236_g43.png,G43,True,39,236,60
/kaggle/input/datasets/maryemmahmood/glyph2025/Glyph2025/m17/m17_480.png,M17,False,-1,-1,73
/kaggle/input/datasets/maryemmahmood/glyph2025/Glyph2025/x8/x8_137.png,X8,False,-1,-1,162
/kaggle/input/datasets/maryemmahmood/glyph2025/Glyph2025/v28/030211_v28.png,V28,True,3,211,142
/kaggle/input/datasets/maryemmahmood/glyph2025/Glyph2025/v13/220389_v13.png,V13,True,22,389,140
/kaggle/input/datasets/maryemmahmood/glyph2025/Glyph2025/m23/m23_11.png,M23,False,-1,-1,78
/kaggle/input/datasets/maryemmahmood/glyph2025/Glyph2025/m17/m17_291.png,M17,False,-1,-1,73
/kaggle/input/datasets/maryemmahmood/glyph2025/Glyph2025/g43/220390_g43.png,G43,True,22,390,60
/kaggle/input/datasets/maryemmahmood/glyph2025/Glyph2025/d2/d2_28.jpg,D2,False,-1,-1,13
/kaggle/input/datasets/maryemmahmood/glyph2025/Glyph2025/d58/d58_105.png,D58,False,-1,-1,28
/kaggle/input/datasets/maryemmahmood/glyph2025/Glyph2025/m17/m17_354.jpg,M17,False,-1,-1,73
/kaggle/input/datasets/maryemmahmood/glyph2025/Glyph2025/i10/i10_26.jpg,I10,False,-1,-1,66
/kaggle/input/datasets/maryemmahmood/glyph2025/Glyph2025/n35/n35_54.png,N35,False,-1,-1,94
/kaggle/input/datasets/maryemmahmood/glyph2025/Glyph2025/d46/d46_64.png,D46,False,-1,-1,23
/kaggle/input/datasets/maryemmahmood/glyph2025/Glyph2025/y1/y1_105.png,Y1,False,-1,-1,163
/kaggle/input/datasets/maryemmahmood/glyph2025/Glyph2025/x1/x1_242.png,X1,False,-1,-1,160
/kaggle/input/datasets/maryemmahmood/glyph2025/Glyph2025/d36/d36_24.png,D36,False,-1,-1,17
/kaggle/input/datasets/maryemmahmood/glyph2025/Glyph2025/m12/m12_15.png,M12,False,-1,-1,71
/kaggle/input/datasets/maryemmahmood/glyph2025/Glyph2025/o34/o34_14.png,O34,False,-1,-1,103
/kaggle/input/datasets/maryemmahmood/glyph2025/Glyph2025/d21/d21_164.png,D21,False,-1,-1,14
/kaggle/input/datasets/maryemmahmood/glyph2025/Glyph2025/d28/d28_61.png,D28,False,-1,-1,15
/kaggle/input/datasets/maryemmahmood/glyph2025/Glyph2025/o1/o1_122.png,O1,False,-1,-1,100
/kaggle/input/datasets/maryemmahmood/glyph2025/Glyph2025/n35/n35_296.png,N35,False,-1,-1,94
/kaggle/input/datasets/maryemmahmood/glyph2025/Glyph2025/i9/210299_i9.png,I9,True,21,299,68
/kaggle/input/datasets/maryemmahmood/glyph2025/Glyph2025/m17/m17_72.png,M17,False,-1,-1,73
/kaggle/input/datasets/maryemmahmood/glyph2025/Glyph2025/a1/a1_159.jpg,A1,False,-1,-1,0
/kaggle/input/datasets/maryemmahmood/glyph2025/Glyph2025/r8/r8_35.png,R8,False,-1,-1,118
/kaggle/input/datasets/maryemmahmood/glyph2025/Glyph2025/n35/410120_n35.png,N35,True,41,120,94
/kaggle/input/datasets/maryemmahmood/glyph2025/Glyph2025/f35/f35_6.jpg,F35,False,-1,-1,46
/kaggle/input/datasets/maryemmahmood/glyph2025/Glyph2025/n35/n35_431.png,N35,False,-1,-1,94
/kaggle/input/datasets/maryemmahmood/glyph2025/Glyph2025/d21/220051_d21.png,D21,True,22,51,14
/kaggle/input/datasets/maryemmahmood/glyph2025/Glyph2025/d58/d58_69.png,D58,False,-1,-1,28
/kaggle/input/datasets/maryemmahmood/glyph2025/Glyph2025/n33/n33_80.jpg,N33,False,-1,-1,92
/kaggle/input/datasets/maryemmahmood/glyph2025/Glyph2025/n35/n35_364.png,N35,False,-1,-1,94
/kaggle/input/datasets/maryemmahmood/glyph2025/Glyph2025/m17/030398_m17.png,M17,True,3,398,73
/kaggle/input/datasets/maryemmahmood/glyph2025/Glyph2025/g43/050445_g43.png,G43,True,5,445,60
/kaggle/input/datasets/maryemmahmood/glyph2025/Glyph2025/m17/210173_m17.png,M17,True,21,173,73
/kaggle/input/datasets/maryemmahmood/glyph2025/Glyph2025/d21/d21_325.png,D21,False,-1,-1,14
/kaggle/input/datasets/maryemmahmood/glyph2025/Glyph2025/o4/o4_45.jpg,O4,False,-1,-1,104
/kaggle/input/datasets/maryemmahmood/glyph2025/Glyph2025/y3/y3_2.png,Y3,False,-1,-1,165
/kaggle/input/datasets/maryemmahmood/glyph2025/Glyph2025/d28/d28_94.png,D28,False,-1,-1,15
/kaggle/input/datasets/maryemmahmood/glyph2025/Glyph2025/n33/n33_10.png,N33,False,-1,-1,92
/kaggle/input/datasets/maryemmahmood/glyph2025/Glyph2025/n35/n35_44.png,N35,False,-1,-1,94
/kaggle/input/datasets/maryemmahmood/glyph2025/Glyph2025/d21/d21_119.jpg,D21,False,-1,-1,14
/kaggle/input/datasets/maryemmahmood/glyph2025/Glyph2025/s29/200296_s29.png,S29,True,20,296,124
/kaggle/input/datasets/maryemmahmood/glyph2025/Glyph2025/q1/q1_104.png,Q1,False,-1,-1,111
/kaggle/input/datasets/maryemmahmood/glyph2025/Glyph2025/n35/n35_59.jpg,N35,False,-1,-1,94
/kaggle/input/datasets/maryemmahmood/glyph2025/Glyph2025/n35/n35_515.png,N35,False,-1,-1,94
/kaggle/input/datasets/maryemmahmood/glyph2025/Glyph2025/a30/a30_9.png,A30,False,-1,-1,5
/kaggle/input/datasets/maryemmahmood/glyph2025/Glyph2025/a1/a1_57.jpg,A1,False,-1,-1,0
/kaggle/input/datasets/maryemmahmood/glyph2025/Glyph2025/n35/n35_421.png,N35,False,-1,-1,94
/kaggle/input/datasets/maryemmahmood/glyph2025/Glyph2025/x8/090254_x8.png,X8,True,9,254,162
/kaggle/input/datasets/maryemmahmood/glyph2025/Glyph2025/w25/w25_5.jpg,W25,False,-1,-1,158
/kaggle/input/datasets/maryemmahmood/glyph2025/Glyph2025/x8/x8_32.jpg,X8,False,-1,-1,162
/kaggle/input/datasets/maryemmahmood/glyph2025/Glyph2025/n1/230162_n1.png,N1,True,23,162,83
/kaggle/input/datasets/maryemmahmood/glyph2025/Glyph2025/v30/v30_10.png,V30,False,-1,-1,144
/kaggle/input/datasets/maryemmahmood/glyph2025/Glyph2025/g43/g43_4.jpg,G43,False,-1,-1,60
/kaggle/input/datasets/maryemmahmood/glyph2025/Glyph2025/n35/n35_409.png,N35,False,-1,-1,94
/kaggle/input/datasets/maryemmahmood/glyph2025/Glyph2025/v13/220264_v13.png,V13,True,22,264,140
/kaggle/input/datasets/maryemmahmood/glyph2025/Glyph2025/d37/d37_122.png,D37,False,-1,-1,18
/kaggle/input/datasets/maryemmahmood/glyph2025/Glyph2025/a2/a2_20.png,A2,False,-1,-1,3
/kaggle/input/datasets/maryemmahmood/glyph2025/Glyph2025/n35/030300_n35.png,N35,True,3,300,94
/kaggle/input/datasets/maryemmahmood/glyph2025/Glyph2025/s29/390210_s29.png,S29,True,39,210,124
/kaggle/input/datasets/maryemmahmood/glyph2025/Glyph2025/x1/x1_357.png,X1,False,-1,-1,160
/kaggle/input/datasets/maryemmahmood/glyph2025/Glyph2025/m17/410078_m17.png,M17,True,41,78,73
/kaggle/input/datasets/maryemmahmood/glyph2025/Glyph2025/n35/230123_n35.png,N35,True,23,123,94
/kaggle/input/datasets/maryemmahmood/glyph2025/Glyph2025/a19/a19_7.png,A19,False,-1,-1,2
/kaggle/input/datasets/maryemmahmood/glyph2025/Glyph2025/d4/d4_93.png,D4,False,-1,-1,20
/kaggle/input/datasets/maryemmahmood/glyph2025/Glyph2025/d28/d28_37.jpg,D28,False,-1,-1,15
/kaggle/input/datasets/maryemmahmood/glyph2025/Glyph2025/v30/v30_16.jpg,V30,False,-1,-1,144
/kaggle/input/datasets/maryemmahmood/glyph2025/Glyph2025/w18/390211_w18.png,W18,True,39,211,153
/kaggle/input/datasets/maryemmahmood/glyph2025/Glyph2025/n35/n35_85.jpg,N35,False,-1,-1,94
/kaggle/input/datasets/maryemmahmood/glyph2025/Glyph2025/x1/x1_296.jpg,X1,False,-1,-1,160
/kaggle/input/datasets/maryemmahmood/glyph2025/Glyph2025/s34/s34_69.jpg,S34,False,-1,-1,126
/kaggle/input/datasets/maryemmahmood/glyph2025/Glyph2025/n35/090150_n35.png,N35,True,9,150,94
/kaggle/input/datasets/maryemmahmood/glyph2025/Glyph2025/d21/d21_208.png,D21,False,-1,-1,14
/kaggle/input/datasets/maryemmahmood/glyph2025/Glyph2025/s29/050098_s29.png,S29,True,5,98,124
/kaggle/input/datasets/maryemmahmood/glyph2025/Glyph2025/d2/d2_49.png,D2,False,-1,-1,13
/kaggle/input/datasets/maryemmahmood/glyph2025/Glyph2025/x1/x1_318.png,X1,False,-1,-1,160
/kaggle/input/datasets/maryemmahmood/glyph2025/Glyph2025/n33/n33_92.png,N33,False,-1,-1,92
/kaggle/input/datasets/maryemmahmood/glyph2025/Glyph2025/m17/410030_m17.png,M17,True,41,30,73
/kaggle/input/datasets/maryemmahmood/glyph2025/Glyph2025/n35/n35_401.png,N35,False,-1,-1,94
/kaggle/input/datasets/maryemmahmood/glyph2025/Glyph2025/y1/y1_55.png,Y1,False,-1,-1,163
/kaggle/input/datasets/maryemmahmood/glyph2025/Glyph2025/h6/h6_2.png,H6,False,-1,-1,63
/kaggle/input/datasets/maryemmahmood/glyph2025/Glyph2025/m23/m23_88.png,M23,False,-1,-1,78
/kaggle/input/datasets/maryemmahmood/glyph2025/Glyph2025/x1/050354_x1.png,X1,True,5,354,160
/kaggle/input/datasets/maryemmahmood/glyph2025/Glyph2025/g43/200347_g43.png,G43,True,20,347,60
/kaggle/input/datasets/maryemmahmood/glyph2025/Glyph2025/r8/r8_95.png,R8,False,-1,-1,118
/kaggle/input/datasets/maryemmahmood/glyph2025/Glyph2025/d1/d1_10.png,D1,False,-1,-1,12
/kaggle/input/datasets/maryemmahmood/glyph2025/Glyph2025/o1/o1_103.png,O1,False,-1,-1,100
/kaggle/input/datasets/maryemmahmood/glyph2025/Glyph2025/w17/w17_20.png,W17,False,-1,-1,152
/kaggle/input/datasets/maryemmahmood/glyph2025/Glyph2025/m17/m17_25.jpg,M17,False,-1,-1,73
/kaggle/input/datasets/maryemmahmood/glyph2025/Glyph2025/d35/d35_22.png,D35,False,-1,-1,16
/kaggle/input/datasets/maryemmahmood/glyph2025/Glyph2025/d36/d36_136.jpg,D36,False,-1,-1,17
/kaggle/input/datasets/maryemmahmood/glyph2025/Glyph2025/v30/v30_235.png,V30,False,-1,-1,144
/kaggle/input/datasets/maryemmahmood/glyph2025/Glyph2025/i10/i10_23.jpg,I10,False,-1,-1,66
/kaggle/input/datasets/maryemmahmood/glyph2025/Glyph2025/f18/f18_3.png,F18,False,-1,-1,40
/kaggle/input/datasets/maryemmahmood/glyph2025/Glyph2025/d4/d4_28.jpg,D4,False,-1,-1,20
/kaggle/input/datasets/maryemmahmood/glyph2025/Glyph2025/o1/o1_100.png,O1,False,-1,-1,100
/kaggle/input/datasets/maryemmahmood/glyph2025/Glyph2025/m17/m17_335.png,M17,False,-1,-1,73
/kaggle/input/datasets/maryemmahmood/glyph2025/Glyph2025/v28/230062_v28.png,V28,True,23,62,142
/kaggle/input/datasets/maryemmahmood/glyph2025/Glyph2025/v30/v30_28.png,V30,False,-1,-1,144
/kaggle/input/datasets/maryemmahmood/glyph2025/Glyph2025/x1/x1_263.png,X1,False,-1,-1,160
/kaggle/input/datasets/maryemmahmood/glyph2025/Glyph2025/v31/220315_v31.png,V31,True,22,315,145
/kaggle/input/datasets/maryemmahmood/glyph2025/Glyph2025/g36/g36_25.jpg,G36,False,-1,-1,54
/kaggle/input/datasets/maryemmahmood/glyph2025/Glyph2025/i9/i9_278.png,I9,False,-1,-1,68
/kaggle/input/datasets/maryemmahmood/glyph2025/Glyph2025/s34/s34_32.png,S34,False,-1,-1,126
/kaggle/input/datasets/maryemmahmood/glyph2025/Glyph2025/n33/n33_95.png,N33,False,-1,-1,92
/kaggle/input/datasets/maryemmahmood/glyph2025/Glyph2025/g17/g17_138.jpg,G17,False,-1,-1,51
/kaggle/input/datasets/maryemmahmood/glyph2025/Glyph2025/g43/210128_g43.png,G43,True,21,128,60
/kaggle/input/datasets/maryemmahmood/glyph2025/Glyph2025/d35/230361_d35.png,D35,True,23,361,16
/kaggle/input/datasets/maryemmahmood/glyph2025/Glyph2025/i9/i9_292.jpg,I9,False,-1,-1,68
/kaggle/input/datasets/maryemmahmood/glyph2025/Glyph2025/m17/m17_342.png,M17,False,-1,-1,73
/kaggle/input/datasets/maryemmahmood/glyph2025/Glyph2025/d21/d21_153.png,D21,False,-1,-1,14
/kaggle/input/datasets/maryemmahmood/glyph2025/Glyph2025/i10/i10_45.png,I10,False,-1,-1,66
/kaggle/input/datasets/maryemmahmood/glyph2025/Glyph2025/n33/n33_149.png,N33,False,-1,-1,92
/kaggle/input/datasets/maryemmahmood/glyph2025/Glyph2025/d55/d55_38.png,D55,False,-1,-1,26
/kaggle/input/datasets/maryemmahmood/glyph2025/Glyph2025/m17/m17_434.png,M17,False,-1,-1,73
/kaggle/input/datasets/maryemmahmood/glyph2025/Glyph2025/f35/f35_102.png,F35,False,-1,-1,46
/kaggle/input/datasets/maryemmahmood/glyph2025/Glyph2025/f31/f31_46.png,F31,False,-1,-1,43
/kaggle/input/datasets/maryemmahmood/glyph2025/Glyph2025/v31/390285_v31.png,V31,True,39,285,145
/kaggle/input/datasets/maryemmahmood/glyph2025/Glyph2025/d35/d35_21.png,D35,False,-1,-1,16
/kaggle/input/datasets/maryemmahmood/glyph2025/Glyph2025/m17/m17_1.png,M17,False,-1,-1,73
/kaggle/input/datasets/maryemmahmood/glyph2025/Glyph2025/w22/w22_8.png,W22,False,-1,-1,155
/kaggle/input/datasets/maryemmahmood/glyph2025/Glyph2025/n35/n35_271.png,N35,False,-1,-1,94
/kaggle/input/datasets/maryemmahmood/glyph2025/Glyph2025/o49/o49_17.png,O49,False,-1,-1,105
/kaggle/input/datasets/maryemmahmood/glyph2025/Glyph2025/x1/090206_x1.png,X1,True,9,206,160
/kaggle/input/datasets/maryemmahmood/glyph2025/Glyph2025/m17/390122_m17.png,M17,True,39,122,73
/kaggle/input/datasets/maryemmahmood/glyph2025/Glyph2025/n35/200380_n35.png,N35,True,20,380,94
/kaggle/input/datasets/maryemmahmood/glyph2025/Glyph2025/d58/d58_64.png,D58,False,-1,-1,28
/kaggle/input/datasets/maryemmahmood/glyph2025/Glyph2025/d21/d21_78.jpg,D21,False,-1,-1,14
/kaggle/input/datasets/maryemmahmood/glyph2025/Glyph2025/d58/d58_110.png,D58,False,-1,-1,28
/kaggle/input/datasets/maryemmahmood/glyph2025/Glyph2025/x1/410173_x1.png,X1,True,41,173,160
/kaggle/input/datasets/maryemmahmood/glyph2025/Glyph2025/s27/s27_4.png,S27,False,-1,-1,122
/kaggle/input/datasets/maryemmahmood/glyph2025/Glyph2025/d46/d46_68.png,D46,False,-1,-1,23
/kaggle/input/datasets/maryemmahmood/glyph2025/Glyph2025/m18/230204_m18.png,M18,True,23,204,74
/kaggle/input/datasets/maryemmahmood/glyph2025/Glyph2025/r8/r8_8.png,R8,False,-1,-1,118
/kaggle/input/datasets/maryemmahmood/glyph2025/Glyph2025/x1/x1_276.png,X1,False,-1,-1,160
/kaggle/input/datasets/maryemmahmood/glyph2025/Glyph2025/n25/230156_n25.png,N25,True,23,156,88
/kaggle/input/datasets/maryemmahmood/glyph2025/Glyph2025/s29/s29_26.png,S29,False,-1,-1,124
/kaggle/input/datasets/maryemmahmood/glyph2025/Glyph2025/n35/n35_239.png,N35,False,-1,-1,94
/kaggle/input/datasets/maryemmahmood/glyph2025/Glyph2025/q3/390089_q3.png,Q3,True,39,89,113
/kaggle/input/datasets/maryemmahmood/glyph2025/Glyph2025/i9/i9_157.jpg,I9,False,-1,-1,68
/kaggle/input/datasets/maryemmahmood/glyph2025/Glyph2025/a40/a40_14.jpg,A40,False,-1,-1,6
/kaggle/input/datasets/maryemmahmood/glyph2025/Glyph2025/s21/s21_35.png,S21,False,-1,-1,120
/kaggle/input/datasets/maryemmahmood/glyph2025/Glyph2025/h1/h1_24.png,H1,False,-1,-1,62
/kaggle/input/datasets/maryemmahmood/glyph2025/Glyph2025/o1/090000_o1.png,O1,True,9,0,100
/kaggle/input/datasets/maryemmahmood/glyph2025/Glyph2025/d46/d46_42.png,D46,False,-1,-1,23
/kaggle/input/datasets/maryemmahmood/glyph2025/Glyph2025/z1/410004_z1.png,Z1,True,41,4,168
/kaggle/input/datasets/maryemmahmood/glyph2025/Glyph2025/o1/o1_39.jpg,O1,False,-1,-1,100
/kaggle/input/datasets/maryemmahmood/glyph2025/Glyph2025/n35/n35_360.png,N35,False,-1,-1,94
/kaggle/input/datasets/maryemmahmood/glyph2025/Glyph2025/v30/v30_130.png,V30,False,-1,-1,144
/kaggle/input/datasets/maryemmahmood/glyph2025/Glyph2025/s29/s29_182.png,S29,False,-1,-1,124
/kaggle/input/datasets/maryemmahmood/glyph2025/Glyph2025/g43/210098_g43.png,G43,True,21,98,60
/kaggle/input/datasets/maryemmahmood/glyph2025/Glyph2025/m12/m12_28.png,M12,False,-1,-1,71
/kaggle/input/datasets/maryemmahmood/glyph2025/Glyph2025/s27/s27_13.png,S27,False,-1,-1,122
/kaggle/input/datasets/maryemmahmood/glyph2025/Glyph2025/d2/d2_43.png,D2,False,-1,-1,13
/kaggle/input/datasets/maryemmahmood/glyph2025/Glyph2025/r8/r8_110.png,R8,False,-1,-1,118
/kaggle/input/datasets/maryemmahmood/glyph2025/Glyph2025/y3/y3_4.png,Y3,False,-1,-1,165
/kaggle/input/datasets/maryemmahmood/glyph2025/Glyph2025/n33/n33_156.png,N33,False,-1,-1,92
/kaggle/input/datasets/maryemmahmood/glyph2025/Glyph2025/o1/o1_47.png,O1,False,-1,-1,100
/kaggle/input/datasets/maryemmahmood/glyph2025/Glyph2025/i9/i9_248.jpg,I9,False,-1,-1,68
/kaggle/input/datasets/maryemmahmood/glyph2025/Glyph2025/z1/z1_21.png,Z1,False,-1,-1,168
/kaggle/input/datasets/maryemmahmood/glyph2025/Glyph2025/u1/u1_18.png,U1,False,-1,-1,132
/kaggle/input/datasets/maryemmahmood/glyph2025/Glyph2025/e34/030140_e34.png,E34,True,3,140,34
/kaggle/input/datasets/maryemmahmood/glyph2025/Glyph2025/g40/g40_16.png,G40,False,-1,-1,59
/kaggle/input/datasets/maryemmahmood/glyph2025/Glyph2025/n37/050176_n37.png,N37,True,5,176,96
/kaggle/input/datasets/maryemmahmood/glyph2025/Glyph2025/y5/y5_6.png,Y5,False,-1,-1,167
/kaggle/input/datasets/maryemmahmood/glyph2025/Glyph2025/d21/d21_159.jpg,D21,False,-1,-1,14
/kaggle/input/datasets/maryemmahmood/glyph2025/Glyph2025/m2/m2_11.png,M2,False,-1,-1,75
/kaggle/input/datasets/maryemmahmood/glyph2025/Glyph2025/m17/230372_m17.png,M17,True,23,372,73
/kaggle/input/datasets/maryemmahmood/glyph2025/Glyph2025/n5/200303_n5.png,N5,True,20,303,98
/kaggle/input/datasets/maryemmahmood/glyph2025/Glyph2025/x1/410029_x1.png,X1,True,41,29,160
/kaggle/input/datasets/maryemmahmood/glyph2025/Glyph2025/i9/i9_60.png,I9,False,-1,-1,68
/kaggle/input/datasets/maryemmahmood/glyph2025/Glyph2025/s34/s34_121.png,S34,False,-1,-1,126
/kaggle/input/datasets/maryemmahmood/glyph2025/Glyph2025/n1/n1_58.png,N1,False,-1,-1,83
/kaggle/input/datasets/maryemmahmood/glyph2025/Glyph2025/x1/x1_61.png,X1,False,-1,-1,160
/kaggle/input/datasets/maryemmahmood/glyph2025/Glyph2025/x8/x8_67.png,X8,False,-1,-1,162
/kaggle/input/datasets/maryemmahmood/glyph2025/Glyph2025/v30/v30_156.png,V30,False,-1,-1,144
/kaggle/input/datasets/maryemmahmood/glyph2025/Glyph2025/s29/210180_s29.png,S29,True,21,180,124
/kaggle/input/datasets/maryemmahmood/glyph2025/Glyph2025/n25/n25_22.png,N25,False,-1,-1,88
/kaggle/input/datasets/maryemmahmood/glyph2025/Glyph2025/d4/d4_189.png,D4,False,-1,-1,20
/kaggle/input/datasets/maryemmahmood/glyph2025/Glyph2025/x1/x1_20.jpg,X1,False,-1,-1,160
/kaggle/input/datasets/maryemmahmood/glyph2025/Glyph2025/d21/d21_89.png,D21,False,-1,-1,14
/kaggle/input/datasets/maryemmahmood/glyph2025/Glyph2025/v13/v13_77.jpg,V13,False,-1,-1,140
/kaggle/input/datasets/maryemmahmood/glyph2025/Glyph2025/m23/m23_170.png,M23,False,-1,-1,78
/kaggle/input/datasets/maryemmahmood/glyph2025/Glyph2025/g43/g43_118.png,G43,False,-1,-1,60
/kaggle/input/datasets/maryemmahmood/glyph2025/Glyph2025/q3/q3_128.jpg,Q3,False,-1,-1,113
/kaggle/input/datasets/maryemmahmood/glyph2025/Glyph2025/m16/m16_19.jpg,M16,False,-1,-1,72
/kaggle/input/datasets/maryemmahmood/glyph2025/Glyph2025/d21/d21_320.png,D21,False,-1,-1,14
/kaggle/input/datasets/maryemmahmood/glyph2025/Glyph2025/aa13/aa13_6.jpg,AA13,False,-1,-1,9
/kaggle/input/datasets/maryemmahmood/glyph2025/Glyph2025/v31/090393_v31.png,V31,True,9,393,145
/kaggle/input/datasets/maryemmahmood/glyph2025/Glyph2025/u1/200242_u1.png,U1,True,20,242,132
/kaggle/input/datasets/maryemmahmood/glyph2025/Glyph2025/n33/n33_60.png,N33,False,-1,-1,92
/kaggle/input/datasets/maryemmahmood/glyph2025/Glyph2025/v13/v13_26.png,V13,False,-1,-1,140
/kaggle/input/datasets/maryemmahmood/glyph2025/Glyph2025/e10/e10_4.jpg,E10,False,-1,-1,31
/kaggle/input/datasets/maryemmahmood/glyph2025/Glyph2025/x1/x1_125.png,X1,False,-1,-1,160
/kaggle/input/datasets/maryemmahmood/glyph2025/Glyph2025/m17/220434_m17.png,M17,True,22,434,73
/kaggle/input/datasets/maryemmahmood/glyph2025/Glyph2025/r8/r8_146.png,R8,False,-1,-1,118
/kaggle/input/datasets/maryemmahmood/glyph2025/Glyph2025/m12/m12_53.jpg,M12,False,-1,-1,71
/kaggle/input/datasets/maryemmahmood/glyph2025/Glyph2025/d4/d4_41.png,D4,False,-1,-1,20
/kaggle/input/datasets/maryemmahmood/glyph2025/Glyph2025/m17/m17_407.png,M17,False,-1,-1,73
/kaggle/input/datasets/maryemmahmood/glyph2025/Glyph2025/m17/m17_180.png,M17,False,-1,-1,73
/kaggle/input/datasets/maryemmahmood/glyph2025/Glyph2025/d54/d54_23.png,D54,False,-1,-1,25
/kaggle/input/datasets/maryemmahmood/glyph2025/Glyph2025/d37/d37_72.png,D37,False,-1,-1,18
/kaggle/input/datasets/maryemmahmood/glyph2025/Glyph2025/i9/090119_i9.png,I9,True,9,119,68
/kaggle/input/datasets/maryemmahmood/glyph2025/Glyph2025/d55/d55_41.png,D55,False,-1,-1,26
/kaggle/input/datasets/maryemmahmood/glyph2025/Glyph2025/r8/r8_82.jpg,R8,False,-1,-1,118
/kaggle/input/datasets/maryemmahmood/glyph2025/Glyph2025/o49/o49_78.png,O49,False,-1,-1,105
/kaggle/input/datasets/maryemmahmood/glyph2025/Glyph2025/z4/z4_9.png,Z4,False,-1,-1,173
/kaggle/input/datasets/maryemmahmood/glyph2025/Glyph2025/m17/230101_m17.png,M17,True,23,101,73
/kaggle/input/datasets/maryemmahmood/glyph2025/Glyph2025/n35/n35_245.png,N35,False,-1,-1,94
/kaggle/input/datasets/maryemmahmood/glyph2025/Glyph2025/q1/q1_146.jpg,Q1,False,-1,-1,111
/kaggle/input/datasets/maryemmahmood/glyph2025/Glyph2025/n35/050249_n35.png,N35,True,5,249,94
/kaggle/input/datasets/maryemmahmood/glyph2025/Glyph2025/g39/390023_g39.png,G39,True,39,23,57
/kaggle/input/datasets/maryemmahmood/glyph2025/Glyph2025/f4/f4_11.png,F4,False,-1,-1,48
/kaggle/input/datasets/maryemmahmood/glyph2025/Glyph2025/x7/x7_22.jpg,X7,False,-1,-1,161
/kaggle/input/datasets/maryemmahmood/glyph2025/Glyph2025/e34/050342_e34.png,E34,True,5,342,34
/kaggle/input/datasets/maryemmahmood/glyph2025/Glyph2025/d4/d4_194.png,D4,False,-1,-1,20
/kaggle/input/datasets/maryemmahmood/glyph2025/Glyph2025/o34/o34_21.png,O34,False,-1,-1,103
/kaggle/input/datasets/maryemmahmood/glyph2025/Glyph2025/u33/090002_u33.png,U33,True,9,2,135
/kaggle/input/datasets/maryemmahmood/glyph2025/Glyph2025/f35/f35_16.jpg,F35,False,-1,-1,46
/kaggle/input/datasets/maryemmahmood/glyph2025/Glyph2025/y4/y4_8.png,Y4,False,-1,-1,166
/kaggle/input/datasets/maryemmahmood/glyph2025/Glyph2025/d60/d60_17.jpg,D60,False,-1,-1,29
/kaggle/input/datasets/maryemmahmood/glyph2025/Glyph2025/n33/n33_65.png,N33,False,-1,-1,92
/kaggle/input/datasets/maryemmahmood/glyph2025/Glyph2025/d21/d21_255.png,D21,False,-1,-1,14
/kaggle/input/datasets/maryemmahmood/glyph2025/Glyph2025/d58/d58_82.png,D58,False,-1,-1,28
/kaggle/input/datasets/maryemmahmood/glyph2025/Glyph2025/e34/210245_e34.png,E34,True,21,245,34
/kaggle/input/datasets/maryemmahmood/glyph2025/Glyph2025/n26/n26_19.png,N26,False,-1,-1,89
/kaggle/input/datasets/maryemmahmood/glyph2025/Glyph2025/h1/h1_6.png,H1,False,-1,-1,62
/kaggle/input/datasets/maryemmahmood/glyph2025/Glyph2025/g25/220052_g25.png,G25,True,22,52,52
/kaggle/input/datasets/maryemmahmood/glyph2025/Glyph2025/i9/i9_185.png,I9,False,-1,-1,68
/kaggle/input/datasets/maryemmahmood/glyph2025/Glyph2025/g43/390136_g43.png,G43,True,39,136,60
/kaggle/input/datasets/maryemmahmood/glyph2025/Glyph2025/o50/230075_o50.png,O50,True,23,75,106
/kaggle/input/datasets/maryemmahmood/glyph2025/Glyph2025/d58/d58_22.png,D58,False,-1,-1,28
/kaggle/input/datasets/maryemmahmood/glyph2025/Glyph2025/g43/g43_101.jpg,G43,False,-1,-1,60
/kaggle/input/datasets/maryemmahmood/glyph2025/Glyph2025/d36/d36_96.png,D36,False,-1,-1,17
/kaggle/input/datasets/maryemmahmood/glyph2025/Glyph2025/v30/v30_165.png,V30,False,-1,-1,144
/kaggle/input/datasets/maryemmahmood/glyph2025/Glyph2025/s29/410143_s29.png,S29,True,41,143,124
/kaggle/input/datasets/maryemmahmood/glyph2025/Glyph2025/r8/r8_91.png,R8,False,-1,-1,118
/kaggle/input/datasets/maryemmahmood/glyph2025/Glyph2025/a1/a1_140.jpg,A1,False,-1,-1,0
/kaggle/input/datasets/maryemmahmood/glyph2025/Glyph2025/r8/r8_58.png,R8,False,-1,-1,118
/kaggle/input/datasets/maryemmahmood/glyph2025/Glyph2025/d36/d36_76.png,D36,False,-1,-1,17
/kaggle/input/datasets/maryemmahmood/glyph2025/Glyph2025/m17/m17_361.png,M17,False,-1,-1,73
/kaggle/input/datasets/maryemmahmood/glyph2025/Glyph2025/n18/030252_n18.png,N18,True,3,252,86
/kaggle/input/datasets/maryemmahmood/glyph2025/Glyph2025/x1/x1_362.png,X1,False,-1,-1,160
/kaggle/input/datasets/maryemmahmood/glyph2025/Glyph2025/d37/d37_107.png,D37,False,-1,-1,18
/kaggle/input/datasets/maryemmahmood/glyph2025/Glyph2025/d35/090351_d35.png,D35,True,9,351,16
/kaggle/input/datasets/maryemmahmood/glyph2025/Glyph2025/o4/o4_40.jpg,O4,False,-1,-1,104
/kaggle/input/datasets/maryemmahmood/glyph2025/Glyph2025/d21/210137_d21.png,D21,True,21,137,14
/kaggle/input/datasets/maryemmahmood/glyph2025/Glyph2025/n35/n35_527.png,N35,False,-1,-1,94
/kaggle/input/datasets/maryemmahmood/glyph2025/Glyph2025/g17/390221_g17.png,G17,True,39,221,51
/kaggle/input/datasets/maryemmahmood/glyph2025/Glyph2025/a30/a30_1.jpg,A30,False,-1,-1,5
/kaggle/input/datasets/maryemmahmood/glyph2025/Glyph2025/g25/410065_g25.png,G25,True,41,65,52
/kaggle/input/datasets/maryemmahmood/glyph2025/Glyph2025/g17/410398_g17.png,G17,True,41,398,51
/kaggle/input/datasets/maryemmahmood/glyph2025/Glyph2025/m17/m17_38.png,M17,False,-1,-1,73
/kaggle/input/datasets/maryemmahmood/glyph2025/Glyph2025/n35/n35_90.png,N35,False,-1,-1,94
/kaggle/input/datasets/maryemmahmood/glyph2025/Glyph2025/v28/v28_150.png,V28,False,-1,-1,142
/kaggle/input/datasets/maryemmahmood/glyph2025/Glyph2025/d21/d21_112.png,D21,False,-1,-1,14
/kaggle/input/datasets/maryemmahmood/glyph2025/Glyph2025/g43/200049_g43.png,G43,True,20,49,60
/kaggle/input/datasets/maryemmahmood/glyph2025/Glyph2025/f35/f35_162.jpg,F35,False,-1,-1,46
/kaggle/input/datasets/maryemmahmood/glyph2025/Glyph2025/x1/x1_216.png,X1,False,-1,-1,160
/kaggle/input/datasets/maryemmahmood/glyph2025/Glyph2025/o4/o4_32.png,O4,False,-1,-1,104
/kaggle/input/datasets/maryemmahmood/glyph2025/Glyph2025/d58/410032_d58.png,D58,True,41,32,28
/kaggle/input/datasets/maryemmahmood/glyph2025/Glyph2025/s29/s29_159.png,S29,False,-1,-1,124
/kaggle/input/datasets/maryemmahmood/glyph2025/Glyph2025/n35/090326_n35.png,N35,True,9,326,94
/kaggle/input/datasets/maryemmahmood/glyph2025/Glyph2025/n35/n35_165.png,N35,False,-1,-1,94
/kaggle/input/datasets/maryemmahmood/glyph2025/Glyph2025/f31/f31_18.png,F31,False,-1,-1,43
/kaggle/input/datasets/maryemmahmood/glyph2025/Glyph2025/d58/d58_7.png,D58,False,-1,-1,28
/kaggle/input/datasets/maryemmahmood/glyph2025/Glyph2025/g17/g17_107.png,G17,False,-1,-1,51
/kaggle/input/datasets/maryemmahmood/glyph2025/Glyph2025/n35/n35_490.jpg,N35,False,-1,-1,94
/kaggle/input/datasets/maryemmahmood/glyph2025/Glyph2025/d37/d37_99.png,D37,False,-1,-1,18
/kaggle/input/datasets/maryemmahmood/glyph2025/Glyph2025/x8/x8_34.jpg,X8,False,-1,-1,162
/kaggle/input/datasets/maryemmahmood/glyph2025/Glyph2025/x1/x1_27.png,X1,False,-1,-1,160
/kaggle/input/datasets/maryemmahmood/glyph2025/Glyph2025/d46/d46_89.png,D46,False,-1,-1,23
/kaggle/input/datasets/maryemmahmood/glyph2025/Glyph2025/n35/030397_n35.png,N35,True,3,397,94
/kaggle/input/datasets/maryemmahmood/glyph2025/Glyph2025/x8/x8_103.png,X8,False,-1,-1,162
/kaggle/input/datasets/maryemmahmood/glyph2025/Glyph2025/r4/r4_11.png,R4,False,-1,-1,116
/kaggle/input/datasets/maryemmahmood/glyph2025/Glyph2025/v30/v30_193.png,V30,False,-1,-1,144
/kaggle/input/datasets/maryemmahmood/glyph2025/Glyph2025/x1/220016_x1.png,X1,True,22,16,160
/kaggle/input/datasets/maryemmahmood/glyph2025/Glyph2025/x1/230152_x1.png,X1,True,23,152,160
/kaggle/input/datasets/maryemmahmood/glyph2025/Glyph2025/v31/v31_75.png,V31,False,-1,-1,145
/kaggle/input/datasets/maryemmahmood/glyph2025/Glyph2025/w22/w22_11.png,W22,False,-1,-1,155
/kaggle/input/datasets/maryemmahmood/glyph2025/Glyph2025/g37/390298_g37.png,G37,True,39,298,55
/kaggle/input/datasets/maryemmahmood/glyph2025/Glyph2025/v31/v31_99.png,V31,False,-1,-1,145
/kaggle/input/datasets/maryemmahmood/glyph2025/Glyph2025/d21/d21_229.png,D21,False,-1,-1,14
/kaggle/input/datasets/maryemmahmood/glyph2025/Glyph2025/d4/200209_d4.png,D4,True,20,209,20
/kaggle/input/datasets/maryemmahmood/glyph2025/Glyph2025/s21/s21_39.png,S21,False,-1,-1,120
/kaggle/input/datasets/maryemmahmood/glyph2025/Glyph2025/d55/d55_35.png,D55,False,-1,-1,26
/kaggle/input/datasets/maryemmahmood/glyph2025/Glyph2025/n35/n35_229.png,N35,False,-1,-1,94
/kaggle/input/datasets/maryemmahmood/glyph2025/Glyph2025/x1/x1_134.png,X1,False,-1,-1,160
/kaggle/input/datasets/maryemmahmood/glyph2025/Glyph2025/d39/d39_14.jpg,D39,False,-1,-1,19
/kaggle/input/datasets/maryemmahmood/glyph2025/Glyph2025/v13/v13_29.png,V13,False,-1,-1,140
/kaggle/input/datasets/maryemmahmood/glyph2025/Glyph2025/i9/i9_82.jpg,I9,False,-1,-1,68
/kaggle/input/datasets/maryemmahmood/glyph2025/Glyph2025/v30/v30_58.png,V30,False,-1,-1,144
/kaggle/input/datasets/maryemmahmood/glyph2025/Glyph2025/x1/x1_133.png,X1,False,-1,-1,160
/kaggle/input/datasets/maryemmahmood/glyph2025/Glyph2025/r8/r8_69.png,R8,False,-1,-1,118
/kaggle/input/datasets/maryemmahmood/glyph2025/Glyph2025/n33/n33_139.jpg,N33,False,-1,-1,92
/kaggle/input/datasets/maryemmahmood/glyph2025/Glyph2025/f31/f31_3.png,F31,False,-1,-1,43
/kaggle/input/datasets/maryemmahmood/glyph2025/Glyph2025/s29/s29_130.jpg,S29,False,-1,-1,124
/kaggle/input/datasets/maryemmahmood/glyph2025/Glyph2025/x8/x8_115.png,X8,False,-1,-1,162
/kaggle/input/datasets/maryemmahmood/glyph2025/Glyph2025/m17/m17_208.png,M17,False,-1,-1,73
/kaggle/input/datasets/maryemmahmood/glyph2025/Glyph2025/i9/i9_235.png,I9,False,-1,-1,68
/kaggle/input/datasets/maryemmahmood/glyph2025/Glyph2025/d21/030411_d21.png,D21,True,3,411,14
/kaggle/input/datasets/maryemmahmood/glyph2025/Glyph2025/v28/410171_v28.png,V28,True,41,171,142
/kaggle/input/datasets/maryemmahmood/glyph2025/Glyph2025/m16/m16_30.jpg,M16,False,-1,-1,72
/kaggle/input/datasets/maryemmahmood/glyph2025/Glyph2025/s29/s29_7.png,S29,False,-1,-1,124
/kaggle/input/datasets/maryemmahmood/glyph2025/Glyph2025/o50/230349_o50.png,O50,True,23,349,106
/kaggle/input/datasets/maryemmahmood/glyph2025/Glyph2025/d36/d36_48.png,D36,False,-1,-1,17
/kaggle/input/datasets/maryemmahmood/glyph2025/Glyph2025/d37/d37_73.png,D37,False,-1,-1,18
/kaggle/input/datasets/maryemmahmood/glyph2025/Glyph2025/x1/x1_68.png,X1,False,-1,-1,160
/kaggle/input/datasets/maryemmahmood/glyph2025/Glyph2025/x1/200068_x1.png,X1,True,20,68,160
/kaggle/input/datasets/maryemmahmood/glyph2025/Glyph2025/r8/r8_97.png,R8,False,-1,-1,118
/kaggle/input/datasets/maryemmahmood/glyph2025/Glyph2025/y1/y1_95.png,Y1,False,-1,-1,163
/kaggle/input/datasets/maryemmahmood/glyph2025/Glyph2025/q1/q1_40.png,Q1,False,-1,-1,111
/kaggle/input/datasets/maryemmahmood/glyph2025/Glyph2025/u33/u33_3.png,U33,False,-1,-1,135
/kaggle/input/datasets/maryemmahmood/glyph2025/Glyph2025/x8/x8_26.png,X8,False,-1,-1,162
/kaggle/input/datasets/maryemmahmood/glyph2025/Glyph2025/x1/x1_30.png,X1,False,-1,-1,160
/kaggle/input/datasets/maryemmahmood/glyph2025/Glyph2025/f32/f32_2.jpg,F32,False,-1,-1,44
/kaggle/input/datasets/maryemmahmood/glyph2025/Glyph2025/q3/410144_q3.png,Q3,True,41,144,113
/kaggle/input/datasets/maryemmahmood/glyph2025/Glyph2025/s29/410202_s29.png,S29,True,41,202,124
/kaggle/input/datasets/maryemmahmood/glyph2025/Glyph2025/q3/q3_123.jpg,Q3,False,-1,-1,113
/kaggle/input/datasets/maryemmahmood/glyph2025/Glyph2025/s29/s29_80.png,S29,False,-1,-1,124
/kaggle/input/datasets/maryemmahmood/glyph2025/Glyph2025/m17/m17_67.png,M17,False,-1,-1,73
/kaggle/input/datasets/maryemmahmood/glyph2025/Glyph2025/aa15/aa15_35.png,AA15,False,-1,-1,10
/kaggle/input/datasets/maryemmahmood/glyph2025/Glyph2025/m17/m17_184.png,M17,False,-1,-1,73
/kaggle/input/datasets/maryemmahmood/glyph2025/Glyph2025/f31/f31_30.png,F31,False,-1,-1,43
/kaggle/input/datasets/maryemmahmood/glyph2025/Glyph2025/d46/d46_44.png,D46,False,-1,-1,23
/kaggle/input/datasets/maryemmahmood/glyph2025/Glyph2025/d21/410325_d21.png,D21,True,41,325,14
/kaggle/input/datasets/maryemmahmood/glyph2025/Glyph2025/d45/d45_5.png,D45,False,-1,-1,22
/kaggle/input/datasets/maryemmahmood/glyph2025/Glyph2025/q3/q3_18.png,Q3,False,-1,-1,113
/kaggle/input/datasets/maryemmahmood/glyph2025/Glyph2025/s29/s29_196.jpg,S29,False,-1,-1,124
/kaggle/input/datasets/maryemmahmood/glyph2025/Glyph2025/i9/220004_i9.png,I9,True,22,4,68
/kaggle/input/datasets/maryemmahmood/glyph2025/Glyph2025/m17/090357_m17.png,M17,True,9,357,73
/kaggle/input/datasets/maryemmahmood/glyph2025/Glyph2025/v28/v28_146.png,V28,False,-1,-1,142
/kaggle/input/datasets/maryemmahmood/glyph2025/Glyph2025/w24/220063_w24.png,W24,True,22,63,157
/kaggle/input/datasets/maryemmahmood/glyph2025/Glyph2025/s29/210199_s29.png,S29,True,21,199,124
/kaggle/input/datasets/maryemmahmood/glyph2025/Glyph2025/s29/410094_s29.png,S29,True,41,94,124
/kaggle/input/datasets/maryemmahmood/glyph2025/Glyph2025/d58/d58_108.png,D58,False,-1,-1,28
/kaggle/input/datasets/maryemmahmood/glyph2025/Glyph2025/m17/m17_364.png,M17,False,-1,-1,73
/kaggle/input/datasets/maryemmahmood/glyph2025/Glyph2025/y5/y5_92.png,Y5,False,-1,-1,167
/kaggle/input/datasets/maryemmahmood/glyph2025/Glyph2025/g43/g43_128.jpg,G43,False,-1,-1,60
/kaggle/input/datasets/maryemmahmood/glyph2025/Glyph2025/v31/v31_69.png,V31,False,-1,-1,145
/kaggle/input/datasets/maryemmahmood/glyph2025/Glyph2025/t22/t22_6.png,T22,False,-1,-1,130
/kaggle/input/datasets/maryemmahmood/glyph2025/Glyph2025/i9/230066_i9.png,I9,True,23,66,68
/kaggle/input/datasets/maryemmahmood/glyph2025/Glyph2025/s29/s29_56.jpg,S29,False,-1,-1,124
/kaggle/input/datasets/maryemmahmood/glyph2025/Glyph2025/i9/i9_262.png,I9,False,-1,-1,68
/kaggle/input/datasets/maryemmahmood/glyph2025/Glyph2025/x1/210297_x1.png,X1,True,21,297,160
/kaggle/input/datasets/maryemmahmood/glyph2025/Glyph2025/v10/v10_14.png,V10,False,-1,-1,139
/kaggle/input/datasets/maryemmahmood/glyph2025/Glyph2025/s24/050047_s24.png,S24,True,5,47,121
/kaggle/input/datasets/maryemmahmood/glyph2025/Glyph2025/i9/030417_i9.png,I9,True,3,417,68
/kaggle/input/datasets/maryemmahmood/glyph2025/Glyph2025/o49/o49_27.png,O49,False,-1,-1,105
/kaggle/input/datasets/maryemmahmood/glyph2025/Glyph2025/m17/m17_201.jpg,M17,False,-1,-1,73
/kaggle/input/datasets/maryemmahmood/glyph2025/Glyph2025/d21/d21_266.png,D21,False,-1,-1,14
/kaggle/input/datasets/maryemmahmood/glyph2025/Glyph2025/d28/d28_71.png,D28,False,-1,-1,15
/kaggle/input/datasets/maryemmahmood/glyph2025/Glyph2025/i10/210303_i10.png,I10,True,21,303,66
/kaggle/input/datasets/maryemmahmood/glyph2025/Glyph2025/n35/n35_392.png,N35,False,-1,-1,94
/kaggle/input/datasets/maryemmahmood/glyph2025/Glyph2025/v28/v28_110.jpg,V28,False,-1,-1,142
/kaggle/input/datasets/maryemmahmood/glyph2025/Glyph2025/m17/m17_349.png,M17,False,-1,-1,73
/kaggle/input/datasets/maryemmahmood/glyph2025/Glyph2025/f1/f1_70.png,F1,False,-1,-1,37
/kaggle/input/datasets/maryemmahmood/glyph2025/Glyph2025/x1/050028_x1.png,X1,True,5,28,160
/kaggle/input/datasets/maryemmahmood/glyph2025/Glyph2025/m17/m17_375.png,M17,False,-1,-1,73
/kaggle/input/datasets/maryemmahmood/glyph2025/Glyph2025/d36/d36_61.jpg,D36,False,-1,-1,17
/kaggle/input/datasets/maryemmahmood/glyph2025/Glyph2025/s29/090316_s29.png,S29,True,9,316,124
/kaggle/input/datasets/maryemmahmood/glyph2025/Glyph2025/o4/o4_7.jpg,O4,False,-1,-1,104
/kaggle/input/datasets/maryemmahmood/glyph2025/Glyph2025/n35/220169_n35.png,N35,True,22,169,94
/kaggle/input/datasets/maryemmahmood/glyph2025/Glyph2025/f35/f35_15.png,F35,False,-1,-1,46
/kaggle/input/datasets/maryemmahmood/glyph2025/Glyph2025/n35/200305_n35.png,N35,True,20,305,94
/kaggle/input/datasets/maryemmahmood/glyph2025/Glyph2025/u33/u33_14.png,U33,False,-1,-1,135
/kaggle/input/datasets/maryemmahmood/glyph2025/Glyph2025/v30/v30_41.png,V30,False,-1,-1,144
/kaggle/input/datasets/maryemmahmood/glyph2025/Glyph2025/u23/u23_15.png,U23,False,-1,-1,134
/kaggle/input/datasets/maryemmahmood/glyph2025/Glyph2025/m23/m23_7.jpg,M23,False,-1,-1,78
/kaggle/input/datasets/maryemmahmood/glyph2025/Glyph2025/s21/s21_30.png,S21,False,-1,-1,120
/kaggle/input/datasets/maryemmahmood/glyph2025/Glyph2025/m17/m17_442.png,M17,False,-1,-1,73
/kaggle/input/datasets/maryemmahmood/glyph2025/Glyph2025/m23/230380_m23.png,M23,True,23,380,78
/kaggle/input/datasets/maryemmahmood/glyph2025/Glyph2025/m23/m23_120.png,M23,False,-1,-1,78
/kaggle/input/datasets/maryemmahmood/glyph2025/Glyph2025/d36/d36_75.jpg,D36,False,-1,-1,17
/kaggle/input/datasets/maryemmahmood/glyph2025/Glyph2025/f1/f1_41.png,F1,False,-1,-1,37
/kaggle/input/datasets/maryemmahmood/glyph2025/Glyph2025/s34/s34_10.png,S34,False,-1,-1,126
/kaggle/input/datasets/maryemmahmood/glyph2025/Glyph2025/g25/g25_4.png,G25,False,-1,-1,52
/kaggle/input/datasets/maryemmahmood/glyph2025/Glyph2025/m17/m17_285.png,M17,False,-1,-1,73
/kaggle/input/datasets/maryemmahmood/glyph2025/Glyph2025/x8/050367_x8.png,X8,True,5,367,162
/kaggle/input/datasets/maryemmahmood/glyph2025/Glyph2025/f4/f4_16.png,F4,False,-1,-1,48
/kaggle/input/datasets/maryemmahmood/glyph2025/Glyph2025/d21/d21_127.png,D21,False,-1,-1,14
/kaggle/input/datasets/maryemmahmood/glyph2025/Glyph2025/m17/200307_m17.png,M17,True,20,307,73
/kaggle/input/datasets/maryemmahmood/glyph2025/Glyph2025/f12/f12_7.png,F12,False,-1,-1,38
/kaggle/input/datasets/maryemmahmood/glyph2025/Glyph2025/d39/d39_15.png,D39,False,-1,-1,19
/kaggle/input/datasets/maryemmahmood/glyph2025/Glyph2025/m17/m17_16.png,M17,False,-1,-1,73
/kaggle/input/datasets/maryemmahmood/glyph2025/Glyph2025/d2/d2_66.png,D2,False,-1,-1,13
/kaggle/input/datasets/maryemmahmood/glyph2025/Glyph2025/d40/d40_25.png,D40,False,-1,-1,21
/kaggle/input/datasets/maryemmahmood/glyph2025/Glyph2025/d21/410098_d21.png,D21,True,41,98,14
/kaggle/input/datasets/maryemmahmood/glyph2025/Glyph2025/s34/s34_29.png,S34,False,-1,-1,126
/kaggle/input/datasets/maryemmahmood/glyph2025/Glyph2025/a40/a40_51.jpg,A40,False,-1,-1,6
/kaggle/input/datasets/maryemmahmood/glyph2025/Glyph2025/d37/d37_31.png,D37,False,-1,-1,18
/kaggle/input/datasets/maryemmahmood/glyph2025/Glyph2025/g17/220248_g17.png,G17,True,22,248,51
/kaggle/input/datasets/maryemmahmood/glyph2025/Glyph2025/p1/p1_1.png,P1,False,-1,-1,108
/kaggle/input/datasets/maryemmahmood/glyph2025/Glyph2025/i9/i9_176.png,I9,False,-1,-1,68
/kaggle/input/datasets/maryemmahmood/glyph2025/Glyph2025/z3/z3_13.png,Z3,False,-1,-1,172
/kaggle/input/datasets/maryemmahmood/glyph2025/Glyph2025/x7/x7_19.jpg,X7,False,-1,-1,161
/kaggle/input/datasets/maryemmahmood/glyph2025/Glyph2025/n1/n1_15.png,N1,False,-1,-1,83
/kaggle/input/datasets/maryemmahmood/glyph2025/Glyph2025/d21/090005_d21.png,D21,True,9,5,14
/kaggle/input/datasets/maryemmahmood/glyph2025/Glyph2025/f39/f39_8.png,F39,False,-1,-1,47
/kaggle/input/datasets/maryemmahmood/glyph2025/Glyph2025/m23/m23_86.png,M23,False,-1,-1,78
/kaggle/input/datasets/maryemmahmood/glyph2025/Glyph2025/u1/050351_u1.png,U1,True,5,351,132
/kaggle/input/datasets/maryemmahmood/glyph2025/Glyph2025/g1/200171_g1.png,G1,True,20,171,49
/kaggle/input/datasets/maryemmahmood/glyph2025/Glyph2025/d55/d55_1.jpg,D55,False,-1,-1,26
/kaggle/input/datasets/maryemmahmood/glyph2025/Glyph2025/m17/m17_225.png,M17,False,-1,-1,73
/kaggle/input/datasets/maryemmahmood/glyph2025/Glyph2025/aa15/030137_aa15.png,AA15,True,3,137,10
/kaggle/input/datasets/maryemmahmood/glyph2025/Glyph2025/x1/220270_x1.png,X1,True,22,270,160
/kaggle/input/datasets/maryemmahmood/glyph2025/Glyph2025/v1/v1_15.jpg,V1,False,-1,-1,138
/kaggle/input/datasets/maryemmahmood/glyph2025/Glyph2025/e34/030123_e34.png,E34,True,3,123,34
/kaggle/input/datasets/maryemmahmood/glyph2025/Glyph2025/z1/030242_z1.png,Z1,True,3,242,168
/kaggle/input/datasets/maryemmahmood/glyph2025/Glyph2025/r8/090082_r8.png,R8,True,9,82,118
/kaggle/input/datasets/maryemmahmood/glyph2025/Glyph2025/s29/030062_s29.png,S29,True,3,62,124
/kaggle/input/datasets/maryemmahmood/glyph2025/Glyph2025/o50/220250_o50.png,O50,True,22,250,106
/kaggle/input/datasets/maryemmahmood/glyph2025/Glyph2025/n8/n8_12.png,N8,False,-1,-1,99
/kaggle/input/datasets/maryemmahmood/glyph2025/Glyph2025/v28/v28_5.png,V28,False,-1,-1,142
/kaggle/input/datasets/maryemmahmood/glyph2025/Glyph2025/v28/v28_102.png,V28,False,-1,-1,142
/kaggle/input/datasets/maryemmahmood/glyph2025/Glyph2025/w25/w25_16.jpg,W25,False,-1,-1,158
/kaggle/input/datasets/maryemmahmood/glyph2025/Glyph2025/n35/n35_280.png,N35,False,-1,-1,94
/kaggle/input/datasets/maryemmahmood/glyph2025/Glyph2025/d52/d52_1.jpg,D52,False,-1,-1,24
/kaggle/input/datasets/maryemmahmood/glyph2025/Glyph2025/e23/390108_e23.png,E23,True,39,108,33
/kaggle/input/datasets/maryemmahmood/glyph2025/Glyph2025/d46/d46_74.png,D46,False,-1,-1,23
/kaggle/input/datasets/maryemmahmood/glyph2025/Glyph2025/g43/g43_37.jpg,G43,False,-1,-1,60
/kaggle/input/datasets/maryemmahmood/glyph2025/Glyph2025/g43/230381_g43.png,G43,True,23,381,60
/kaggle/input/datasets/maryemmahmood/glyph2025/Glyph2025/d60/d60_16.jpg,D60,False,-1,-1,29
/kaggle/input/datasets/maryemmahmood/glyph2025/Glyph2025/v31/v31_56.jpg,V31,False,-1,-1,145
/kaggle/input/datasets/maryemmahmood/glyph2025/Glyph2025/g43/230178_g43.png,G43,True,23,178,60
/kaggle/input/datasets/maryemmahmood/glyph2025/Glyph2025/d2/090257_d2.png,D2,True,9,257,13
/kaggle/input/datasets/maryemmahmood/glyph2025/Glyph2025/i10/i10_34.png,I10,False,-1,-1,66
/kaggle/input/datasets/maryemmahmood/glyph2025/Glyph2025/n35/030335_n35.png,N35,True,3,335,94
/kaggle/input/datasets/maryemmahmood/glyph2025/Glyph2025/v31/090266_v31.png,V31,True,9,266,145
/kaggle/input/datasets/maryemmahmood/glyph2025/Glyph2025/aa15/aa15_42.png,AA15,False,-1,-1,10
/kaggle/input/datasets/maryemmahmood/glyph2025/Glyph2025/m17/050318_m17.png,M17,True,5,318,73
/kaggle/input/datasets/maryemmahmood/glyph2025/Glyph2025/m23/m23_27.jpg,M23,False,-1,-1,78
/kaggle/input/datasets/maryemmahmood/glyph2025/Glyph2025/s29/s29_53.jpg,S29,False,-1,-1,124
/kaggle/input/datasets/maryemmahmood/glyph2025/Glyph2025/d36/d36_30.jpg,D36,False,-1,-1,17
/kaggle/input/datasets/maryemmahmood/glyph2025/Glyph2025/s29/s29_173.png,S29,False,-1,-1,124
/kaggle/input/datasets/maryemmahmood/glyph2025/Glyph2025/d28/d28_40.png,D28,False,-1,-1,15
/kaggle/input/datasets/maryemmahmood/glyph2025/Glyph2025/n35/n35_292.png,N35,False,-1,-1,94
/kaggle/input/datasets/maryemmahmood/glyph2025/Glyph2025/s27/s27_9.jpg,S27,False,-1,-1,122
/kaggle/input/datasets/maryemmahmood/glyph2025/Glyph2025/d21/d21_99.png,D21,False,-1,-1,14
/kaggle/input/datasets/maryemmahmood/glyph2025/Glyph2025/x1/030116_x1.png,X1,True,3,116,160
/kaggle/input/datasets/maryemmahmood/glyph2025/Glyph2025/d37/d37_102.png,D37,False,-1,-1,18
/kaggle/input/datasets/maryemmahmood/glyph2025/Glyph2025/g5/g5_3.png,G5,False,-1,-1,61
/kaggle/input/datasets/maryemmahmood/glyph2025/Glyph2025/z3/z3_14.png,Z3,False,-1,-1,172
/kaggle/input/datasets/maryemmahmood/glyph2025/Glyph2025/d21/d21_337.png,D21,False,-1,-1,14
/kaggle/input/datasets/maryemmahmood/glyph2025/Glyph2025/m12/m12_11.png,M12,False,-1,-1,71
/kaggle/input/datasets/maryemmahmood/glyph2025/Glyph2025/i10/i10_25.jpg,I10,False,-1,-1,66
/kaggle/input/datasets/maryemmahmood/glyph2025/Glyph2025/w19/w19_28.png,W19,False,-1,-1,154
/kaggle/input/datasets/maryemmahmood/glyph2025/Glyph2025/n35/n35_269.png,N35,False,-1,-1,94
/kaggle/input/datasets/maryemmahmood/glyph2025/Glyph2025/m17/m17_470.png,M17,False,-1,-1,73
/kaggle/input/datasets/maryemmahmood/glyph2025/Glyph2025/s29/220331_s29.png,S29,True,22,331,124
/kaggle/input/datasets/maryemmahmood/glyph2025/Glyph2025/u33/200044_u33.png,U33,True,20,44,135
/kaggle/input/datasets/maryemmahmood/glyph2025/Glyph2025/s40/s40_25.png,S40,False,-1,-1,128
/kaggle/input/datasets/maryemmahmood/glyph2025/Glyph2025/m23/m23_24.png,M23,False,-1,-1,78
/kaggle/input/datasets/maryemmahmood/glyph2025/Glyph2025/v31/v31_109.jpg,V31,False,-1,-1,145
/kaggle/input/datasets/maryemmahmood/glyph2025/Glyph2025/s34/s34_80.png,S34,False,-1,-1,126
/kaggle/input/datasets/maryemmahmood/glyph2025/Glyph2025/g17/220005_g17.png,G17,True,22,5,51
/kaggle/input/datasets/maryemmahmood/glyph2025/Glyph2025/d60/d60_6.jpg,D60,False,-1,-1,29
/kaggle/input/datasets/maryemmahmood/glyph2025/Glyph2025/f26/390164_f26.png,F26,True,39,164,42
/kaggle/input/datasets/maryemmahmood/glyph2025/Glyph2025/e34/030440_e34.png,E34,True,3,440,34
/kaggle/input/datasets/maryemmahmood/glyph2025/Glyph2025/u7/u7_51.png,U7,False,-1,-1,137
/kaggle/input/datasets/maryemmahmood/glyph2025/Glyph2025/f35/f35_56.png,F35,False,-1,-1,46
/kaggle/input/datasets/maryemmahmood/glyph2025/Glyph2025/m17/m17_390.png,M17,False,-1,-1,73
/kaggle/input/datasets/maryemmahmood/glyph2025/Glyph2025/d36/d36_123.png,D36,False,-1,-1,17
/kaggle/input/datasets/maryemmahmood/glyph2025/Glyph2025/m17/m17_477.png,M17,False,-1,-1,73
/kaggle/input/datasets/maryemmahmood/glyph2025/Glyph2025/d54/d54_2.png,D54,False,-1,-1,25
/kaggle/input/datasets/maryemmahmood/glyph2025/Glyph2025/i9/i9_77.png,I9,False,-1,-1,68
/kaggle/input/datasets/maryemmahmood/glyph2025/Glyph2025/v31/v31_111.png,V31,False,-1,-1,145
/kaggle/input/datasets/maryemmahmood/glyph2025/Glyph2025/d4/d4_77.png,D4,False,-1,-1,20
/kaggle/input/datasets/maryemmahmood/glyph2025/Glyph2025/s29/230325_s29.png,S29,True,23,325,124
/kaggle/input/datasets/maryemmahmood/glyph2025/Glyph2025/g17/g17_124.png,G17,False,-1,-1,51
/kaggle/input/datasets/maryemmahmood/glyph2025/Glyph2025/n35/090410_n35.png,N35,True,9,410,94
/kaggle/input/datasets/maryemmahmood/glyph2025/Glyph2025/e34/220236_e34.png,E34,True,22,236,34
/kaggle/input/datasets/maryemmahmood/glyph2025/Glyph2025/e34/030051_e34.png,E34,True,3,51,34
/kaggle/input/datasets/maryemmahmood/glyph2025/Glyph2025/x7/x7_11.jpg,X7,False,-1,-1,161
/kaggle/input/datasets/maryemmahmood/glyph2025/Glyph2025/n35/n35_373.png,N35,False,-1,-1,94
/kaggle/input/datasets/maryemmahmood/glyph2025/Glyph2025/i9/210342_i9.png,I9,True,21,342,68
/kaggle/input/datasets/maryemmahmood/glyph2025/Glyph2025/d37/d37_49.jpg,D37,False,-1,-1,18
/kaggle/input/datasets/maryemmahmood/glyph2025/Glyph2025/s34/s34_128.jpg,S34,False,-1,-1,126
/kaggle/input/datasets/maryemmahmood/glyph2025/Glyph2025/v30/410341_v30.png,V30,True,41,341,144
/kaggle/input/datasets/maryemmahmood/glyph2025/Glyph2025/m17/200220_m17.png,M17,True,20,220,73
/kaggle/input/datasets/maryemmahmood/glyph2025/Glyph2025/z1/230005_z1.png,Z1,True,23,5,168
/kaggle/input/datasets/maryemmahmood/glyph2025/Glyph2025/x8/x8_36.png,X8,False,-1,-1,162
/kaggle/input/datasets/maryemmahmood/glyph2025/Glyph2025/d4/d4_183.png,D4,False,-1,-1,20
/kaggle/input/datasets/maryemmahmood/glyph2025/Glyph2025/m17/m17_40.png,M17,False,-1,-1,73
/kaggle/input/datasets/maryemmahmood/glyph2025/Glyph2025/i9/i9_38.png,I9,False,-1,-1,68
/kaggle/input/datasets/maryemmahmood/glyph2025/Glyph2025/s29/200199_s29.png,S29,True,20,199,124
/kaggle/input/datasets/maryemmahmood/glyph2025/Glyph2025/r8/r8_121.png,R8,False,-1,-1,118
/kaggle/input/datasets/maryemmahmood/glyph2025/Glyph2025/d21/d21_69.png,D21,False,-1,-1,14
/kaggle/input/datasets/maryemmahmood/glyph2025/Glyph2025/n26/n26_27.png,N26,False,-1,-1,89
/kaggle/input/datasets/maryemmahmood/glyph2025/Glyph2025/s34/s34_56.jpg,S34,False,-1,-1,126
/kaggle/input/datasets/maryemmahmood/glyph2025/Glyph2025/q3/q3_19.png,Q3,False,-1,-1,113
/kaggle/input/datasets/maryemmahmood/glyph2025/Glyph2025/x8/x8_47.png,X8,False,-1,-1,162
/kaggle/input/datasets/maryemmahmood/glyph2025/Glyph2025/g14/g14_11.jpg,G14,False,-1,-1,50
/kaggle/input/datasets/maryemmahmood/glyph2025/Glyph2025/g17/230139_g17.png,G17,True,23,139,51
/kaggle/input/datasets/maryemmahmood/glyph2025/Glyph2025/z4/z4_22.jpg,Z4,False,-1,-1,173
/kaggle/input/datasets/maryemmahmood/glyph2025/Glyph2025/s29/s29_37.jpg,S29,False,-1,-1,124
/kaggle/input/datasets/maryemmahmood/glyph2025/Glyph2025/m17/090406_m17.png,M17,True,9,406,73
/kaggle/input/datasets/maryemmahmood/glyph2025/Glyph2025/x1/x1_108.png,X1,False,-1,-1,160
/kaggle/input/datasets/maryemmahmood/glyph2025/Glyph2025/w17/w17_2.png,W17,False,-1,-1,152
/kaggle/input/datasets/maryemmahmood/glyph2025/Glyph2025/y4/y4_9.png,Y4,False,-1,-1,166
/kaggle/input/datasets/maryemmahmood/glyph2025/Glyph2025/x1/x1_122.png,X1,False,-1,-1,160
/kaggle/input/datasets/maryemmahmood/glyph2025/Glyph2025/w25/w25_7.jpg,W25,False,-1,-1,158
/kaggle/input/datasets/maryemmahmood/glyph2025/Glyph2025/d21/d21_312.png,D21,False,-1,-1,14
/kaggle/input/datasets/maryemmahmood/glyph2025/Glyph2025/o34/o34_62.png,O34,False,-1,-1,103
/kaggle/input/datasets/maryemmahmood/glyph2025/Glyph2025/d1/d1_23.png,D1,False,-1,-1,12
/kaggle/input/datasets/maryemmahmood/glyph2025/Glyph2025/f35/f35_136.png,F35,False,-1,-1,46
/kaggle/input/datasets/maryemmahmood/glyph2025/Glyph2025/v30/v30_257.png,V30,False,-1,-1,144
/kaggle/input/datasets/maryemmahmood/glyph2025/Glyph2025/m17/m17_171.jpg,M17,False,-1,-1,73
/kaggle/input/datasets/maryemmahmood/glyph2025/Glyph2025/h6/h6_35.png,H6,False,-1,-1,63
/kaggle/input/datasets/maryemmahmood/glyph2025/Glyph2025/d36/d36_155.png,D36,False,-1,-1,17
/kaggle/input/datasets/maryemmahmood/glyph2025/Glyph2025/g43/g43_121.png,G43,False,-1,-1,60
/kaggle/input/datasets/maryemmahmood/glyph2025/Glyph2025/i9/050293_i9.png,I9,True,5,293,68
/kaggle/input/datasets/maryemmahmood/glyph2025/Glyph2025/d21/d21_75.jpg,D21,False,-1,-1,14
/kaggle/input/datasets/maryemmahmood/glyph2025/Glyph2025/e34/210006_e34.png,E34,True,21,6,34
/kaggle/input/datasets/maryemmahmood/glyph2025/Glyph2025/d4/d4_209.png,D4,False,-1,-1,20
/kaggle/input/datasets/maryemmahmood/glyph2025/Glyph2025/s29/200040_s29.png,S29,True,20,40,124
/kaggle/input/datasets/maryemmahmood/glyph2025/Glyph2025/s29/230208_s29.png,S29,True,23,208,124
/kaggle/input/datasets/maryemmahmood/glyph2025/Glyph2025/m17/m17_98.jpg,M17,False,-1,-1,73
/kaggle/input/datasets/maryemmahmood/glyph2025/Glyph2025/n25/n25_16.jpg,N25,False,-1,-1,88
/kaggle/input/datasets/maryemmahmood/glyph2025/Glyph2025/n35/n35_491.png,N35,False,-1,-1,94
/kaggle/input/datasets/maryemmahmood/glyph2025/Glyph2025/q3/q3_82.jpg,Q3,False,-1,-1,113
/kaggle/input/datasets/maryemmahmood/glyph2025/Glyph2025/n35/n35_78.jpg,N35,False,-1,-1,94
/kaggle/input/datasets/maryemmahmood/glyph2025/Glyph2025/u33/030448_u33.png,U33,True,3,448,135
/kaggle/input/datasets/maryemmahmood/glyph2025/Glyph2025/a1/a1_125.png,A1,False,-1,-1,0
/kaggle/input/datasets/maryemmahmood/glyph2025/Glyph2025/g17/410377_g17.png,G17,True,41,377,51
/kaggle/input/datasets/maryemmahmood/glyph2025/Glyph2025/h1/h1_40.png,H1,False,-1,-1,62
/kaggle/input/datasets/maryemmahmood/glyph2025/Glyph2025/h6/h6_7.png,H6,False,-1,-1,63
/kaggle/input/datasets/maryemmahmood/glyph2025/Glyph2025/n42/n42_4.png,N42,False,-1,-1,97
/kaggle/input/datasets/maryemmahmood/glyph2025/Glyph2025/u23/u23_4.jpg,U23,False,-1,-1,134
/kaggle/input/datasets/maryemmahmood/glyph2025/Glyph2025/n35/n35_82.jpg,N35,False,-1,-1,94
/kaggle/input/datasets/maryemmahmood/glyph2025/Glyph2025/u6/u6_23.png,U6,False,-1,-1,136
/kaggle/input/datasets/maryemmahmood/glyph2025/Glyph2025/n35/220237_n35.png,N35,True,22,237,94
/kaggle/input/datasets/maryemmahmood/glyph2025/Glyph2025/o50/030059_o50.png,O50,True,3,59,106
/kaggle/input/datasets/maryemmahmood/glyph2025/Glyph2025/s21/s21_3.png,S21,False,-1,-1,120
/kaggle/input/datasets/maryemmahmood/glyph2025/Glyph2025/h8/h8_7.png,H8,False,-1,-1,64
/kaggle/input/datasets/maryemmahmood/glyph2025/Glyph2025/s29/s29_185.png,S29,False,-1,-1,124
/kaggle/input/datasets/maryemmahmood/glyph2025/Glyph2025/d2/d2_65.png,D2,False,-1,-1,13
/kaggle/input/datasets/maryemmahmood/glyph2025/Glyph2025/d4/090401_d4.png,D4,True,9,401,20
/kaggle/input/datasets/maryemmahmood/glyph2025/Glyph2025/m17/m17_182.png,M17,False,-1,-1,73
/kaggle/input/datasets/maryemmahmood/glyph2025/Glyph2025/g25/410038_g25.png,G25,True,41,38,52
/kaggle/input/datasets/maryemmahmood/glyph2025/Glyph2025/z3/z3_12.png,Z3,False,-1,-1,172
/kaggle/input/datasets/maryemmahmood/glyph2025/Glyph2025/n35/n35_219.png,N35,False,-1,-1,94
/kaggle/input/datasets/maryemmahmood/glyph2025/Glyph2025/x1/x1_179.png,X1,False,-1,-1,160
/kaggle/input/datasets/maryemmahmood/glyph2025/Glyph2025/d36/d36_77.png,D36,False,-1,-1,17
/kaggle/input/datasets/maryemmahmood/glyph2025/Glyph2025/i1/i1_14.jpg,I1,False,-1,-1,65
/kaggle/input/datasets/maryemmahmood/glyph2025/Glyph2025/v30/v30_255.png,V30,False,-1,-1,144
/kaggle/input/datasets/maryemmahmood/glyph2025/Glyph2025/d4/230184_d4.png,D4,True,23,184,20
/kaggle/input/datasets/maryemmahmood/glyph2025/Glyph2025/x1/x1_309.png,X1,False,-1,-1,160
/kaggle/input/datasets/maryemmahmood/glyph2025/Glyph2025/i9/210076_i9.png,I9,True,21,76,68
/kaggle/input/datasets/maryemmahmood/glyph2025/Glyph2025/v31/390193_v31.png,V31,True,39,193,145
/kaggle/input/datasets/maryemmahmood/glyph2025/Glyph2025/d37/d37_19.jpg,D37,False,-1,-1,18
/kaggle/input/datasets/maryemmahmood/glyph2025/Glyph2025/n35/n35_258.png,N35,False,-1,-1,94
/kaggle/input/datasets/maryemmahmood/glyph2025/Glyph2025/d2/d2_8.jpg,D2,False,-1,-1,13
/kaggle/input/datasets/maryemmahmood/glyph2025/Glyph2025/n33/n33_66.png,N33,False,-1,-1,92
/kaggle/input/datasets/maryemmahmood/glyph2025/Glyph2025/r4/r4_62.png,R4,False,-1,-1,116
/kaggle/input/datasets/maryemmahmood/glyph2025/Glyph2025/a24/a24_11.png,A24,False,-1,-1,4
/kaggle/input/datasets/maryemmahmood/glyph2025/Glyph2025/d1/d1_3.jpg,D1,False,-1,-1,12
/kaggle/input/datasets/maryemmahmood/glyph2025/Glyph2025/s40/s40_9.png,S40,False,-1,-1,128
/kaggle/input/datasets/maryemmahmood/glyph2025/Glyph2025/d4/d4_70.jpg,D4,False,-1,-1,20
/kaggle/input/datasets/maryemmahmood/glyph2025/Glyph2025/d21/230348_d21.png,D21,True,23,348,14
/kaggle/input/datasets/maryemmahmood/glyph2025/Glyph2025/v30/v30_155.png,V30,False,-1,-1,144
/kaggle/input/datasets/maryemmahmood/glyph2025/Glyph2025/i9/i9_303.png,I9,False,-1,-1,68
/kaggle/input/datasets/maryemmahmood/glyph2025/Glyph2025/w24/w24_28.png,W24,False,-1,-1,157
/kaggle/input/datasets/maryemmahmood/glyph2025/Glyph2025/d4/d4_113.jpg,D4,False,-1,-1,20
/kaggle/input/datasets/maryemmahmood/glyph2025/Glyph2025/r8/r8_48.png,R8,False,-1,-1,118
/kaggle/input/datasets/maryemmahmood/glyph2025/Glyph2025/w24/200277_w24.png,W24,True,20,277,157
/kaggle/input/datasets/maryemmahmood/glyph2025/Glyph2025/x1/x1_116.png,X1,False,-1,-1,160
/kaggle/input/datasets/maryemmahmood/glyph2025/Glyph2025/m17/m17_353.png,M17,False,-1,-1,73
/kaggle/input/datasets/maryemmahmood/glyph2025/Glyph2025/h6/h6_5.png,H6,False,-1,-1,63
/kaggle/input/datasets/maryemmahmood/glyph2025/Glyph2025/n36/n36_8.png,N36,False,-1,-1,95
/kaggle/input/datasets/maryemmahmood/glyph2025/Glyph2025/h6/210359_h6.png,H6,True,21,359,63
/kaggle/input/datasets/maryemmahmood/glyph2025/Glyph2025/u6/u6_6.png,U6,False,-1,-1,136
/kaggle/input/datasets/maryemmahmood/glyph2025/Glyph2025/a2/a2_19.jpg,A2,False,-1,-1,3
/kaggle/input/datasets/maryemmahmood/glyph2025/Glyph2025/m17/210111_m17.png,M17,True,21,111,73
/kaggle/input/datasets/maryemmahmood/glyph2025/Glyph2025/d2/d2_70.png,D2,False,-1,-1,13
/kaggle/input/datasets/maryemmahmood/glyph2025/Glyph2025/q3/200067_q3.png,Q3,True,20,67,113
/kaggle/input/datasets/maryemmahmood/glyph2025/Glyph2025/m17/210133_m17.png,M17,True,21,133,73
/kaggle/input/datasets/maryemmahmood/glyph2025/Glyph2025/m23/m23_139.png,M23,False,-1,-1,78
/kaggle/input/datasets/maryemmahmood/glyph2025/Glyph2025/n35/n35_126.jpg,N35,False,-1,-1,94
/kaggle/input/datasets/maryemmahmood/glyph2025/Glyph2025/x7/x7_8.jpg,X7,False,-1,-1,161
/kaggle/input/datasets/maryemmahmood/glyph2025/Glyph2025/v7/090148_v7.png,V7,True,9,148,148
/kaggle/input/datasets/maryemmahmood/glyph2025/Glyph2025/r11/r11_3.jpg,R11,False,-1,-1,114
/kaggle/input/datasets/maryemmahmood/glyph2025/Glyph2025/x1/x1_77.png,X1,False,-1,-1,160
/kaggle/input/datasets/maryemmahmood/glyph2025/Glyph2025/d21/d21_217.png,D21,False,-1,-1,14
/kaggle/input/datasets/maryemmahmood/glyph2025/Glyph2025/d4/d4_166.png,D4,False,-1,-1,20
/kaggle/input/datasets/maryemmahmood/glyph2025/Glyph2025/l2/l2_11.png,L2,False,-1,-1,70
/kaggle/input/datasets/maryemmahmood/glyph2025/Glyph2025/o34/o34_60.png,O34,False,-1,-1,103
/kaggle/input/datasets/maryemmahmood/glyph2025/Glyph2025/aa15/aa15_78.png,AA15,False,-1,-1,10
/kaggle/input/datasets/maryemmahmood/glyph2025/Glyph2025/i9/i9_121.jpg,I9,False,-1,-1,68
/kaggle/input/datasets/maryemmahmood/glyph2025/Glyph2025/g35/410166_g35.png,G35,True,41,166,53
/kaggle/input/datasets/maryemmahmood/glyph2025/Glyph2025/x1/030082_x1.png,X1,True,3,82,160
/kaggle/input/datasets/maryemmahmood/glyph2025/Glyph2025/s29/030019_s29.png,S29,True,3,19,124
/kaggle/input/datasets/maryemmahmood/glyph2025/Glyph2025/m17/m17_9.png,M17,False,-1,-1,73
/kaggle/input/datasets/maryemmahmood/glyph2025/Glyph2025/d58/090173_d58.png,D58,True,9,173,28
/kaggle/input/datasets/maryemmahmood/glyph2025/Glyph2025/x8/200279_x8.png,X8,True,20,279,162
/kaggle/input/datasets/maryemmahmood/glyph2025/Glyph2025/v1/v1_17.png,V1,False,-1,-1,138
/kaggle/input/datasets/maryemmahmood/glyph2025/Glyph2025/n35/390159_n35.png,N35,True,39,159,94
/kaggle/input/datasets/maryemmahmood/glyph2025/Glyph2025/n35/n35_494.jpg,N35,False,-1,-1,94
/kaggle/input/datasets/maryemmahmood/glyph2025/Glyph2025/q1/q1_118.png,Q1,False,-1,-1,111
/kaggle/input/datasets/maryemmahmood/glyph2025/Glyph2025/d21/d21_264.png,D21,False,-1,-1,14
/kaggle/input/datasets/maryemmahmood/glyph2025/Glyph2025/d21/d21_182.png,D21,False,-1,-1,14
/kaggle/input/datasets/maryemmahmood/glyph2025/Glyph2025/a1/a1_6.jpg,A1,False,-1,-1,0
/kaggle/input/datasets/maryemmahmood/glyph2025/Glyph2025/v30/v30_226.png,V30,False,-1,-1,144
/kaggle/input/datasets/maryemmahmood/glyph2025/Glyph2025/v30/v30_142.png,V30,False,-1,-1,144
/kaggle/input/datasets/maryemmahmood/glyph2025/Glyph2025/q1/410072_q1.png,Q1,True,41,72,111
/kaggle/input/datasets/maryemmahmood/glyph2025/Glyph2025/n35/n35_299.png,N35,False,-1,-1,94
/kaggle/input/datasets/maryemmahmood/glyph2025/Glyph2025/g25/230095_g25.png,G25,True,23,95,52
/kaggle/input/datasets/maryemmahmood/glyph2025/Glyph2025/d4/d4_94.png,D4,False,-1,-1,20
/kaggle/input/datasets/maryemmahmood/glyph2025/Glyph2025/r8/r8_126.png,R8,False,-1,-1,118
/kaggle/input/datasets/maryemmahmood/glyph2025/Glyph2025/n35/n35_284.png,N35,False,-1,-1,94
/kaggle/input/datasets/maryemmahmood/glyph2025/Glyph2025/v28/v28_50.jpg,V28,False,-1,-1,142
/kaggle/input/datasets/maryemmahmood/glyph2025/Glyph2025/n14/410230_n14.png,N14,True,41,230,84
/kaggle/input/datasets/maryemmahmood/glyph2025/Glyph2025/v31/v31_121.png,V31,False,-1,-1,145
/kaggle/input/datasets/maryemmahmood/glyph2025/Glyph2025/h6/h6_12.png,H6,False,-1,-1,63
/kaggle/input/datasets/maryemmahmood/glyph2025/Glyph2025/y4/y4_22.png,Y4,False,-1,-1,166
/kaggle/input/datasets/maryemmahmood/glyph2025/Glyph2025/m17/m17_232.png,M17,False,-1,-1,73
/kaggle/input/datasets/maryemmahmood/glyph2025/Glyph2025/u6/u6_32.png,U6,False,-1,-1,136
/kaggle/input/datasets/maryemmahmood/glyph2025/Glyph2025/f18/200243_f18.png,F18,True,20,243,40
/kaggle/input/datasets/maryemmahmood/glyph2025/Glyph2025/v29/v29_12.png,V29,False,-1,-1,143
/kaggle/input/datasets/maryemmahmood/glyph2025/Glyph2025/m2/m2_10.png,M2,False,-1,-1,75
/kaggle/input/datasets/maryemmahmood/glyph2025/Glyph2025/s29/220309_s29.png,S29,True,22,309,124
/kaggle/input/datasets/maryemmahmood/glyph2025/Glyph2025/m17/m17_60.png,M17,False,-1,-1,73
/kaggle/input/datasets/maryemmahmood/glyph2025/Glyph2025/i9/050079_i9.png,I9,True,5,79,68
/kaggle/input/datasets/maryemmahmood/glyph2025/Glyph2025/d58/d58_35.png,D58,False,-1,-1,28
/kaggle/input/datasets/maryemmahmood/glyph2025/Glyph2025/f35/f35_45.png,F35,False,-1,-1,46
/kaggle/input/datasets/maryemmahmood/glyph2025/Glyph2025/g17/g17_127.jpg,G17,False,-1,-1,51
/kaggle/input/datasets/maryemmahmood/glyph2025/Glyph2025/q3/q3_89.png,Q3,False,-1,-1,113
/kaggle/input/datasets/maryemmahmood/glyph2025/Glyph2025/b1/b1_9.jpg,B1,False,-1,-1,11
/kaggle/input/datasets/maryemmahmood/glyph2025/Glyph2025/f26/f26_12.png,F26,False,-1,-1,42
/kaggle/input/datasets/maryemmahmood/glyph2025/Glyph2025/v13/v13_62.png,V13,False,-1,-1,140
/kaggle/input/datasets/maryemmahmood/glyph2025/Glyph2025/q1/q1_127.png,Q1,False,-1,-1,111
/kaggle/input/datasets/maryemmahmood/glyph2025/Glyph2025/n37/390332_n37.png,N37,True,39,332,96
/kaggle/input/datasets/maryemmahmood/glyph2025/Glyph2025/x1/x1_230.png,X1,False,-1,-1,160
/kaggle/input/datasets/maryemmahmood/glyph2025/Glyph2025/x1/050230_x1.png,X1,True,5,230,160
/kaggle/input/datasets/maryemmahmood/glyph2025/Glyph2025/d58/d58_109.png,D58,False,-1,-1,28
/kaggle/input/datasets/maryemmahmood/glyph2025/Glyph2025/d21/230302_d21.png,D21,True,23,302,14
/kaggle/input/datasets/maryemmahmood/glyph2025/Glyph2025/u1/u1_15.jpg,U1,False,-1,-1,132
/kaggle/input/datasets/maryemmahmood/glyph2025/Glyph2025/d21/220243_d21.png,D21,True,22,243,14
/kaggle/input/datasets/maryemmahmood/glyph2025/Glyph2025/f35/f35_132.png,F35,False,-1,-1,46
/kaggle/input/datasets/maryemmahmood/glyph2025/Glyph2025/d4/d4_153.png,D4,False,-1,-1,20
/kaggle/input/datasets/maryemmahmood/glyph2025/Glyph2025/v13/v13_48.jpg,V13,False,-1,-1,140
/kaggle/input/datasets/maryemmahmood/glyph2025/Glyph2025/d36/d36_82.jpg,D36,False,-1,-1,17
/kaggle/input/datasets/maryemmahmood/glyph2025/Glyph2025/q3/q3_14.png,Q3,False,-1,-1,113
/kaggle/input/datasets/maryemmahmood/glyph2025/Glyph2025/n1/n1_57.png,N1,False,-1,-1,83
/kaggle/input/datasets/maryemmahmood/glyph2025/Glyph2025/x1/x1_161.png,X1,False,-1,-1,160
/kaggle/input/datasets/maryemmahmood/glyph2025/Glyph2025/n35/200203_n35.png,N35,True,20,203,94
/kaggle/input/datasets/maryemmahmood/glyph2025/Glyph2025/m12/m12_13.png,M12,False,-1,-1,71
/kaggle/input/datasets/maryemmahmood/glyph2025/Glyph2025/v30/v30_112.png,V30,False,-1,-1,144
/kaggle/input/datasets/maryemmahmood/glyph2025/Glyph2025/n33/n33_54.jpg,N33,False,-1,-1,92
/kaggle/input/datasets/maryemmahmood/glyph2025/Glyph2025/v13/220375_v13.png,V13,True,22,375,140
/kaggle/input/datasets/maryemmahmood/glyph2025/Glyph2025/m17/050399_m17.png,M17,True,5,399,73
/kaggle/input/datasets/maryemmahmood/glyph2025/Glyph2025/n18/230079_n18.png,N18,True,23,79,86
/kaggle/input/datasets/maryemmahmood/glyph2025/Glyph2025/n33/n33_16.png,N33,False,-1,-1,92
/kaggle/input/datasets/maryemmahmood/glyph2025/Glyph2025/r8/r8_42.png,R8,False,-1,-1,118
/kaggle/input/datasets/maryemmahmood/glyph2025/Glyph2025/g17/g17_27.jpg,G17,False,-1,-1,51
/kaggle/input/datasets/maryemmahmood/glyph2025/Glyph2025/a1/a1_2.jpg,A1,False,-1,-1,0
/kaggle/input/datasets/maryemmahmood/glyph2025/Glyph2025/m17/m17_426.png,M17,False,-1,-1,73
/kaggle/input/datasets/maryemmahmood/glyph2025/Glyph2025/n35/n35_80.png,N35,False,-1,-1,94
/kaggle/input/datasets/maryemmahmood/glyph2025/Glyph2025/g25/410131_g25.png,G25,True,41,131,52
/kaggle/input/datasets/maryemmahmood/glyph2025/Glyph2025/f1/f1_18.png,F1,False,-1,-1,37
/kaggle/input/datasets/maryemmahmood/glyph2025/Glyph2025/x1/x1_5.png,X1,False,-1,-1,160
/kaggle/input/datasets/maryemmahmood/glyph2025/Glyph2025/n35/210085_n35.png,N35,True,21,85,94
/kaggle/input/datasets/maryemmahmood/glyph2025/Glyph2025/g43/g43_100.jpg,G43,False,-1,-1,60
/kaggle/input/datasets/maryemmahmood/glyph2025/Glyph2025/r8/410085_r8.png,R8,True,41,85,118
/kaggle/input/datasets/maryemmahmood/glyph2025/Glyph2025/f12/f12_12.jpg,F12,False,-1,-1,38
/kaggle/input/datasets/maryemmahmood/glyph2025/Glyph2025/g4/210191_g4.png,G4,True,21,191,58
/kaggle/input/datasets/maryemmahmood/glyph2025/Glyph2025/x1/x1_260.png,X1,False,-1,-1,160
/kaggle/input/datasets/maryemmahmood/glyph2025/Glyph2025/x1/x1_404.png,X1,False,-1,-1,160
/kaggle/input/datasets/maryemmahmood/glyph2025/Glyph2025/d21/d21_199.png,D21,False,-1,-1,14
/kaggle/input/datasets/maryemmahmood/glyph2025/Glyph2025/n35/n35_148.png,N35,False,-1,-1,94
/kaggle/input/datasets/maryemmahmood/glyph2025/Glyph2025/g43/g43_166.jpg,G43,False,-1,-1,60
/kaggle/input/datasets/maryemmahmood/glyph2025/Glyph2025/d21/220229_d21.png,D21,True,22,229,14
/kaggle/input/datasets/maryemmahmood/glyph2025/Glyph2025/w24/090109_w24.png,W24,True,9,109,157
/kaggle/input/datasets/maryemmahmood/glyph2025/Glyph2025/v28/v28_109.png,V28,False,-1,-1,142
/kaggle/input/datasets/maryemmahmood/glyph2025/Glyph2025/e34/e34_9.png,E34,False,-1,-1,34
/kaggle/input/datasets/maryemmahmood/glyph2025/Glyph2025/d21/d21_295.jpg,D21,False,-1,-1,14
/kaggle/input/datasets/maryemmahmood/glyph2025/Glyph2025/x1/200210_x1.png,X1,True,20,210,160
/kaggle/input/datasets/maryemmahmood/glyph2025/Glyph2025/d2/d2_88.png,D2,False,-1,-1,13
/kaggle/input/datasets/maryemmahmood/glyph2025/Glyph2025/h1/h1_7.png,H1,False,-1,-1,62
/kaggle/input/datasets/maryemmahmood/glyph2025/Glyph2025/d4/d4_151.png,D4,False,-1,-1,20
/kaggle/input/datasets/maryemmahmood/glyph2025/Glyph2025/n33/n33_26.png,N33,False,-1,-1,92
/kaggle/input/datasets/maryemmahmood/glyph2025/Glyph2025/m12/m12_61.png,M12,False,-1,-1,71
/kaggle/input/datasets/maryemmahmood/glyph2025/Glyph2025/x8/x8_2.png,X8,False,-1,-1,162
/kaggle/input/datasets/maryemmahmood/glyph2025/Glyph2025/q3/230168_q3.png,Q3,True,23,168,113
/kaggle/input/datasets/maryemmahmood/glyph2025/Glyph2025/w23/w23_11.png,W23,False,-1,-1,156
/kaggle/input/datasets/maryemmahmood/glyph2025/Glyph2025/x1/x1_51.png,X1,False,-1,-1,160
/kaggle/input/datasets/maryemmahmood/glyph2025/Glyph2025/x8/x8_46.jpg,X8,False,-1,-1,162
/kaggle/input/datasets/maryemmahmood/glyph2025/Glyph2025/g36/g36_22.jpg,G36,False,-1,-1,54
/kaggle/input/datasets/maryemmahmood/glyph2025/Glyph2025/h1/h1_17.png,H1,False,-1,-1,62
/kaggle/input/datasets/maryemmahmood/glyph2025/Glyph2025/d36/d36_10.png,D36,False,-1,-1,17
/kaggle/input/datasets/maryemmahmood/glyph2025/Glyph2025/d60/d60_7.jpg,D60,False,-1,-1,29
/kaggle/input/datasets/maryemmahmood/glyph2025/Glyph2025/d37/d37_79.jpg,D37,False,-1,-1,18
/kaggle/input/datasets/maryemmahmood/glyph2025/Glyph2025/v30/v30_247.png,V30,False,-1,-1,144
/kaggle/input/datasets/maryemmahmood/glyph2025/Glyph2025/d21/d21_169.png,D21,False,-1,-1,14
/kaggle/input/datasets/maryemmahmood/glyph2025/Glyph2025/n35/n35_242.png,N35,False,-1,-1,94
/kaggle/input/datasets/maryemmahmood/glyph2025/Glyph2025/i9/i9_108.png,I9,False,-1,-1,68
/kaggle/input/datasets/maryemmahmood/glyph2025/Glyph2025/m17/210274_m17.png,M17,True,21,274,73
/kaggle/input/datasets/maryemmahmood/glyph2025/Glyph2025/v29/v29_1.png,V29,False,-1,-1,143
/kaggle/input/datasets/maryemmahmood/glyph2025/Glyph2025/d36/d36_25.png,D36,False,-1,-1,17
/kaggle/input/datasets/maryemmahmood/glyph2025/Glyph2025/d21/d21_24.png,D21,False,-1,-1,14
/kaggle/input/datasets/maryemmahmood/glyph2025/Glyph2025/d21/d21_35.png,D21,False,-1,-1,14
/kaggle/input/datasets/maryemmahmood/glyph2025/Glyph2025/a2/a2_18.jpg,A2,False,-1,-1,3
/kaggle/input/datasets/maryemmahmood/glyph2025/Glyph2025/n35/n35_83.jpg,N35,False,-1,-1,94
/kaggle/input/datasets/maryemmahmood/glyph2025/Glyph2025/m23/m23_157.jpg,M23,False,-1,-1,78
/kaggle/input/datasets/maryemmahmood/glyph2025/Glyph2025/x1/x1_351.png,X1,False,-1,-1,160
/kaggle/input/datasets/maryemmahmood/glyph2025/Glyph2025/aa15/aa15_20.png,AA15,False,-1,-1,10
/kaggle/input/datasets/maryemmahmood/glyph2025/Glyph2025/q3/230405_q3.png,Q3,True,23,405,113
/kaggle/input/datasets/maryemmahmood/glyph2025/Glyph2025/m17/m17_473.png,M17,False,-1,-1,73
/kaggle/input/datasets/maryemmahmood/glyph2025/Glyph2025/x8/x8_85.png,X8,False,-1,-1,162
/kaggle/input/datasets/maryemmahmood/glyph2025/Glyph2025/v28/v28_96.png,V28,False,-1,-1,142
/kaggle/input/datasets/maryemmahmood/glyph2025/Glyph2025/q3/q3_108.png,Q3,False,-1,-1,113
/kaggle/input/datasets/maryemmahmood/glyph2025/Glyph2025/d58/d58_9.jpg,D58,False,-1,-1,28
/kaggle/input/datasets/maryemmahmood/glyph2025/Glyph2025/f13/390343_f13.png,F13,True,39,343,39
/kaggle/input/datasets/maryemmahmood/glyph2025/Glyph2025/q1/q1_105.png,Q1,False,-1,-1,111
/kaggle/input/datasets/maryemmahmood/glyph2025/Glyph2025/d55/d55_12.jpg,D55,False,-1,-1,26
/kaggle/input/datasets/maryemmahmood/glyph2025/Glyph2025/d4/d4_155.png,D4,False,-1,-1,20
/kaggle/input/datasets/maryemmahmood/glyph2025/Glyph2025/v31/390359_v31.png,V31,True,39,359,145
/kaggle/input/datasets/maryemmahmood/glyph2025/Glyph2025/n35/210265_n35.png,N35,True,21,265,94
/kaggle/input/datasets/maryemmahmood/glyph2025/Glyph2025/d4/d4_140.png,D4,False,-1,-1,20
/kaggle/input/datasets/maryemmahmood/glyph2025/Glyph2025/m23/m23_99.png,M23,False,-1,-1,78
/kaggle/input/datasets/maryemmahmood/glyph2025/Glyph2025/g43/g43_50.png,G43,False,-1,-1,60
/kaggle/input/datasets/maryemmahmood/glyph2025/Glyph2025/d28/d28_23.png,D28,False,-1,-1,15
/kaggle/input/datasets/maryemmahmood/glyph2025/Glyph2025/n35/230213_n35.png,N35,True,23,213,94
/kaggle/input/datasets/maryemmahmood/glyph2025/Glyph2025/a50/a50_1.jpg,A50,False,-1,-1,8
/kaggle/input/datasets/maryemmahmood/glyph2025/Glyph2025/n35/030086_n35.png,N35,True,3,86,94
/kaggle/input/datasets/maryemmahmood/glyph2025/Glyph2025/e34/090009_e34.png,E34,True,9,9,34
/kaggle/input/datasets/maryemmahmood/glyph2025/Glyph2025/x8/x8_143.png,X8,False,-1,-1,162
/kaggle/input/datasets/maryemmahmood/glyph2025/Glyph2025/a1/a1_47.png,A1,False,-1,-1,0
/kaggle/input/datasets/maryemmahmood/glyph2025/Glyph2025/q1/q1_83.png,Q1,False,-1,-1,111
/kaggle/input/datasets/maryemmahmood/glyph2025/Glyph2025/m12/m12_77.png,M12,False,-1,-1,71
/kaggle/input/datasets/maryemmahmood/glyph2025/Glyph2025/o50/230108_o50.png,O50,True,23,108,106
/kaggle/input/datasets/maryemmahmood/glyph2025/Glyph2025/y1/y1_83.png,Y1,False,-1,-1,163
/kaggle/input/datasets/maryemmahmood/glyph2025/Glyph2025/s34/s34_99.jpg,S34,False,-1,-1,126
/kaggle/input/datasets/maryemmahmood/glyph2025/Glyph2025/f35/f35_64.png,F35,False,-1,-1,46
/kaggle/input/datasets/maryemmahmood/glyph2025/Glyph2025/m17/050003_m17.png,M17,True,5,3,73
/kaggle/input/datasets/maryemmahmood/glyph2025/Glyph2025/t28/t28_16.png,T28,False,-1,-1,131
/kaggle/input/datasets/maryemmahmood/glyph2025/Glyph2025/x1/x1_153.png,X1,False,-1,-1,160
/kaggle/input/datasets/maryemmahmood/glyph2025/Glyph2025/o50/050393_o50.png,O50,True,5,393,106
/kaggle/input/datasets/maryemmahmood/glyph2025/Glyph2025/s34/s34_100.png,S34,False,-1,-1,126
/kaggle/input/datasets/maryemmahmood/glyph2025/Glyph2025/g17/030226_g17.png,G17,True,3,226,51
/kaggle/input/datasets/maryemmahmood/glyph2025/Glyph2025/x1/x1_414.png,X1,False,-1,-1,160
/kaggle/input/datasets/maryemmahmood/glyph2025/Glyph2025/x1/200078_x1.png,X1,True,20,78,160
/kaggle/input/datasets/maryemmahmood/glyph2025/Glyph2025/i10/i10_50.png,I10,False,-1,-1,66
/kaggle/input/datasets/maryemmahmood/glyph2025/Glyph2025/r8/050240_r8.png,R8,True,5,240,118
/kaggle/input/datasets/maryemmahmood/glyph2025/Glyph2025/r8/r8_18.png,R8,False,-1,-1,118
/kaggle/input/datasets/maryemmahmood/glyph2025/Glyph2025/u1/210262_u1.png,U1,True,21,262,132
/kaggle/input/datasets/maryemmahmood/glyph2025/Glyph2025/x8/x8_125.png,X8,False,-1,-1,162
/kaggle/input/datasets/maryemmahmood/glyph2025/Glyph2025/n35/n35_150.png,N35,False,-1,-1,94
/kaggle/input/datasets/maryemmahmood/glyph2025/Glyph2025/x1/410362_x1.png,X1,True,41,362,160
/kaggle/input/datasets/maryemmahmood/glyph2025/Glyph2025/v30/v30_269.jpg,V30,False,-1,-1,144
/kaggle/input/datasets/maryemmahmood/glyph2025/Glyph2025/w25/w25_18.jpg,W25,False,-1,-1,158
/kaggle/input/datasets/maryemmahmood/glyph2025/Glyph2025/w18/410356_w18.png,W18,True,41,356,153
/kaggle/input/datasets/maryemmahmood/glyph2025/Glyph2025/f12/200216_f12.png,F12,True,20,216,38
/kaggle/input/datasets/maryemmahmood/glyph2025/Glyph2025/m23/m23_77.jpg,M23,False,-1,-1,78
/kaggle/input/datasets/maryemmahmood/glyph2025/Glyph2025/v30/v30_55.png,V30,False,-1,-1,144
/kaggle/input/datasets/maryemmahmood/glyph2025/Glyph2025/m12/m12_65.png,M12,False,-1,-1,71
/kaggle/input/datasets/maryemmahmood/glyph2025/Glyph2025/s29/220239_s29.png,S29,True,22,239,124
/kaggle/input/datasets/maryemmahmood/glyph2025/Glyph2025/v31/390186_v31.png,V31,True,39,186,145
/kaggle/input/datasets/maryemmahmood/glyph2025/Glyph2025/a1/a1_39.png,A1,False,-1,-1,0
/kaggle/input/datasets/maryemmahmood/glyph2025/Glyph2025/r4/r4_25.png,R4,False,-1,-1,116
/kaggle/input/datasets/maryemmahmood/glyph2025/Glyph2025/s29/050332_s29.png,S29,True,5,332,124
/kaggle/input/datasets/maryemmahmood/glyph2025/Glyph2025/v13/410217_v13.png,V13,True,41,217,140
/kaggle/input/datasets/maryemmahmood/glyph2025/Glyph2025/d2/d2_53.png,D2,False,-1,-1,13
/kaggle/input/datasets/maryemmahmood/glyph2025/Glyph2025/d37/d37_37.jpg,D37,False,-1,-1,18
/kaggle/input/datasets/maryemmahmood/glyph2025/Glyph2025/w24/w24_13.jpg,W24,False,-1,-1,157
/kaggle/input/datasets/maryemmahmood/glyph2025/Glyph2025/v28/210211_v28.png,V28,True,21,211,142
/kaggle/input/datasets/maryemmahmood/glyph2025/Glyph2025/m17/030201_m17.png,M17,True,3,201,73
/kaggle/input/datasets/maryemmahmood/glyph2025/Glyph2025/aa15/aa15_49.png,AA15,False,-1,-1,10
/kaggle/input/datasets/maryemmahmood/glyph2025/Glyph2025/v30/v30_27.png,V30,False,-1,-1,144
/kaggle/input/datasets/maryemmahmood/glyph2025/Glyph2025/o50/230353_o50.png,O50,True,23,353,106
/kaggle/input/datasets/maryemmahmood/glyph2025/Glyph2025/t22/t22_3.png,T22,False,-1,-1,130
/kaggle/input/datasets/maryemmahmood/glyph2025/Glyph2025/r8/r8_24.png,R8,False,-1,-1,118
/kaggle/input/datasets/maryemmahmood/glyph2025/Glyph2025/d46/d46_41.png,D46,False,-1,-1,23
/kaggle/input/datasets/maryemmahmood/glyph2025/Glyph2025/x1/x1_369.png,X1,False,-1,-1,160
/kaggle/input/datasets/maryemmahmood/glyph2025/Glyph2025/s34/s34_41.jpg,S34,False,-1,-1,126
/kaggle/input/datasets/maryemmahmood/glyph2025/Glyph2025/v31/410260_v31.png,V31,True,41,260,145
/kaggle/input/datasets/maryemmahmood/glyph2025/Glyph2025/m17/230060_m17.png,M17,True,23,60,73
/kaggle/input/datasets/maryemmahmood/glyph2025/Glyph2025/s29/s29_82.jpg,S29,False,-1,-1,124
/kaggle/input/datasets/maryemmahmood/glyph2025/Glyph2025/o1/o1_33.png,O1,False,-1,-1,100
/kaggle/input/datasets/maryemmahmood/glyph2025/Glyph2025/s29/s29_108.png,S29,False,-1,-1,124
/kaggle/input/datasets/maryemmahmood/glyph2025/Glyph2025/s29/s29_171.jpg,S29,False,-1,-1,124
/kaggle/input/datasets/maryemmahmood/glyph2025/Glyph2025/p8/200164_p8.png,P8,True,20,164,110
/kaggle/input/datasets/maryemmahmood/glyph2025/Glyph2025/m17/m17_144.png,M17,False,-1,-1,73
/kaggle/input/datasets/maryemmahmood/glyph2025/Glyph2025/o4/o4_29.png,O4,False,-1,-1,104
/kaggle/input/datasets/maryemmahmood/glyph2025/Glyph2025/g43/030117_g43.png,G43,True,3,117,60
/kaggle/input/datasets/maryemmahmood/glyph2025/Glyph2025/x1/x1_87.png,X1,False,-1,-1,160
/kaggle/input/datasets/maryemmahmood/glyph2025/Glyph2025/s29/410224_s29.png,S29,True,41,224,124
/kaggle/input/datasets/maryemmahmood/glyph2025/Glyph2025/s38/s38_3.png,S38,False,-1,-1,127
/kaggle/input/datasets/maryemmahmood/glyph2025/Glyph2025/r11/r11_34.png,R11,False,-1,-1,114
/kaggle/input/datasets/maryemmahmood/glyph2025/Glyph2025/d40/d40_22.png,D40,False,-1,-1,21
/kaggle/input/datasets/maryemmahmood/glyph2025/Glyph2025/d37/d37_84.png,D37,False,-1,-1,18
/kaggle/input/datasets/maryemmahmood/glyph2025/Glyph2025/m23/m23_122.png,M23,False,-1,-1,78
/kaggle/input/datasets/maryemmahmood/glyph2025/Glyph2025/h6/h6_39.png,H6,False,-1,-1,63
/kaggle/input/datasets/maryemmahmood/glyph2025/Glyph2025/x1/030362_x1.png,X1,True,3,362,160
/kaggle/input/datasets/maryemmahmood/glyph2025/Glyph2025/n35/030013_n35.png,N35,True,3,13,94
/kaggle/input/datasets/maryemmahmood/glyph2025/Glyph2025/d58/410197_d58.png,D58,True,41,197,28
/kaggle/input/datasets/maryemmahmood/glyph2025/Glyph2025/v31/v31_82.png,V31,False,-1,-1,145
/kaggle/input/datasets/maryemmahmood/glyph2025/Glyph2025/n35/030206_n35.png,N35,True,3,206,94
/kaggle/input/datasets/maryemmahmood/glyph2025/Glyph2025/m17/410070_m17.png,M17,True,41,70,73
/kaggle/input/datasets/maryemmahmood/glyph2025/Glyph2025/x1/x1_233.png,X1,False,-1,-1,160
/kaggle/input/datasets/maryemmahmood/glyph2025/Glyph2025/y2/200323_y2.png,Y2,True,20,323,164
/kaggle/input/datasets/maryemmahmood/glyph2025/Glyph2025/i9/220194_i9.png,I9,True,22,194,68
/kaggle/input/datasets/maryemmahmood/glyph2025/Glyph2025/q1/q1_137.png,Q1,False,-1,-1,111
/kaggle/input/datasets/maryemmahmood/glyph2025/Glyph2025/q1/q1_134.png,Q1,False,-1,-1,111
/kaggle/input/datasets/maryemmahmood/glyph2025/Glyph2025/q3/q3_9.png,Q3,False,-1,-1,113
/kaggle/input/datasets/maryemmahmood/glyph2025/Glyph2025/d58/d58_5.png,D58,False,-1,-1,28
/kaggle/input/datasets/maryemmahmood/glyph2025/Glyph2025/n35/n35_371.png,N35,False,-1,-1,94
/kaggle/input/datasets/maryemmahmood/glyph2025/Glyph2025/s29/s29_193.jpg,S29,False,-1,-1,124
/kaggle/input/datasets/maryemmahmood/glyph2025/Glyph2025/v13/230335_v13.png,V13,True,23,335,140
/kaggle/input/datasets/maryemmahmood/glyph2025/Glyph2025/v13/v13_27.png,V13,False,-1,-1,140
/kaggle/input/datasets/maryemmahmood/glyph2025/Glyph2025/x1/x1_229.png,X1,False,-1,-1,160
/kaggle/input/datasets/maryemmahmood/glyph2025/Glyph2025/d36/d36_35.png,D36,False,-1,-1,17
/kaggle/input/datasets/maryemmahmood/glyph2025/Glyph2025/n1/n1_24.png,N1,False,-1,-1,83
/kaggle/input/datasets/maryemmahmood/glyph2025/Glyph2025/f1/f1_8.png,F1,False,-1,-1,37
/kaggle/input/datasets/maryemmahmood/glyph2025/Glyph2025/s29/050130_s29.png,S29,True,5,130,124
/kaggle/input/datasets/maryemmahmood/glyph2025/Glyph2025/d2/d2_82.png,D2,False,-1,-1,13
/kaggle/input/datasets/maryemmahmood/glyph2025/Glyph2025/u15/u15_14.png,U15,False,-1,-1,133
/kaggle/input/datasets/maryemmahmood/glyph2025/Glyph2025/r4/r4_7.png,R4,False,-1,-1,116
/kaggle/input/datasets/maryemmahmood/glyph2025/Glyph2025/s34/s34_111.png,S34,False,-1,-1,126
/kaggle/input/datasets/maryemmahmood/glyph2025/Glyph2025/w24/w24_27.png,W24,False,-1,-1,157
/kaggle/input/datasets/maryemmahmood/glyph2025/Glyph2025/d54/230170_d54.png,D54,True,23,170,25
/kaggle/input/datasets/maryemmahmood/glyph2025/Glyph2025/n35/n35_68.png,N35,False,-1,-1,94
/kaggle/input/datasets/maryemmahmood/glyph2025/Glyph2025/d21/390118_d21.png,D21,True,39,118,14
/kaggle/input/datasets/maryemmahmood/glyph2025/Glyph2025/m17/220313_m17.png,M17,True,22,313,73
/kaggle/input/datasets/maryemmahmood/glyph2025/Glyph2025/a1/a1_87.png,A1,False,-1,-1,0
/kaggle/input/datasets/maryemmahmood/glyph2025/Glyph2025/d4/d4_65.png,D4,False,-1,-1,20
/kaggle/input/datasets/maryemmahmood/glyph2025/Glyph2025/v30/v30_30.png,V30,False,-1,-1,144
/kaggle/input/datasets/maryemmahmood/glyph2025/Glyph2025/a2/a2_14.jpg,A2,False,-1,-1,3
/kaggle/input/datasets/maryemmahmood/glyph2025/Glyph2025/s29/030202_s29.png,S29,True,3,202,124
/kaggle/input/datasets/maryemmahmood/glyph2025/Glyph2025/a1/a1_121.png,A1,False,-1,-1,0
/kaggle/input/datasets/maryemmahmood/glyph2025/Glyph2025/d55/d55_50.png,D55,False,-1,-1,26
/kaggle/input/datasets/maryemmahmood/glyph2025/Glyph2025/m12/m12_55.png,M12,False,-1,-1,71
/kaggle/input/datasets/maryemmahmood/glyph2025/Glyph2025/g43/210254_g43.png,G43,True,21,254,60
/kaggle/input/datasets/maryemmahmood/glyph2025/Glyph2025/x1/050066_x1.png,X1,True,5,66,160
/kaggle/input/datasets/maryemmahmood/glyph2025/Glyph2025/o34/o34_31.png,O34,False,-1,-1,103
/kaggle/input/datasets/maryemmahmood/glyph2025/Glyph2025/s21/s21_25.png,S21,False,-1,-1,120
/kaggle/input/datasets/maryemmahmood/glyph2025/Glyph2025/n35/230171_n35.png,N35,True,23,171,94
/kaggle/input/datasets/maryemmahmood/glyph2025/Glyph2025/o4/o4_38.png,O4,False,-1,-1,104
/kaggle/input/datasets/maryemmahmood/glyph2025/Glyph2025/f31/f31_65.png,F31,False,-1,-1,43
/kaggle/input/datasets/maryemmahmood/glyph2025/Glyph2025/s29/030088_s29.png,S29,True,3,88,124
/kaggle/input/datasets/maryemmahmood/glyph2025/Glyph2025/x1/x1_115.jpg,X1,False,-1,-1,160
/kaggle/input/datasets/maryemmahmood/glyph2025/Glyph2025/g43/g43_7.jpg,G43,False,-1,-1,60
/kaggle/input/datasets/maryemmahmood/glyph2025/Glyph2025/s38/s38_27.png,S38,False,-1,-1,127
/kaggle/input/datasets/maryemmahmood/glyph2025/Glyph2025/o1/o1_27.jpg,O1,False,-1,-1,100
/kaggle/input/datasets/maryemmahmood/glyph2025/Glyph2025/g36/g36_40.png,G36,False,-1,-1,54
/kaggle/input/datasets/maryemmahmood/glyph2025/Glyph2025/a19/a19_4.jpg,A19,False,-1,-1,2
/kaggle/input/datasets/maryemmahmood/glyph2025/Glyph2025/g4/210316_g4.png,G4,True,21,316,58
/kaggle/input/datasets/maryemmahmood/glyph2025/Glyph2025/a1/a1_14.jpg,A1,False,-1,-1,0
/kaggle/input/datasets/maryemmahmood/glyph2025/Glyph2025/v28/v28_160.jpg,V28,False,-1,-1,142
/kaggle/input/datasets/maryemmahmood/glyph2025/Glyph2025/x1/x1_354.png,X1,False,-1,-1,160
/kaggle/input/datasets/maryemmahmood/glyph2025/Glyph2025/d36/d36_11.jpg,D36,False,-1,-1,17
/kaggle/input/datasets/maryemmahmood/glyph2025/Glyph2025/n35/n35_16.png,N35,False,-1,-1,94
/kaggle/input/datasets/maryemmahmood/glyph2025/Glyph2025/u15/u15_5.jpg,U15,False,-1,-1,133
/kaggle/input/datasets/maryemmahmood/glyph2025/Glyph2025/s29/390391_s29.png,S29,True,39,391,124
/kaggle/input/datasets/maryemmahmood/glyph2025/Glyph2025/d40/d40_11.png,D40,False,-1,-1,21
/kaggle/input/datasets/maryemmahmood/glyph2025/Glyph2025/q3/q3_104.png,Q3,False,-1,-1,113
/kaggle/input/datasets/maryemmahmood/glyph2025/Glyph2025/d4/d4_45.jpg,D4,False,-1,-1,20
/kaggle/input/datasets/maryemmahmood/glyph2025/Glyph2025/v6/220176_v6.png,V6,True,22,176,147
/kaggle/input/datasets/maryemmahmood/glyph2025/Glyph2025/d58/d58_50.png,D58,False,-1,-1,28
/kaggle/input/datasets/maryemmahmood/glyph2025/Glyph2025/d58/050205_d58.png,D58,True,5,205,28
/kaggle/input/datasets/maryemmahmood/glyph2025/Glyph2025/d36/d36_91.png,D36,False,-1,-1,17
/kaggle/input/datasets/maryemmahmood/glyph2025/Glyph2025/d58/d58_39.jpg,D58,False,-1,-1,28
/kaggle/input/datasets/maryemmahmood/glyph2025/Glyph2025/d21/d21_118.png,D21,False,-1,-1,14
/kaggle/input/datasets/maryemmahmood/glyph2025/Glyph2025/x8/x8_80.png,X8,False,-1,-1,162
/kaggle/input/datasets/maryemmahmood/glyph2025/Glyph2025/s29/s29_101.png,S29,False,-1,-1,124
/kaggle/input/datasets/maryemmahmood/glyph2025/Glyph2025/h6/h6_36.png,H6,False,-1,-1,63
/kaggle/input/datasets/maryemmahmood/glyph2025/Glyph2025/x1/x1_329.png,X1,False,-1,-1,160
/kaggle/input/datasets/maryemmahmood/glyph2025/Glyph2025/r14/r14_19.jpg,R14,False,-1,-1,115
/kaggle/input/datasets/maryemmahmood/glyph2025/Glyph2025/n35/n35_445.png,N35,False,-1,-1,94
/kaggle/input/datasets/maryemmahmood/glyph2025/Glyph2025/v31/v31_13.png,V31,False,-1,-1,145
/kaggle/input/datasets/maryemmahmood/glyph2025/Glyph2025/q3/q3_130.png,Q3,False,-1,-1,113
/kaggle/input/datasets/maryemmahmood/glyph2025/Glyph2025/d4/d4_100.png,D4,False,-1,-1,20
/kaggle/input/datasets/maryemmahmood/glyph2025/Glyph2025/o1/o1_131.jpg,O1,False,-1,-1,100
/kaggle/input/datasets/maryemmahmood/glyph2025/Glyph2025/o50/230339_o50.png,O50,True,23,339,106
/kaggle/input/datasets/maryemmahmood/glyph2025/Glyph2025/x1/x1_137.png,X1,False,-1,-1,160
/kaggle/input/datasets/maryemmahmood/glyph2025/Glyph2025/m23/m23_15.png,M23,False,-1,-1,78
/kaggle/input/datasets/maryemmahmood/glyph2025/Glyph2025/s29/200094_s29.png,S29,True,20,94,124
/kaggle/input/datasets/maryemmahmood/glyph2025/Glyph2025/d37/d37_118.png,D37,False,-1,-1,18
/kaggle/input/datasets/maryemmahmood/glyph2025/Glyph2025/i9/090369_i9.png,I9,True,9,369,68
/kaggle/input/datasets/maryemmahmood/glyph2025/Glyph2025/g43/g43_65.jpg,G43,False,-1,-1,60
/kaggle/input/datasets/maryemmahmood/glyph2025/Glyph2025/o34/030308_o34.png,O34,True,3,308,103
/kaggle/input/datasets/maryemmahmood/glyph2025/Glyph2025/m17/m17_24.png,M17,False,-1,-1,73
/kaggle/input/datasets/maryemmahmood/glyph2025/Glyph2025/d46/d46_25.jpg,D46,False,-1,-1,23
/kaggle/input/datasets/maryemmahmood/glyph2025/Glyph2025/n37/210358_n37.png,N37,True,21,358,96
/kaggle/input/datasets/maryemmahmood/glyph2025/Glyph2025/d40/d40_33.png,D40,False,-1,-1,21
/kaggle/input/datasets/maryemmahmood/glyph2025/Glyph2025/n33/n33_97.png,N33,False,-1,-1,92
/kaggle/input/datasets/maryemmahmood/glyph2025/Glyph2025/g40/g40_6.jpg,G40,False,-1,-1,59
/kaggle/input/datasets/maryemmahmood/glyph2025/Glyph2025/g43/g43_137.png,G43,False,-1,-1,60
/kaggle/input/datasets/maryemmahmood/glyph2025/Glyph2025/o1/o1_63.png,O1,False,-1,-1,100
/kaggle/input/datasets/maryemmahmood/glyph2025/Glyph2025/x1/030153_x1.png,X1,True,3,153,160
/kaggle/input/datasets/maryemmahmood/glyph2025/Glyph2025/g43/050218_g43.png,G43,True,5,218,60
/kaggle/input/datasets/maryemmahmood/glyph2025/Glyph2025/m17/m17_329.png,M17,False,-1,-1,73
/kaggle/input/datasets/maryemmahmood/glyph2025/Glyph2025/a1/a1_50.jpg,A1,False,-1,-1,0
/kaggle/input/datasets/maryemmahmood/glyph2025/Glyph2025/s29/s29_59.jpg,S29,False,-1,-1,124
/kaggle/input/datasets/maryemmahmood/glyph2025/Glyph2025/r8/r8_11.png,R8,False,-1,-1,118
/kaggle/input/datasets/maryemmahmood/glyph2025/Glyph2025/v13/v13_47.jpg,V13,False,-1,-1,140
/kaggle/input/datasets/maryemmahmood/glyph2025/Glyph2025/f4/f4_10.jpg,F4,False,-1,-1,48
/kaggle/input/datasets/maryemmahmood/glyph2025/Glyph2025/a1/a1_101.jpg,A1,False,-1,-1,0
/kaggle/input/datasets/maryemmahmood/glyph2025/Glyph2025/d4/d4_178.png,D4,False,-1,-1,20
/kaggle/input/datasets/maryemmahmood/glyph2025/Glyph2025/y5/y5_79.png,Y5,False,-1,-1,167
/kaggle/input/datasets/maryemmahmood/glyph2025/Glyph2025/aa15/aa15_61.png,AA15,False,-1,-1,10
/kaggle/input/datasets/maryemmahmood/glyph2025/Glyph2025/n35/200107_n35.png,N35,True,20,107,94
/kaggle/input/datasets/maryemmahmood/glyph2025/Glyph2025/n35/410160_n35.png,N35,True,41,160,94
/kaggle/input/datasets/maryemmahmood/glyph2025/Glyph2025/m23/090361_m23.png,M23,True,9,361,78
/kaggle/input/datasets/maryemmahmood/glyph2025/Glyph2025/e34/210289_e34.png,E34,True,21,289,34
/kaggle/input/datasets/maryemmahmood/glyph2025/Glyph2025/n35/n35_368.png,N35,False,-1,-1,94
/kaggle/input/datasets/maryemmahmood/glyph2025/Glyph2025/e10/e10_7.png,E10,False,-1,-1,31
/kaggle/input/datasets/maryemmahmood/glyph2025/Glyph2025/r4/r4_23.png,R4,False,-1,-1,116
/kaggle/input/datasets/maryemmahmood/glyph2025/Glyph2025/y5/y5_72.png,Y5,False,-1,-1,167
/kaggle/input/datasets/maryemmahmood/glyph2025/Glyph2025/v10/v10_6.jpg,V10,False,-1,-1,139
/kaggle/input/datasets/maryemmahmood/glyph2025/Glyph2025/d21/d21_33.png,D21,False,-1,-1,14
/kaggle/input/datasets/maryemmahmood/glyph2025/Glyph2025/g1/050145_g1.png,G1,True,5,145,49
/kaggle/input/datasets/maryemmahmood/glyph2025/Glyph2025/v6/v6_24.png,V6,False,-1,-1,147
/kaggle/input/datasets/maryemmahmood/glyph2025/Glyph2025/m23/m23_62.png,M23,False,-1,-1,78
/kaggle/input/datasets/maryemmahmood/glyph2025/Glyph2025/v1/v1_18.png,V1,False,-1,-1,138
/kaggle/input/datasets/maryemmahmood/glyph2025/Glyph2025/m17/m17_129.png,M17,False,-1,-1,73
/kaggle/input/datasets/maryemmahmood/glyph2025/Glyph2025/o1/o1_38.jpg,O1,False,-1,-1,100
/kaggle/input/datasets/maryemmahmood/glyph2025/Glyph2025/v30/v30_152.png,V30,False,-1,-1,144
/kaggle/input/datasets/maryemmahmood/glyph2025/Glyph2025/n33/n33_49.png,N33,False,-1,-1,92
/kaggle/input/datasets/maryemmahmood/glyph2025/Glyph2025/i9/i9_257.png,I9,False,-1,-1,68
/kaggle/input/datasets/maryemmahmood/glyph2025/Glyph2025/z1/050272_z1.png,Z1,True,5,272,168
/kaggle/input/datasets/maryemmahmood/glyph2025/Glyph2025/d36/d36_110.png,D36,False,-1,-1,17
/kaggle/input/datasets/maryemmahmood/glyph2025/Glyph2025/d58/d58_3.png,D58,False,-1,-1,28
/kaggle/input/datasets/maryemmahmood/glyph2025/Glyph2025/d4/d4_32.png,D4,False,-1,-1,20
/kaggle/input/datasets/maryemmahmood/glyph2025/Glyph2025/q1/q1_45.jpg,Q1,False,-1,-1,111
/kaggle/input/datasets/maryemmahmood/glyph2025/Glyph2025/y1/y1_29.png,Y1,False,-1,-1,163
/kaggle/input/datasets/maryemmahmood/glyph2025/Glyph2025/n35/n35_326.png,N35,False,-1,-1,94
/kaggle/input/datasets/maryemmahmood/glyph2025/Glyph2025/s24/s24_2.png,S24,False,-1,-1,121
/kaggle/input/datasets/maryemmahmood/glyph2025/Glyph2025/o34/o34_3.png,O34,False,-1,-1,103
/kaggle/input/datasets/maryemmahmood/glyph2025/Glyph2025/m23/m23_97.png,M23,False,-1,-1,78
/kaggle/input/datasets/maryemmahmood/glyph2025/Glyph2025/s29/s29_184.png,S29,False,-1,-1,124
/kaggle/input/datasets/maryemmahmood/glyph2025/Glyph2025/d4/090054_d4.png,D4,True,9,54,20
/kaggle/input/datasets/maryemmahmood/glyph2025/Glyph2025/f35/f35_66.jpg,F35,False,-1,-1,46
/kaggle/input/datasets/maryemmahmood/glyph2025/Glyph2025/n36/n36_6.png,N36,False,-1,-1,95
/kaggle/input/datasets/maryemmahmood/glyph2025/Glyph2025/g43/210241_g43.png,G43,True,21,241,60
/kaggle/input/datasets/maryemmahmood/glyph2025/Glyph2025/h6/h6_6.png,H6,False,-1,-1,63
/kaggle/input/datasets/maryemmahmood/glyph2025/Glyph2025/i9/i9_229.png,I9,False,-1,-1,68
/kaggle/input/datasets/maryemmahmood/glyph2025/Glyph2025/n1/n1_55.png,N1,False,-1,-1,83
/kaggle/input/datasets/maryemmahmood/glyph2025/Glyph2025/i9/i9_311.png,I9,False,-1,-1,68
/kaggle/input/datasets/maryemmahmood/glyph2025/Glyph2025/m17/m17_178.jpg,M17,False,-1,-1,73
/kaggle/input/datasets/maryemmahmood/glyph2025/Glyph2025/h6/h6_38.png,H6,False,-1,-1,63
/kaggle/input/datasets/maryemmahmood/glyph2025/Glyph2025/s34/s34_131.png,S34,False,-1,-1,126
/kaggle/input/datasets/maryemmahmood/glyph2025/Glyph2025/s29/s29_207.png,S29,False,-1,-1,124
/kaggle/input/datasets/maryemmahmood/glyph2025/Glyph2025/m3/m3_12.png,M3,False,-1,-1,80
/kaggle/input/datasets/maryemmahmood/glyph2025/Glyph2025/g17/g17_9.jpg,G17,False,-1,-1,51
/kaggle/input/datasets/maryemmahmood/glyph2025/Glyph2025/n33/n33_112.png,N33,False,-1,-1,92
/kaggle/input/datasets/maryemmahmood/glyph2025/Glyph2025/n35/n35_42.png,N35,False,-1,-1,94
/kaggle/input/datasets/maryemmahmood/glyph2025/Glyph2025/m17/m17_64.png,M17,False,-1,-1,73
/kaggle/input/datasets/maryemmahmood/glyph2025/Glyph2025/m17/m17_139.jpg,M17,False,-1,-1,73
/kaggle/input/datasets/maryemmahmood/glyph2025/Glyph2025/m17/m17_61.png,M17,False,-1,-1,73
/kaggle/input/datasets/maryemmahmood/glyph2025/Glyph2025/n35/030297_n35.png,N35,True,3,297,94
/kaggle/input/datasets/maryemmahmood/glyph2025/Glyph2025/d4/d4_126.png,D4,False,-1,-1,20
/kaggle/input/datasets/maryemmahmood/glyph2025/Glyph2025/r4/r4_5.png,R4,False,-1,-1,116
/kaggle/input/datasets/maryemmahmood/glyph2025/Glyph2025/n26/n26_17.png,N26,False,-1,-1,89
/kaggle/input/datasets/maryemmahmood/glyph2025/Glyph2025/g17/410042_g17.png,G17,True,41,42,51
/kaggle/input/datasets/maryemmahmood/glyph2025/Glyph2025/o1/o1_90.png,O1,False,-1,-1,100
/kaggle/input/datasets/maryemmahmood/glyph2025/Glyph2025/z11/z11_5.jpg,Z11,False,-1,-1,169
/kaggle/input/datasets/maryemmahmood/glyph2025/Glyph2025/d37/d37_98.png,D37,False,-1,-1,18
/kaggle/input/datasets/maryemmahmood/glyph2025/Glyph2025/n35/n35_310.png,N35,False,-1,-1,94
/kaggle/input/datasets/maryemmahmood/glyph2025/Glyph2025/w24/w24_22.png,W24,False,-1,-1,157
/kaggle/input/datasets/maryemmahmood/glyph2025/Glyph2025/x1/x1_98.png,X1,False,-1,-1,160
/kaggle/input/datasets/maryemmahmood/glyph2025/Glyph2025/y5/y5_1.png,Y5,False,-1,-1,167
/kaggle/input/datasets/maryemmahmood/glyph2025/Glyph2025/a50/a50_10.jpg,A50,False,-1,-1,8
/kaggle/input/datasets/maryemmahmood/glyph2025/Glyph2025/m17/m17_313.png,M17,False,-1,-1,73
/kaggle/input/datasets/maryemmahmood/glyph2025/Glyph2025/d21/220302_d21.png,D21,True,22,302,14
/kaggle/input/datasets/maryemmahmood/glyph2025/Glyph2025/g17/090186_g17.png,G17,True,9,186,51
/kaggle/input/datasets/maryemmahmood/glyph2025/Glyph2025/g1/220150_g1.png,G1,True,22,150,49
/kaggle/input/datasets/maryemmahmood/glyph2025/Glyph2025/q3/q3_70.jpg,Q3,False,-1,-1,113
/kaggle/input/datasets/maryemmahmood/glyph2025/Glyph2025/f21/f21_10.png,F21,False,-1,-1,41
/kaggle/input/datasets/maryemmahmood/glyph2025/Glyph2025/d54/d54_18.jpg,D54,False,-1,-1,25
/kaggle/input/datasets/maryemmahmood/glyph2025/Glyph2025/g17/050169_g17.png,G17,True,5,169,51
/kaggle/input/datasets/maryemmahmood/glyph2025/Glyph2025/u33/390394_u33.png,U33,True,39,394,135
/kaggle/input/datasets/maryemmahmood/glyph2025/Glyph2025/f31/f31_54.png,F31,False,-1,-1,43
/kaggle/input/datasets/maryemmahmood/glyph2025/Glyph2025/v28/v28_18.png,V28,False,-1,-1,142
/kaggle/input/datasets/maryemmahmood/glyph2025/Glyph2025/r4/r4_57.jpg,R4,False,-1,-1,116
/kaggle/input/datasets/maryemmahmood/glyph2025/Glyph2025/o49/o49_66.png,O49,False,-1,-1,105
/kaggle/input/datasets/maryemmahmood/glyph2025/Glyph2025/f35/f35_148.png,F35,False,-1,-1,46
/kaggle/input/datasets/maryemmahmood/glyph2025/Glyph2025/g36/g36_11.jpg,G36,False,-1,-1,54
/kaggle/input/datasets/maryemmahmood/glyph2025/Glyph2025/n42/n42_8.jpg,N42,False,-1,-1,97
/kaggle/input/datasets/maryemmahmood/glyph2025/Glyph2025/v28/230392_v28.png,V28,True,23,392,142
/kaggle/input/datasets/maryemmahmood/glyph2025/Glyph2025/i9/i9_144.png,I9,False,-1,-1,68
/kaggle/input/datasets/maryemmahmood/glyph2025/Glyph2025/d35/d35_27.jpg,D35,False,-1,-1,16
/kaggle/input/datasets/maryemmahmood/glyph2025/Glyph2025/x1/x1_393.png,X1,False,-1,-1,160
/kaggle/input/datasets/maryemmahmood/glyph2025/Glyph2025/a40/a40_13.jpg,A40,False,-1,-1,6
/kaggle/input/datasets/maryemmahmood/glyph2025/Glyph2025/e34/e34_30.jpg,E34,False,-1,-1,34
/kaggle/input/datasets/maryemmahmood/glyph2025/Glyph2025/r14/r14_26.png,R14,False,-1,-1,115
/kaggle/input/datasets/maryemmahmood/glyph2025/Glyph2025/e34/050136_e34.png,E34,True,5,136,34
/kaggle/input/datasets/maryemmahmood/glyph2025/Glyph2025/n35/390246_n35.png,N35,True,39,246,94
/kaggle/input/datasets/maryemmahmood/glyph2025/Glyph2025/v28/v28_98.png,V28,False,-1,-1,142
/kaggle/input/datasets/maryemmahmood/glyph2025/Glyph2025/n14/230292_n14.png,N14,True,23,292,84
/kaggle/input/datasets/maryemmahmood/glyph2025/Glyph2025/d4/d4_134.png,D4,False,-1,-1,20
/kaggle/input/datasets/maryemmahmood/glyph2025/Glyph2025/q3/200304_q3.png,Q3,True,20,304,113
/kaggle/input/datasets/maryemmahmood/glyph2025/Glyph2025/d46/d46_52.png,D46,False,-1,-1,23
/kaggle/input/datasets/maryemmahmood/glyph2025/Glyph2025/r8/r8_20.jpg,R8,False,-1,-1,118
/kaggle/input/datasets/maryemmahmood/glyph2025/Glyph2025/d21/d21_149.jpg,D21,False,-1,-1,14
/kaggle/input/datasets/maryemmahmood/glyph2025/Glyph2025/x1/210229_x1.png,X1,True,21,229,160
/kaggle/input/datasets/maryemmahmood/glyph2025/Glyph2025/m17/m17_194.jpg,M17,False,-1,-1,73
/kaggle/input/datasets/maryemmahmood/glyph2025/Glyph2025/f1/f1_39.png,F1,False,-1,-1,37
/kaggle/input/datasets/maryemmahmood/glyph2025/Glyph2025/r8/r8_109.png,R8,False,-1,-1,118
/kaggle/input/datasets/maryemmahmood/glyph2025/Glyph2025/w25/w25_8.jpg,W25,False,-1,-1,158
/kaggle/input/datasets/maryemmahmood/glyph2025/Glyph2025/m23/m23_64.png,M23,False,-1,-1,78
/kaggle/input/datasets/maryemmahmood/glyph2025/Glyph2025/m17/m17_179.jpg,M17,False,-1,-1,73
/kaggle/input/datasets/maryemmahmood/glyph2025/Glyph2025/v30/v30_184.png,V30,False,-1,-1,144
/kaggle/input/datasets/maryemmahmood/glyph2025/Glyph2025/o49/o49_15.jpg,O49,False,-1,-1,105
/kaggle/input/datasets/maryemmahmood/glyph2025/Glyph2025/v31/390292_v31.png,V31,True,39,292,145
/kaggle/input/datasets/maryemmahmood/glyph2025/Glyph2025/s29/s29_2.png,S29,False,-1,-1,124
/kaggle/input/datasets/maryemmahmood/glyph2025/Glyph2025/d21/d21_20.png,D21,False,-1,-1,14
/kaggle/input/datasets/maryemmahmood/glyph2025/Glyph2025/r8/r8_171.jpg,R8,False,-1,-1,118
/kaggle/input/datasets/maryemmahmood/glyph2025/Glyph2025/q3/q3_134.jpg,Q3,False,-1,-1,113
/kaggle/input/datasets/maryemmahmood/glyph2025/Glyph2025/r4/r4_76.png,R4,False,-1,-1,116
/kaggle/input/datasets/maryemmahmood/glyph2025/Glyph2025/f39/f39_28.png,F39,False,-1,-1,47
/kaggle/input/datasets/maryemmahmood/glyph2025/Glyph2025/d21/090126_d21.png,D21,True,9,126,14
/kaggle/input/datasets/maryemmahmood/glyph2025/Glyph2025/x1/220358_x1.png,X1,True,22,358,160
/kaggle/input/datasets/maryemmahmood/glyph2025/Glyph2025/x1/x1_217.png,X1,False,-1,-1,160
/kaggle/input/datasets/maryemmahmood/glyph2025/Glyph2025/d2/d2_69.png,D2,False,-1,-1,13
/kaggle/input/datasets/maryemmahmood/glyph2025/Glyph2025/x1/x1_171.png,X1,False,-1,-1,160
/kaggle/input/datasets/maryemmahmood/glyph2025/Glyph2025/z11/z11_24.png,Z11,False,-1,-1,169
/kaggle/input/datasets/maryemmahmood/glyph2025/Glyph2025/l2/l2_14.png,L2,False,-1,-1,70
/kaggle/input/datasets/maryemmahmood/glyph2025/Glyph2025/m17/220146_m17.png,M17,True,22,146,73
/kaggle/input/datasets/maryemmahmood/glyph2025/Glyph2025/s34/390398_s34.png,S34,True,39,398,126
/kaggle/input/datasets/maryemmahmood/glyph2025/Glyph2025/y1/y1_102.png,Y1,False,-1,-1,163
/kaggle/input/datasets/maryemmahmood/glyph2025/Glyph2025/s3/s3_5.png,S3,False,-1,-1,125
/kaggle/input/datasets/maryemmahmood/glyph2025/Glyph2025/f35/f35_34.png,F35,False,-1,-1,46
/kaggle/input/datasets/maryemmahmood/glyph2025/Glyph2025/r4/r4_50.jpg,R4,False,-1,-1,116
/kaggle/input/datasets/maryemmahmood/glyph2025/Glyph2025/w15/w15_5.jpg,W15,False,-1,-1,151
/kaggle/input/datasets/maryemmahmood/glyph2025/Glyph2025/x1/410327_x1.png,X1,True,41,327,160
/kaggle/input/datasets/maryemmahmood/glyph2025/Glyph2025/g38/g38_10.png,G38,False,-1,-1,56
/kaggle/input/datasets/maryemmahmood/glyph2025/Glyph2025/n35/210037_n35.png,N35,True,21,37,94
/kaggle/input/datasets/maryemmahmood/glyph2025/Glyph2025/q1/q1_121.png,Q1,False,-1,-1,111
/kaggle/input/datasets/maryemmahmood/glyph2025/Glyph2025/z1/410105_z1.png,Z1,True,41,105,168
/kaggle/input/datasets/maryemmahmood/glyph2025/Glyph2025/n33/n33_151.png,N33,False,-1,-1,92
/kaggle/input/datasets/maryemmahmood/glyph2025/Glyph2025/f1/f1_9.jpg,F1,False,-1,-1,37
/kaggle/input/datasets/maryemmahmood/glyph2025/Glyph2025/n35/050233_n35.png,N35,True,5,233,94
/kaggle/input/datasets/maryemmahmood/glyph2025/Glyph2025/m3/m3_14.png,M3,False,-1,-1,80
/kaggle/input/datasets/maryemmahmood/glyph2025/Glyph2025/d21/d21_244.png,D21,False,-1,-1,14
/kaggle/input/datasets/maryemmahmood/glyph2025/Glyph2025/n33/n33_21.png,N33,False,-1,-1,92
/kaggle/input/datasets/maryemmahmood/glyph2025/Glyph2025/v31/v31_124.png,V31,False,-1,-1,145
/kaggle/input/datasets/maryemmahmood/glyph2025/Glyph2025/g36/g36_19.jpg,G36,False,-1,-1,54
/kaggle/input/datasets/maryemmahmood/glyph2025/Glyph2025/r8/r8_3.png,R8,False,-1,-1,118
/kaggle/input/datasets/maryemmahmood/glyph2025/Glyph2025/m23/m23_140.png,M23,False,-1,-1,78
/kaggle/input/datasets/maryemmahmood/glyph2025/Glyph2025/i10/030215_i10.png,I10,True,3,215,66
/kaggle/input/datasets/maryemmahmood/glyph2025/Glyph2025/d35/390069_d35.png,D35,True,39,69,16
/kaggle/input/datasets/maryemmahmood/glyph2025/Glyph2025/d36/d36_36.jpg,D36,False,-1,-1,17
/kaggle/input/datasets/maryemmahmood/glyph2025/Glyph2025/g5/g5_9.png,G5,False,-1,-1,61
/kaggle/input/datasets/maryemmahmood/glyph2025/Glyph2025/n5/220112_n5.png,N5,True,22,112,98
/kaggle/input/datasets/maryemmahmood/glyph2025/Glyph2025/q3/q3_10.jpg,Q3,False,-1,-1,113
/kaggle/input/datasets/maryemmahmood/glyph2025/Glyph2025/g17/g17_58.jpg,G17,False,-1,-1,51
/kaggle/input/datasets/maryemmahmood/glyph2025/Glyph2025/r4/r4_103.png,R4,False,-1,-1,116
/kaggle/input/datasets/maryemmahmood/glyph2025/Glyph2025/m44/230327_m44.png,M44,True,23,327,82
/kaggle/input/datasets/maryemmahmood/glyph2025/Glyph2025/w22/w22_14.png,W22,False,-1,-1,155
/kaggle/input/datasets/maryemmahmood/glyph2025/Glyph2025/m17/220119_m17.png,M17,True,22,119,73
/kaggle/input/datasets/maryemmahmood/glyph2025/Glyph2025/s29/390060_s29.png,S29,True,39,60,124
/kaggle/input/datasets/maryemmahmood/glyph2025/Glyph2025/q2/q2_7.png,Q2,False,-1,-1,112
/kaggle/input/datasets/maryemmahmood/glyph2025/Glyph2025/f35/f35_112.jpg,F35,False,-1,-1,46
/kaggle/input/datasets/maryemmahmood/glyph2025/Glyph2025/m17/m17_359.png,M17,False,-1,-1,73
/kaggle/input/datasets/maryemmahmood/glyph2025/Glyph2025/d37/d37_126.png,D37,False,-1,-1,18
/kaggle/input/datasets/maryemmahmood/glyph2025/Glyph2025/s34/s34_18.png,S34,False,-1,-1,126
/kaggle/input/datasets/maryemmahmood/glyph2025/Glyph2025/m16/m16_25.png,M16,False,-1,-1,72
/kaggle/input/datasets/maryemmahmood/glyph2025/Glyph2025/d36/090313_d36.png,D36,True,9,313,17
/kaggle/input/datasets/maryemmahmood/glyph2025/Glyph2025/v31/v31_30.jpg,V31,False,-1,-1,145
/kaggle/input/datasets/maryemmahmood/glyph2025/Glyph2025/d46/030258_d46.png,D46,True,3,258,23
/kaggle/input/datasets/maryemmahmood/glyph2025/Glyph2025/r4/r4_101.png,R4,False,-1,-1,116
/kaggle/input/datasets/maryemmahmood/glyph2025/Glyph2025/r8/r8_111.png,R8,False,-1,-1,118
/kaggle/input/datasets/maryemmahmood/glyph2025/Glyph2025/y5/y5_34.jpg,Y5,False,-1,-1,167
/kaggle/input/datasets/maryemmahmood/glyph2025/Glyph2025/v31/v31_9.png,V31,False,-1,-1,145
/kaggle/input/datasets/maryemmahmood/glyph2025/Glyph2025/d35/220188_d35.png,D35,True,22,188,16
/kaggle/input/datasets/maryemmahmood/glyph2025/Glyph2025/x1/410245_x1.png,X1,True,41,245,160
/kaggle/input/datasets/maryemmahmood/glyph2025/Glyph2025/i9/090100_i9.png,I9,True,9,100,68
/kaggle/input/datasets/maryemmahmood/glyph2025/Glyph2025/f21/210348_f21.png,F21,True,21,348,41
/kaggle/input/datasets/maryemmahmood/glyph2025/Glyph2025/d4/390131_d4.png,D4,True,39,131,20
/kaggle/input/datasets/maryemmahmood/glyph2025/Glyph2025/s29/090291_s29.png,S29,True,9,291,124
/kaggle/input/datasets/maryemmahmood/glyph2025/Glyph2025/d2/d2_76.png,D2,False,-1,-1,13
/kaggle/input/datasets/maryemmahmood/glyph2025/Glyph2025/s21/s21_23.png,S21,False,-1,-1,120
/kaggle/input/datasets/maryemmahmood/glyph2025/Glyph2025/d21/d21_212.png,D21,False,-1,-1,14
/kaggle/input/datasets/maryemmahmood/glyph2025/Glyph2025/d36/d36_146.jpg,D36,False,-1,-1,17
/kaggle/input/datasets/maryemmahmood/glyph2025/Glyph2025/i9/i9_324.png,I9,False,-1,-1,68
/kaggle/input/datasets/maryemmahmood/glyph2025/Glyph2025/d37/d37_90.png,D37,False,-1,-1,18
/kaggle/input/datasets/maryemmahmood/glyph2025/Glyph2025/h6/h6_8.jpg,H6,False,-1,-1,63
/kaggle/input/datasets/maryemmahmood/glyph2025/Glyph2025/f32/f32_12.jpg,F32,False,-1,-1,44
/kaggle/input/datasets/maryemmahmood/glyph2025/Glyph2025/n1/220068_n1.png,N1,True,22,68,83
/kaggle/input/datasets/maryemmahmood/glyph2025/Glyph2025/f32/f32_16.png,F32,False,-1,-1,44
/kaggle/input/datasets/maryemmahmood/glyph2025/Glyph2025/o49/o49_62.png,O49,False,-1,-1,105
/kaggle/input/datasets/maryemmahmood/glyph2025/Glyph2025/v30/v30_222.png,V30,False,-1,-1,144
/kaggle/input/datasets/maryemmahmood/glyph2025/Glyph2025/p1/p1_2.png,P1,False,-1,-1,108
/kaggle/input/datasets/maryemmahmood/glyph2025/Glyph2025/d4/d4_1.png,D4,False,-1,-1,20
/kaggle/input/datasets/maryemmahmood/glyph2025/Glyph2025/n37/n37_3.png,N37,False,-1,-1,96
/kaggle/input/datasets/maryemmahmood/glyph2025/Glyph2025/n35/n35_414.png,N35,False,-1,-1,94
/kaggle/input/datasets/maryemmahmood/glyph2025/Glyph2025/x8/x8_7.png,X8,False,-1,-1,162
/kaggle/input/datasets/maryemmahmood/glyph2025/Glyph2025/n35/n35_398.png,N35,False,-1,-1,94
/kaggle/input/datasets/maryemmahmood/glyph2025/Glyph2025/g35/090021_g35.png,G35,True,9,21,53
/kaggle/input/datasets/maryemmahmood/glyph2025/Glyph2025/i9/i9_40.jpg,I9,False,-1,-1,68
/kaggle/input/datasets/maryemmahmood/glyph2025/Glyph2025/v30/v30_179.png,V30,False,-1,-1,144
/kaggle/input/datasets/maryemmahmood/glyph2025/Glyph2025/d36/d36_58.jpg,D36,False,-1,-1,17
/kaggle/input/datasets/maryemmahmood/glyph2025/Glyph2025/q1/q1_30.png,Q1,False,-1,-1,111
/kaggle/input/datasets/maryemmahmood/glyph2025/Glyph2025/q1/390368_q1.png,Q1,True,39,368,111
/kaggle/input/datasets/maryemmahmood/glyph2025/Glyph2025/x1/x1_26.png,X1,False,-1,-1,160
/kaggle/input/datasets/maryemmahmood/glyph2025/Glyph2025/n1/230082_n1.png,N1,True,23,82,83
/kaggle/input/datasets/maryemmahmood/glyph2025/Glyph2025/m17/200252_m17.png,M17,True,20,252,73
/kaggle/input/datasets/maryemmahmood/glyph2025/Glyph2025/m17/030182_m17.png,M17,True,3,182,73
/kaggle/input/datasets/maryemmahmood/glyph2025/Glyph2025/g43/390240_g43.png,G43,True,39,240,60
/kaggle/input/datasets/maryemmahmood/glyph2025/Glyph2025/o49/o49_85.png,O49,False,-1,-1,105
/kaggle/input/datasets/maryemmahmood/glyph2025/Glyph2025/x1/x1_40.png,X1,False,-1,-1,160
/kaggle/input/datasets/maryemmahmood/glyph2025/Glyph2025/d4/d4_144.png,D4,False,-1,-1,20
/kaggle/input/datasets/maryemmahmood/glyph2025/Glyph2025/y5/y5_41.png,Y5,False,-1,-1,167
/kaggle/input/datasets/maryemmahmood/glyph2025/Glyph2025/i9/i9_58.jpg,I9,False,-1,-1,68
/kaggle/input/datasets/maryemmahmood/glyph2025/Glyph2025/n35/n35_141.png,N35,False,-1,-1,94
/kaggle/input/datasets/maryemmahmood/glyph2025/Glyph2025/n35/090194_n35.png,N35,True,9,194,94
/kaggle/input/datasets/maryemmahmood/glyph2025/Glyph2025/v31/v31_8.png,V31,False,-1,-1,145
/kaggle/input/datasets/maryemmahmood/glyph2025/Glyph2025/n35/410157_n35.png,N35,True,41,157,94
/kaggle/input/datasets/maryemmahmood/glyph2025/Glyph2025/n35/200120_n35.png,N35,True,20,120,94
/kaggle/input/datasets/maryemmahmood/glyph2025/Glyph2025/x8/x8_120.png,X8,False,-1,-1,162
/kaggle/input/datasets/maryemmahmood/glyph2025/Glyph2025/y1/y1_15.png,Y1,False,-1,-1,163
/kaggle/input/datasets/maryemmahmood/glyph2025/Glyph2025/g17/210242_g17.png,G17,True,21,242,51
/kaggle/input/datasets/maryemmahmood/glyph2025/Glyph2025/z1/030240_z1.png,Z1,True,3,240,168
/kaggle/input/datasets/maryemmahmood/glyph2025/Glyph2025/x1/x1_199.jpg,X1,False,-1,-1,160
/kaggle/input/datasets/maryemmahmood/glyph2025/Glyph2025/z1/410106_z1.png,Z1,True,41,106,168
/kaggle/input/datasets/maryemmahmood/glyph2025/Glyph2025/v20/v20_2.png,V20,False,-1,-1,141
/kaggle/input/datasets/maryemmahmood/glyph2025/Glyph2025/g17/g17_24.jpg,G17,False,-1,-1,51
/kaggle/input/datasets/maryemmahmood/glyph2025/Glyph2025/i9/i9_16.png,I9,False,-1,-1,68
/kaggle/input/datasets/maryemmahmood/glyph2025/Glyph2025/m23/m23_103.png,M23,False,-1,-1,78
/kaggle/input/datasets/maryemmahmood/glyph2025/Glyph2025/r4/r4_34.png,R4,False,-1,-1,116
/kaggle/input/datasets/maryemmahmood/glyph2025/Glyph2025/o1/o1_85.png,O1,False,-1,-1,100
/kaggle/input/datasets/maryemmahmood/glyph2025/Glyph2025/v31/v31_59.jpg,V31,False,-1,-1,145
/kaggle/input/datasets/maryemmahmood/glyph2025/Glyph2025/x8/x8_62.png,X8,False,-1,-1,162
/kaggle/input/datasets/maryemmahmood/glyph2025/Glyph2025/r8/r8_54.jpg,R8,False,-1,-1,118
/kaggle/input/datasets/maryemmahmood/glyph2025/Glyph2025/m17/m17_199.png,M17,False,-1,-1,73
/kaggle/input/datasets/maryemmahmood/glyph2025/Glyph2025/i9/i9_226.png,I9,False,-1,-1,68
/kaggle/input/datasets/maryemmahmood/glyph2025/Glyph2025/i9/i9_67.png,I9,False,-1,-1,68
/kaggle/input/datasets/maryemmahmood/glyph2025/Glyph2025/g43/g43_62.jpg,G43,False,-1,-1,60
/kaggle/input/datasets/maryemmahmood/glyph2025/Glyph2025/a1/a1_70.png,A1,False,-1,-1,0
/kaggle/input/datasets/maryemmahmood/glyph2025/Glyph2025/q1/q1_108.png,Q1,False,-1,-1,111
/kaggle/input/datasets/maryemmahmood/glyph2025/Glyph2025/d58/d58_96.png,D58,False,-1,-1,28
/kaggle/input/datasets/maryemmahmood/glyph2025/Glyph2025/v6/v6_14.png,V6,False,-1,-1,147
/kaggle/input/datasets/maryemmahmood/glyph2025/Glyph2025/n33/n33_50.png,N33,False,-1,-1,92
/kaggle/input/datasets/maryemmahmood/glyph2025/Glyph2025/x1/x1_166.png,X1,False,-1,-1,160
/kaggle/input/datasets/maryemmahmood/glyph2025/Glyph2025/g17/390374_g17.png,G17,True,39,374,51
/kaggle/input/datasets/maryemmahmood/glyph2025/Glyph2025/r8/r8_75.png,R8,False,-1,-1,118
/kaggle/input/datasets/maryemmahmood/glyph2025/Glyph2025/n35/n35_11.jpg,N35,False,-1,-1,94
/kaggle/input/datasets/maryemmahmood/glyph2025/Glyph2025/d4/d4_47.png,D4,False,-1,-1,20
/kaggle/input/datasets/maryemmahmood/glyph2025/Glyph2025/w17/w17_16.jpg,W17,False,-1,-1,152
/kaggle/input/datasets/maryemmahmood/glyph2025/Glyph2025/d58/d58_18.jpg,D58,False,-1,-1,28
/kaggle/input/datasets/maryemmahmood/glyph2025/Glyph2025/n35/390051_n35.png,N35,True,39,51,94
/kaggle/input/datasets/maryemmahmood/glyph2025/Glyph2025/m23/m23_164.png,M23,False,-1,-1,78
/kaggle/input/datasets/maryemmahmood/glyph2025/Glyph2025/aa15/aa15_67.png,AA15,False,-1,-1,10
/kaggle/input/datasets/maryemmahmood/glyph2025/Glyph2025/d21/d21_88.jpg,D21,False,-1,-1,14
/kaggle/input/datasets/maryemmahmood/glyph2025/Glyph2025/v31/v31_60.jpg,V31,False,-1,-1,145
/kaggle/input/datasets/maryemmahmood/glyph2025/Glyph2025/v30/v30_63.png,V30,False,-1,-1,144
/kaggle/input/datasets/maryemmahmood/glyph2025/Glyph2025/i9/i9_85.jpg,I9,False,-1,-1,68
/kaggle/input/datasets/maryemmahmood/glyph2025/Glyph2025/f31/f31_7.png,F31,False,-1,-1,43
/kaggle/input/datasets/maryemmahmood/glyph2025/Glyph2025/g17/410251_g17.png,G17,True,41,251,51
/kaggle/input/datasets/maryemmahmood/glyph2025/Glyph2025/o4/o4_2.jpg,O4,False,-1,-1,104
/kaggle/input/datasets/maryemmahmood/glyph2025/Glyph2025/d36/d36_127.png,D36,False,-1,-1,17
/kaggle/input/datasets/maryemmahmood/glyph2025/Glyph2025/x8/x8_15.png,X8,False,-1,-1,162
/kaggle/input/datasets/maryemmahmood/glyph2025/Glyph2025/d36/d36_102.png,D36,False,-1,-1,17
/kaggle/input/datasets/maryemmahmood/glyph2025/Glyph2025/w17/w17_36.jpg,W17,False,-1,-1,152
/kaggle/input/datasets/maryemmahmood/glyph2025/Glyph2025/m12/m12_70.png,M12,False,-1,-1,71
/kaggle/input/datasets/maryemmahmood/glyph2025/Glyph2025/f35/f35_161.png,F35,False,-1,-1,46
/kaggle/input/datasets/maryemmahmood/glyph2025/Glyph2025/n14/n14_11.jpg,N14,False,-1,-1,84
/kaggle/input/datasets/maryemmahmood/glyph2025/Glyph2025/g43/230371_g43.png,G43,True,23,371,60
/kaggle/input/datasets/maryemmahmood/glyph2025/Glyph2025/g43/g43_12.jpg,G43,False,-1,-1,60
/kaggle/input/datasets/maryemmahmood/glyph2025/Glyph2025/aa15/aa15_2.png,AA15,False,-1,-1,10
/kaggle/input/datasets/maryemmahmood/glyph2025/Glyph2025/e34/e34_2.png,E34,False,-1,-1,34
/kaggle/input/datasets/maryemmahmood/glyph2025/Glyph2025/i9/i9_44.jpg,I9,False,-1,-1,68
/kaggle/input/datasets/maryemmahmood/glyph2025/Glyph2025/aa13/aa13_11.png,AA13,False,-1,-1,9
/kaggle/input/datasets/maryemmahmood/glyph2025/Glyph2025/x1/x1_227.png,X1,False,-1,-1,160
/kaggle/input/datasets/maryemmahmood/glyph2025/Glyph2025/d4/d4_38.jpg,D4,False,-1,-1,20
/kaggle/input/datasets/maryemmahmood/glyph2025/Glyph2025/n35/n35_533.jpg,N35,False,-1,-1,94
/kaggle/input/datasets/maryemmahmood/glyph2025/Glyph2025/d36/030376_d36.png,D36,True,3,376,17
/kaggle/input/datasets/maryemmahmood/glyph2025/Glyph2025/v31/410400_v31.png,V31,True,41,400,145
/kaggle/input/datasets/maryemmahmood/glyph2025/Glyph2025/d21/390115_d21.png,D21,True,39,115,14
/kaggle/input/datasets/maryemmahmood/glyph2025/Glyph2025/s38/s38_24.png,S38,False,-1,-1,127
/kaggle/input/datasets/maryemmahmood/glyph2025/Glyph2025/d21/d21_9.png,D21,False,-1,-1,14
/kaggle/input/datasets/maryemmahmood/glyph2025/Glyph2025/i10/220014_i10.png,I10,True,22,14,66
/kaggle/input/datasets/maryemmahmood/glyph2025/Glyph2025/n35/n35_113.png,N35,False,-1,-1,94
/kaggle/input/datasets/maryemmahmood/glyph2025/Glyph2025/n35/200348_n35.png,N35,True,20,348,94
/kaggle/input/datasets/maryemmahmood/glyph2025/Glyph2025/i1/i1_3.jpg,I1,False,-1,-1,65
/kaggle/input/datasets/maryemmahmood/glyph2025/Glyph2025/r11/r11_21.png,R11,False,-1,-1,114
/kaggle/input/datasets/maryemmahmood/glyph2025/Glyph2025/l1/l1_28.png,L1,False,-1,-1,69
/kaggle/input/datasets/maryemmahmood/glyph2025/Glyph2025/d4/d4_75.png,D4,False,-1,-1,20
/kaggle/input/datasets/maryemmahmood/glyph2025/Glyph2025/e10/e10_2.png,E10,False,-1,-1,31
/kaggle/input/datasets/maryemmahmood/glyph2025/Glyph2025/n35/n35_26.png,N35,False,-1,-1,94
/kaggle/input/datasets/maryemmahmood/glyph2025/Glyph2025/m17/m17_443.jpg,M17,False,-1,-1,73
/kaggle/input/datasets/maryemmahmood/glyph2025/Glyph2025/v1/v1_1.jpg,V1,False,-1,-1,138
/kaggle/input/datasets/maryemmahmood/glyph2025/Glyph2025/z1/230006_z1.png,Z1,True,23,6,168
/kaggle/input/datasets/maryemmahmood/glyph2025/Glyph2025/m17/030180_m17.png,M17,True,3,180,73
/kaggle/input/datasets/maryemmahmood/glyph2025/Glyph2025/a2/a2_32.jpg,A2,False,-1,-1,3
/kaggle/input/datasets/maryemmahmood/glyph2025/Glyph2025/i9/i9_215.png,I9,False,-1,-1,68
/kaggle/input/datasets/maryemmahmood/glyph2025/Glyph2025/v30/v30_48.png,V30,False,-1,-1,144
/kaggle/input/datasets/maryemmahmood/glyph2025/Glyph2025/m17/m17_398.png,M17,False,-1,-1,73
/kaggle/input/datasets/maryemmahmood/glyph2025/Glyph2025/s34/s34_13.png,S34,False,-1,-1,126
/kaggle/input/datasets/maryemmahmood/glyph2025/Glyph2025/x1/200061_x1.png,X1,True,20,61,160
/kaggle/input/datasets/maryemmahmood/glyph2025/Glyph2025/m17/230330_m17.png,M17,True,23,330,73
/kaggle/input/datasets/maryemmahmood/glyph2025/Glyph2025/e34/210231_e34.png,E34,True,21,231,34
/kaggle/input/datasets/maryemmahmood/glyph2025/Glyph2025/q3/090117_q3.png,Q3,True,9,117,113
/kaggle/input/datasets/maryemmahmood/glyph2025/Glyph2025/m17/m17_157.jpg,M17,False,-1,-1,73
/kaggle/input/datasets/maryemmahmood/glyph2025/Glyph2025/x1/390279_x1.png,X1,True,39,279,160
/kaggle/input/datasets/maryemmahmood/glyph2025/Glyph2025/s29/050365_s29.png,S29,True,5,365,124
/kaggle/input/datasets/maryemmahmood/glyph2025/Glyph2025/v28/v28_89.png,V28,False,-1,-1,142
/kaggle/input/datasets/maryemmahmood/glyph2025/Glyph2025/g37/g37_6.png,G37,False,-1,-1,55
/kaggle/input/datasets/maryemmahmood/glyph2025/Glyph2025/n33/n33_68.png,N33,False,-1,-1,92
/kaggle/input/datasets/maryemmahmood/glyph2025/Glyph2025/v31/v31_54.jpg,V31,False,-1,-1,145
/kaggle/input/datasets/maryemmahmood/glyph2025/Glyph2025/i9/i9_15.png,I9,False,-1,-1,68
/kaggle/input/datasets/maryemmahmood/glyph2025/Glyph2025/v30/v30_108.png,V30,False,-1,-1,144
/kaggle/input/datasets/maryemmahmood/glyph2025/Glyph2025/f4/f4_9.png,F4,False,-1,-1,48
/kaggle/input/datasets/maryemmahmood/glyph2025/Glyph2025/i10/200263_i10.png,I10,True,20,263,66
/kaggle/input/datasets/maryemmahmood/glyph2025/Glyph2025/m17/m17_299.png,M17,False,-1,-1,73
/kaggle/input/datasets/maryemmahmood/glyph2025/Glyph2025/v30/v30_157.png,V30,False,-1,-1,144
/kaggle/input/datasets/maryemmahmood/glyph2025/Glyph2025/n5/220058_n5.png,N5,True,22,58,98
/kaggle/input/datasets/maryemmahmood/glyph2025/Glyph2025/w19/w19_2.png,W19,False,-1,-1,154
/kaggle/input/datasets/maryemmahmood/glyph2025/Glyph2025/o1/o1_25.png,O1,False,-1,-1,100
/kaggle/input/datasets/maryemmahmood/glyph2025/Glyph2025/d21/410060_d21.png,D21,True,41,60,14
/kaggle/input/datasets/maryemmahmood/glyph2025/Glyph2025/q3/q3_103.png,Q3,False,-1,-1,113
/kaggle/input/datasets/maryemmahmood/glyph2025/Glyph2025/s19/s19_9.jpg,S19,False,-1,-1,119
/kaggle/input/datasets/maryemmahmood/glyph2025/Glyph2025/m17/m17_352.png,M17,False,-1,-1,73
/kaggle/input/datasets/maryemmahmood/glyph2025/Glyph2025/m17/m17_384.png,M17,False,-1,-1,73
/kaggle/input/datasets/maryemmahmood/glyph2025/Glyph2025/f35/f35_49.png,F35,False,-1,-1,46
/kaggle/input/datasets/maryemmahmood/glyph2025/Glyph2025/n35/200048_n35.png,N35,True,20,48,94
/kaggle/input/datasets/maryemmahmood/glyph2025/Glyph2025/o50/210017_o50.png,O50,True,21,17,106
/kaggle/input/datasets/maryemmahmood/glyph2025/Glyph2025/y1/y1_130.jpg,Y1,False,-1,-1,163
/kaggle/input/datasets/maryemmahmood/glyph2025/Glyph2025/t21/t21_2.png,T21,False,-1,-1,129
/kaggle/input/datasets/maryemmahmood/glyph2025/Glyph2025/y3/y3_9.png,Y3,False,-1,-1,165
/kaggle/input/datasets/maryemmahmood/glyph2025/Glyph2025/i9/i9_147.png,I9,False,-1,-1,68
/kaggle/input/datasets/maryemmahmood/glyph2025/Glyph2025/q2/q2_9.png,Q2,False,-1,-1,112
/kaggle/input/datasets/maryemmahmood/glyph2025/Glyph2025/w17/w17_33.png,W17,False,-1,-1,152
/kaggle/input/datasets/maryemmahmood/glyph2025/Glyph2025/d35/d35_15.jpg,D35,False,-1,-1,16
/kaggle/input/datasets/maryemmahmood/glyph2025/Glyph2025/d21/200329_d21.png,D21,True,20,329,14
/kaggle/input/datasets/maryemmahmood/glyph2025/Glyph2025/g17/230362_g17.png,G17,True,23,362,51
/kaggle/input/datasets/maryemmahmood/glyph2025/Glyph2025/aa15/aa15_6.png,AA15,False,-1,-1,10
/kaggle/input/datasets/maryemmahmood/glyph2025/Glyph2025/d58/d58_102.png,D58,False,-1,-1,28
/kaggle/input/datasets/maryemmahmood/glyph2025/Glyph2025/v30/v30_169.png,V30,False,-1,-1,144
/kaggle/input/datasets/maryemmahmood/glyph2025/Glyph2025/m17/090106_m17.png,M17,True,9,106,73
/kaggle/input/datasets/maryemmahmood/glyph2025/Glyph2025/g17/220197_g17.png,G17,True,22,197,51
/kaggle/input/datasets/maryemmahmood/glyph2025/Glyph2025/s40/s40_15.png,S40,False,-1,-1,128
/kaggle/input/datasets/maryemmahmood/glyph2025/Glyph2025/d21/410048_d21.png,D21,True,41,48,14
/kaggle/input/datasets/maryemmahmood/glyph2025/Glyph2025/x1/x1_265.jpg,X1,False,-1,-1,160
/kaggle/input/datasets/maryemmahmood/glyph2025/Glyph2025/d58/d58_57.png,D58,False,-1,-1,28
/kaggle/input/datasets/maryemmahmood/glyph2025/Glyph2025/e34/050001_e34.png,E34,True,5,1,34
/kaggle/input/datasets/maryemmahmood/glyph2025/Glyph2025/o49/o49_98.png,O49,False,-1,-1,105
/kaggle/input/datasets/maryemmahmood/glyph2025/Glyph2025/y1/y1_23.jpg,Y1,False,-1,-1,163
/kaggle/input/datasets/maryemmahmood/glyph2025/Glyph2025/z1/z1_49.png,Z1,False,-1,-1,168
/kaggle/input/datasets/maryemmahmood/glyph2025/Glyph2025/d21/d21_81.png,D21,False,-1,-1,14
/kaggle/input/datasets/maryemmahmood/glyph2025/Glyph2025/n35/n35_221.png,N35,False,-1,-1,94
/kaggle/input/datasets/maryemmahmood/glyph2025/Glyph2025/e9/210050_e9.png,E9,True,21,50,36
/kaggle/input/datasets/maryemmahmood/glyph2025/Glyph2025/s34/s34_48.jpg,S34,False,-1,-1,126
/kaggle/input/datasets/maryemmahmood/glyph2025/Glyph2025/o50/390116_o50.png,O50,True,39,116,106
/kaggle/input/datasets/maryemmahmood/glyph2025/Glyph2025/n35/220041_n35.png,N35,True,22,41,94
/kaggle/input/datasets/maryemmahmood/glyph2025/Glyph2025/x1/410187_x1.png,X1,True,41,187,160
/kaggle/input/datasets/maryemmahmood/glyph2025/Glyph2025/d58/d58_60.png,D58,False,-1,-1,28
/kaggle/input/datasets/maryemmahmood/glyph2025/Glyph2025/s21/s21_45.png,S21,False,-1,-1,120
/kaggle/input/datasets/maryemmahmood/glyph2025/Glyph2025/n1/n1_40.png,N1,False,-1,-1,83
/kaggle/input/datasets/maryemmahmood/glyph2025/Glyph2025/n35/n35_197.png,N35,False,-1,-1,94
/kaggle/input/datasets/maryemmahmood/glyph2025/Glyph2025/q1/q1_73.jpg,Q1,False,-1,-1,111
/kaggle/input/datasets/maryemmahmood/glyph2025/Glyph2025/m17/m17_236.png,M17,False,-1,-1,73
/kaggle/input/datasets/maryemmahmood/glyph2025/Glyph2025/g17/220049_g17.png,G17,True,22,49,51
/kaggle/input/datasets/maryemmahmood/glyph2025/Glyph2025/r4/r4_28.jpg,R4,False,-1,-1,116
/kaggle/input/datasets/maryemmahmood/glyph2025/Glyph2025/d21/d21_286.png,D21,False,-1,-1,14
/kaggle/input/datasets/maryemmahmood/glyph2025/Glyph2025/n35/n35_31.png,N35,False,-1,-1,94
/kaggle/input/datasets/maryemmahmood/glyph2025/Glyph2025/d21/030216_d21.png,D21,True,3,216,14
/kaggle/input/datasets/maryemmahmood/glyph2025/Glyph2025/f31/f31_28.jpg,F31,False,-1,-1,43
/kaggle/input/datasets/maryemmahmood/glyph2025/Glyph2025/f35/f35_76.png,F35,False,-1,-1,46
/kaggle/input/datasets/maryemmahmood/glyph2025/Glyph2025/a30/a30_11.png,A30,False,-1,-1,5
/kaggle/input/datasets/maryemmahmood/glyph2025/Glyph2025/m17/m17_14.png,M17,False,-1,-1,73
/kaggle/input/datasets/maryemmahmood/glyph2025/Glyph2025/a40/a40_16.png,A40,False,-1,-1,6
/kaggle/input/datasets/maryemmahmood/glyph2025/Glyph2025/v30/v30_159.png,V30,False,-1,-1,144
/kaggle/input/datasets/maryemmahmood/glyph2025/Glyph2025/q3/q3_25.jpg,Q3,False,-1,-1,113
/kaggle/input/datasets/maryemmahmood/glyph2025/Glyph2025/q3/q3_77.png,Q3,False,-1,-1,113
/kaggle/input/datasets/maryemmahmood/glyph2025/Glyph2025/i9/i9_209.png,I9,False,-1,-1,68
/kaggle/input/datasets/maryemmahmood/glyph2025/Glyph2025/e34/220070_e34.png,E34,True,22,70,34
/kaggle/input/datasets/maryemmahmood/glyph2025/Glyph2025/a1/a1_164.jpg,A1,False,-1,-1,0
/kaggle/input/datasets/maryemmahmood/glyph2025/Glyph2025/n35/030089_n35.png,N35,True,3,89,94
/kaggle/input/datasets/maryemmahmood/glyph2025/Glyph2025/v13/v13_24.png,V13,False,-1,-1,140
/kaggle/input/datasets/maryemmahmood/glyph2025/Glyph2025/v28/v28_29.png,V28,False,-1,-1,142
/kaggle/input/datasets/maryemmahmood/glyph2025/Glyph2025/w17/w17_1.png,W17,False,-1,-1,152
/kaggle/input/datasets/maryemmahmood/glyph2025/Glyph2025/g43/g43_19.jpg,G43,False,-1,-1,60
/kaggle/input/datasets/maryemmahmood/glyph2025/Glyph2025/d28/d28_64.png,D28,False,-1,-1,15
/kaggle/input/datasets/maryemmahmood/glyph2025/Glyph2025/s21/s21_14.png,S21,False,-1,-1,120
/kaggle/input/datasets/maryemmahmood/glyph2025/Glyph2025/d58/d58_117.jpg,D58,False,-1,-1,28
/kaggle/input/datasets/maryemmahmood/glyph2025/Glyph2025/aa15/aa15_56.png,AA15,False,-1,-1,10
/kaggle/input/datasets/maryemmahmood/glyph2025/Glyph2025/g17/050153_g17.png,G17,True,5,153,51
/kaggle/input/datasets/maryemmahmood/glyph2025/Glyph2025/s38/s38_25.png,S38,False,-1,-1,127
/kaggle/input/datasets/maryemmahmood/glyph2025/Glyph2025/d4/050071_d4.png,D4,True,5,71,20
/kaggle/input/datasets/maryemmahmood/glyph2025/Glyph2025/v13/v13_54.png,V13,False,-1,-1,140
/kaggle/input/datasets/maryemmahmood/glyph2025/Glyph2025/a1/a1_154.jpg,A1,False,-1,-1,0
/kaggle/input/datasets/maryemmahmood/glyph2025/Glyph2025/x8/x8_92.png,X8,False,-1,-1,162
/kaggle/input/datasets/maryemmahmood/glyph2025/Glyph2025/x8/x8_54.png,X8,False,-1,-1,162
/kaggle/input/datasets/maryemmahmood/glyph2025/Glyph2025/q3/230010_q3.png,Q3,True,23,10,113
/kaggle/input/datasets/maryemmahmood/glyph2025/Glyph2025/x1/x1_172.png,X1,False,-1,-1,160
/kaggle/input/datasets/maryemmahmood/glyph2025/Glyph2025/m17/230197_m17.png,M17,True,23,197,73
/kaggle/input/datasets/maryemmahmood/glyph2025/Glyph2025/d21/d21_319.png,D21,False,-1,-1,14
/kaggle/input/datasets/maryemmahmood/glyph2025/Glyph2025/d35/d35_32.jpg,D35,False,-1,-1,16
/kaggle/input/datasets/maryemmahmood/glyph2025/Glyph2025/o50/230276_o50.png,O50,True,23,276,106
/kaggle/input/datasets/maryemmahmood/glyph2025/Glyph2025/n1/n1_19.jpg,N1,False,-1,-1,83
/kaggle/input/datasets/maryemmahmood/glyph2025/Glyph2025/s29/s29_57.png,S29,False,-1,-1,124
/kaggle/input/datasets/maryemmahmood/glyph2025/Glyph2025/n35/410113_n35.png,N35,True,41,113,94
/kaggle/input/datasets/maryemmahmood/glyph2025/Glyph2025/x1/x1_29.png,X1,False,-1,-1,160
/kaggle/input/datasets/maryemmahmood/glyph2025/Glyph2025/f31/f31_67.png,F31,False,-1,-1,43
/kaggle/input/datasets/maryemmahmood/glyph2025/Glyph2025/d21/d21_275.png,D21,False,-1,-1,14
/kaggle/input/datasets/maryemmahmood/glyph2025/Glyph2025/x8/x8_95.png,X8,False,-1,-1,162
/kaggle/input/datasets/maryemmahmood/glyph2025/Glyph2025/g43/050307_g43.png,G43,True,5,307,60
/kaggle/input/datasets/maryemmahmood/glyph2025/Glyph2025/x1/x1_223.png,X1,False,-1,-1,160
/kaggle/input/datasets/maryemmahmood/glyph2025/Glyph2025/d36/d36_46.png,D36,False,-1,-1,17
/kaggle/input/datasets/maryemmahmood/glyph2025/Glyph2025/g43/200016_g43.png,G43,True,20,16,60
/kaggle/input/datasets/maryemmahmood/glyph2025/Glyph2025/n35/n35_407.png,N35,False,-1,-1,94
/kaggle/input/datasets/maryemmahmood/glyph2025/Glyph2025/i9/i9_227.png,I9,False,-1,-1,68
/kaggle/input/datasets/maryemmahmood/glyph2025/Glyph2025/n25/n25_17.png,N25,False,-1,-1,88
/kaggle/input/datasets/maryemmahmood/glyph2025/Glyph2025/y1/y1_122.png,Y1,False,-1,-1,163
/kaggle/input/datasets/maryemmahmood/glyph2025/Glyph2025/m17/m17_249.png,M17,False,-1,-1,73
/kaggle/input/datasets/maryemmahmood/glyph2025/Glyph2025/w19/090052_w19.png,W19,True,9,52,154
/kaggle/input/datasets/maryemmahmood/glyph2025/Glyph2025/u7/u7_55.png,U7,False,-1,-1,137
/kaggle/input/datasets/maryemmahmood/glyph2025/Glyph2025/m17/m17_412.png,M17,False,-1,-1,73
/kaggle/input/datasets/maryemmahmood/glyph2025/Glyph2025/n37/n37_10.png,N37,False,-1,-1,96
/kaggle/input/datasets/maryemmahmood/glyph2025/Glyph2025/d36/d36_90.png,D36,False,-1,-1,17
/kaggle/input/datasets/maryemmahmood/glyph2025/Glyph2025/q3/q3_24.png,Q3,False,-1,-1,113
/kaggle/input/datasets/maryemmahmood/glyph2025/Glyph2025/m17/m17_326.png,M17,False,-1,-1,73
/kaggle/input/datasets/maryemmahmood/glyph2025/Glyph2025/s34/s34_92.jpg,S34,False,-1,-1,126
/kaggle/input/datasets/maryemmahmood/glyph2025/Glyph2025/i9/i9_14.png,I9,False,-1,-1,68
/kaggle/input/datasets/maryemmahmood/glyph2025/Glyph2025/g17/220325_g17.png,G17,True,22,325,51
/kaggle/input/datasets/maryemmahmood/glyph2025/Glyph2025/i9/390180_i9.png,I9,True,39,180,68
/kaggle/input/datasets/maryemmahmood/glyph2025/Glyph2025/m17/m17_37.png,M17,False,-1,-1,73
/kaggle/input/datasets/maryemmahmood/glyph2025/Glyph2025/v31/390065_v31.png,V31,True,39,65,145
/kaggle/input/datasets/maryemmahmood/glyph2025/Glyph2025/d52/d52_7.jpg,D52,False,-1,-1,24
/kaggle/input/datasets/maryemmahmood/glyph2025/Glyph2025/m17/m17_172.png,M17,False,-1,-1,73
/kaggle/input/datasets/maryemmahmood/glyph2025/Glyph2025/g43/g43_160.jpg,G43,False,-1,-1,60
/kaggle/input/datasets/maryemmahmood/glyph2025/Glyph2025/g17/g17_11.png,G17,False,-1,-1,51
/kaggle/input/datasets/maryemmahmood/glyph2025/Glyph2025/o50/090378_o50.png,O50,True,9,378,106
/kaggle/input/datasets/maryemmahmood/glyph2025/Glyph2025/d21/210026_d21.png,D21,True,21,26,14
/kaggle/input/datasets/maryemmahmood/glyph2025/Glyph2025/d28/d28_12.png,D28,False,-1,-1,15
/kaggle/input/datasets/maryemmahmood/glyph2025/Glyph2025/g17/g17_104.png,G17,False,-1,-1,51
/kaggle/input/datasets/maryemmahmood/glyph2025/Glyph2025/m17/m17_18.png,M17,False,-1,-1,73
/kaggle/input/datasets/maryemmahmood/glyph2025/Glyph2025/s34/s34_75.png,S34,False,-1,-1,126
/kaggle/input/datasets/maryemmahmood/glyph2025/Glyph2025/v31/390004_v31.png,V31,True,39,4,145
/kaggle/input/datasets/maryemmahmood/glyph2025/Glyph2025/n35/n35_351.png,N35,False,-1,-1,94
/kaggle/input/datasets/maryemmahmood/glyph2025/Glyph2025/d36/d36_104.png,D36,False,-1,-1,17
/kaggle/input/datasets/maryemmahmood/glyph2025/Glyph2025/m42/m42_4.png,M42,False,-1,-1,81
/kaggle/input/datasets/maryemmahmood/glyph2025/Glyph2025/r4/r4_49.jpg,R4,False,-1,-1,116
/kaggle/input/datasets/maryemmahmood/glyph2025/Glyph2025/n35/090047_n35.png,N35,True,9,47,94
/kaggle/input/datasets/maryemmahmood/glyph2025/Glyph2025/y4/y4_13.png,Y4,False,-1,-1,166
/kaggle/input/datasets/maryemmahmood/glyph2025/Glyph2025/d40/d40_34.png,D40,False,-1,-1,21
/kaggle/input/datasets/maryemmahmood/glyph2025/Glyph2025/x1/x1_430.png,X1,False,-1,-1,160
/kaggle/input/datasets/maryemmahmood/glyph2025/Glyph2025/a40/a40_26.jpg,A40,False,-1,-1,6
/kaggle/input/datasets/maryemmahmood/glyph2025/Glyph2025/r4/r4_132.png,R4,False,-1,-1,116
/kaggle/input/datasets/maryemmahmood/glyph2025/Glyph2025/d4/d4_91.png,D4,False,-1,-1,20
/kaggle/input/datasets/maryemmahmood/glyph2025/Glyph2025/s29/s29_201.jpg,S29,False,-1,-1,124
/kaggle/input/datasets/maryemmahmood/glyph2025/Glyph2025/g5/050029_g5.png,G5,True,5,29,61
/kaggle/input/datasets/maryemmahmood/glyph2025/Glyph2025/d21/d21_344.png,D21,False,-1,-1,14
/kaggle/input/datasets/maryemmahmood/glyph2025/Glyph2025/n35/n35_268.png,N35,False,-1,-1,94
/kaggle/input/datasets/maryemmahmood/glyph2025/Glyph2025/f26/f26_9.jpg,F26,False,-1,-1,42
/kaggle/input/datasets/maryemmahmood/glyph2025/Glyph2025/o49/030461_o49.png,O49,True,3,461,105
/kaggle/input/datasets/maryemmahmood/glyph2025/Glyph2025/g17/410355_g17.png,G17,True,41,355,51
/kaggle/input/datasets/maryemmahmood/glyph2025/Glyph2025/g43/220424_g43.png,G43,True,22,424,60
/kaggle/input/datasets/maryemmahmood/glyph2025/Glyph2025/r8/r8_64.png,R8,False,-1,-1,118
/kaggle/input/datasets/maryemmahmood/glyph2025/Glyph2025/q3/q3_80.png,Q3,False,-1,-1,113
/kaggle/input/datasets/maryemmahmood/glyph2025/Glyph2025/m17/m17_240.jpg,M17,False,-1,-1,73
/kaggle/input/datasets/maryemmahmood/glyph2025/Glyph2025/n23/n23_1.jpg,N23,False,-1,-1,87
/kaggle/input/datasets/maryemmahmood/glyph2025/Glyph2025/x8/x8_63.png,X8,False,-1,-1,162
/kaggle/input/datasets/maryemmahmood/glyph2025/Glyph2025/v30/v30_75.png,V30,False,-1,-1,144
/kaggle/input/datasets/maryemmahmood/glyph2025/Glyph2025/n35/n35_507.png,N35,False,-1,-1,94
/kaggle/input/datasets/maryemmahmood/glyph2025/Glyph2025/m17/m17_287.png,M17,False,-1,-1,73
/kaggle/input/datasets/maryemmahmood/glyph2025/Glyph2025/d37/d37_83.png,D37,False,-1,-1,18
/kaggle/input/datasets/maryemmahmood/glyph2025/Glyph2025/f21/f21_3.jpg,F21,False,-1,-1,41
/kaggle/input/datasets/maryemmahmood/glyph2025/Glyph2025/s19/s19_14.png,S19,False,-1,-1,119
/kaggle/input/datasets/maryemmahmood/glyph2025/Glyph2025/r8/r8_29.jpg,R8,False,-1,-1,118
/kaggle/input/datasets/maryemmahmood/glyph2025/Glyph2025/v30/v30_240.png,V30,False,-1,-1,144
/kaggle/input/datasets/maryemmahmood/glyph2025/Glyph2025/n35/n35_365.png,N35,False,-1,-1,94
/kaggle/input/datasets/maryemmahmood/glyph2025/Glyph2025/g43/230300_g43.png,G43,True,23,300,60
/kaggle/input/datasets/maryemmahmood/glyph2025/Glyph2025/y1/y1_96.png,Y1,False,-1,-1,163
/kaggle/input/datasets/maryemmahmood/glyph2025/Glyph2025/d21/d21_278.png,D21,False,-1,-1,14
/kaggle/input/datasets/maryemmahmood/glyph2025/Glyph2025/n35/n35_174.png,N35,False,-1,-1,94
/kaggle/input/datasets/maryemmahmood/glyph2025/Glyph2025/d37/d37_108.png,D37,False,-1,-1,18
/kaggle/input/datasets/maryemmahmood/glyph2025/Glyph2025/n14/390127_n14.png,N14,True,39,127,84
/kaggle/input/datasets/maryemmahmood/glyph2025/Glyph2025/m23/230309_m23.png,M23,True,23,309,78
/kaggle/input/datasets/maryemmahmood/glyph2025/Glyph2025/v13/230344_v13.png,V13,True,23,344,140
/kaggle/input/datasets/maryemmahmood/glyph2025/Glyph2025/x1/x1_372.png,X1,False,-1,-1,160
/kaggle/input/datasets/maryemmahmood/glyph2025/Glyph2025/w22/w22_10.png,W22,False,-1,-1,155
/kaggle/input/datasets/maryemmahmood/glyph2025/Glyph2025/x1/x1_382.png,X1,False,-1,-1,160
/kaggle/input/datasets/maryemmahmood/glyph2025/Glyph2025/n35/090044_n35.png,N35,True,9,44,94
/kaggle/input/datasets/maryemmahmood/glyph2025/Glyph2025/n35/410020_n35.png,N35,True,41,20,94
/kaggle/input/datasets/maryemmahmood/glyph2025/Glyph2025/d21/d21_272.png,D21,False,-1,-1,14
/kaggle/input/datasets/maryemmahmood/glyph2025/Glyph2025/s29/220263_s29.png,S29,True,22,263,124
/kaggle/input/datasets/maryemmahmood/glyph2025/Glyph2025/d4/d4_57.png,D4,False,-1,-1,20
/kaggle/input/datasets/maryemmahmood/glyph2025/Glyph2025/d36/d36_67.jpg,D36,False,-1,-1,17
/kaggle/input/datasets/maryemmahmood/glyph2025/Glyph2025/d58/200146_d58.png,D58,True,20,146,28
/kaggle/input/datasets/maryemmahmood/glyph2025/Glyph2025/i9/i9_263.png,I9,False,-1,-1,68
/kaggle/input/datasets/maryemmahmood/glyph2025/Glyph2025/m17/230347_m17.png,M17,True,23,347,73
/kaggle/input/datasets/maryemmahmood/glyph2025/Glyph2025/r8/r8_162.jpg,R8,False,-1,-1,118
/kaggle/input/datasets/maryemmahmood/glyph2025/Glyph2025/q1/q1_4.png,Q1,False,-1,-1,111
/kaggle/input/datasets/maryemmahmood/glyph2025/Glyph2025/w14/w14_8.png,W14,False,-1,-1,150
/kaggle/input/datasets/maryemmahmood/glyph2025/Glyph2025/f26/410205_f26.png,F26,True,41,205,42
/kaggle/input/datasets/maryemmahmood/glyph2025/Glyph2025/q3/q3_71.png,Q3,False,-1,-1,113
/kaggle/input/datasets/maryemmahmood/glyph2025/Glyph2025/n35/200174_n35.png,N35,True,20,174,94
/kaggle/input/datasets/maryemmahmood/glyph2025/Glyph2025/z2/z2_6.png,Z2,False,-1,-1,171
/kaggle/input/datasets/maryemmahmood/glyph2025/Glyph2025/s29/s29_165.png,S29,False,-1,-1,124
/kaggle/input/datasets/maryemmahmood/glyph2025/Glyph2025/f4/f4_1.png,F4,False,-1,-1,48
/kaggle/input/datasets/maryemmahmood/glyph2025/Glyph2025/g43/390107_g43.png,G43,True,39,107,60
/kaggle/input/datasets/maryemmahmood/glyph2025/Glyph2025/v31/390348_v31.png,V31,True,39,348,145
/kaggle/input/datasets/maryemmahmood/glyph2025/Glyph2025/d37/d37_97.png,D37,False,-1,-1,18
/kaggle/input/datasets/maryemmahmood/glyph2025/Glyph2025/g43/030445_g43.png,G43,True,3,445,60
/kaggle/input/datasets/maryemmahmood/glyph2025/Glyph2025/m16/m16_2.jpg,M16,False,-1,-1,72
/kaggle/input/datasets/maryemmahmood/glyph2025/Glyph2025/v31/410256_v31.png,V31,True,41,256,145
/kaggle/input/datasets/maryemmahmood/glyph2025/Glyph2025/s40/s40_6.png,S40,False,-1,-1,128
/kaggle/input/datasets/maryemmahmood/glyph2025/Glyph2025/f1/f1_48.png,F1,False,-1,-1,37
/kaggle/input/datasets/maryemmahmood/glyph2025/Glyph2025/g43/g43_133.png,G43,False,-1,-1,60
/kaggle/input/datasets/maryemmahmood/glyph2025/Glyph2025/v30/v30_1.png,V30,False,-1,-1,144
/kaggle/input/datasets/maryemmahmood/glyph2025/Glyph2025/l2/l2_10.png,L2,False,-1,-1,70
/kaggle/input/datasets/maryemmahmood/glyph2025/Glyph2025/d58/d58_123.png,D58,False,-1,-1,28
/kaggle/input/datasets/maryemmahmood/glyph2025/Glyph2025/m17/m17_226.png,M17,False,-1,-1,73
/kaggle/input/datasets/maryemmahmood/glyph2025/Glyph2025/m23/m23_12.png,M23,False,-1,-1,78
/kaggle/input/datasets/maryemmahmood/glyph2025/Glyph2025/e34/200202_e34.png,E34,True,20,202,34
/kaggle/input/datasets/maryemmahmood/glyph2025/Glyph2025/r11/r11_20.png,R11,False,-1,-1,114
/kaggle/input/datasets/maryemmahmood/glyph2025/Glyph2025/d28/d28_3.png,D28,False,-1,-1,15
/kaggle/input/datasets/maryemmahmood/glyph2025/Glyph2025/y1/y1_131.png,Y1,False,-1,-1,163
/kaggle/input/datasets/maryemmahmood/glyph2025/Glyph2025/d36/d36_63.png,D36,False,-1,-1,17
/kaggle/input/datasets/maryemmahmood/glyph2025/Glyph2025/g38/g38_28.png,G38,False,-1,-1,56
/kaggle/input/datasets/maryemmahmood/glyph2025/Glyph2025/r8/r8_151.png,R8,False,-1,-1,118
/kaggle/input/datasets/maryemmahmood/glyph2025/Glyph2025/d36/d36_21.jpg,D36,False,-1,-1,17
/kaggle/input/datasets/maryemmahmood/glyph2025/Glyph2025/s34/s34_125.png,S34,False,-1,-1,126
/kaggle/input/datasets/maryemmahmood/glyph2025/Glyph2025/n35/n35_293.png,N35,False,-1,-1,94
/kaggle/input/datasets/maryemmahmood/glyph2025/Glyph2025/d21/390058_d21.png,D21,True,39,58,14
/kaggle/input/datasets/maryemmahmood/glyph2025/Glyph2025/g39/200130_g39.png,G39,True,20,130,57
/kaggle/input/datasets/maryemmahmood/glyph2025/Glyph2025/x1/x1_107.png,X1,False,-1,-1,160
/kaggle/input/datasets/maryemmahmood/glyph2025/Glyph2025/n35/220031_n35.png,N35,True,22,31,94
/kaggle/input/datasets/maryemmahmood/glyph2025/Glyph2025/n33/n33_170.jpg,N33,False,-1,-1,92
/kaggle/input/datasets/maryemmahmood/glyph2025/Glyph2025/f4/390001_f4.png,F4,True,39,1,48
/kaggle/input/datasets/maryemmahmood/glyph2025/Glyph2025/d2/090298_d2.png,D2,True,9,298,13
/kaggle/input/datasets/maryemmahmood/glyph2025/Glyph2025/d2/220179_d2.png,D2,True,22,179,13
/kaggle/input/datasets/maryemmahmood/glyph2025/Glyph2025/f32/f32_8.png,F32,False,-1,-1,44
/kaggle/input/datasets/maryemmahmood/glyph2025/Glyph2025/y2/y2_8.jpg,Y2,False,-1,-1,164
/kaggle/input/datasets/maryemmahmood/glyph2025/Glyph2025/f35/f35_83.png,F35,False,-1,-1,46
/kaggle/input/datasets/maryemmahmood/glyph2025/Glyph2025/s29/s29_3.png,S29,False,-1,-1,124
/kaggle/input/datasets/maryemmahmood/glyph2025/Glyph2025/i10/230256_i10.png,I10,True,23,256,66
/kaggle/input/datasets/maryemmahmood/glyph2025/Glyph2025/s29/s29_132.png,S29,False,-1,-1,124
/kaggle/input/datasets/maryemmahmood/glyph2025/Glyph2025/n35/050412_n35.png,N35,True,5,412,94
/kaggle/input/datasets/maryemmahmood/glyph2025/Glyph2025/d28/d28_25.jpg,D28,False,-1,-1,15
/kaggle/input/datasets/maryemmahmood/glyph2025/Glyph2025/g1/g1_5.png,G1,False,-1,-1,49
/kaggle/input/datasets/maryemmahmood/glyph2025/Glyph2025/m22/m22_7.png,M22,False,-1,-1,77
/kaggle/input/datasets/maryemmahmood/glyph2025/Glyph2025/q3/090353_q3.png,Q3,True,9,353,113
/kaggle/input/datasets/maryemmahmood/glyph2025/Glyph2025/m18/410156_m18.png,M18,True,41,156,74
/kaggle/input/datasets/maryemmahmood/glyph2025/Glyph2025/f39/f39_33.png,F39,False,-1,-1,47
/kaggle/input/datasets/maryemmahmood/glyph2025/Glyph2025/w18/w18_7.png,W18,False,-1,-1,153
/kaggle/input/datasets/maryemmahmood/glyph2025/Glyph2025/n14/390128_n14.png,N14,True,39,128,84
/kaggle/input/datasets/maryemmahmood/glyph2025/Glyph2025/x1/x1_269.png,X1,False,-1,-1,160
/kaggle/input/datasets/maryemmahmood/glyph2025/Glyph2025/d21/d21_222.png,D21,False,-1,-1,14
/kaggle/input/datasets/maryemmahmood/glyph2025/Glyph2025/v30/v30_213.png,V30,False,-1,-1,144
/kaggle/input/datasets/maryemmahmood/glyph2025/Glyph2025/x1/x1_434.png,X1,False,-1,-1,160
/kaggle/input/datasets/maryemmahmood/glyph2025/Glyph2025/y1/y1_71.png,Y1,False,-1,-1,163
/kaggle/input/datasets/maryemmahmood/glyph2025/Glyph2025/o1/o1_8.jpg,O1,False,-1,-1,100
/kaggle/input/datasets/maryemmahmood/glyph2025/Glyph2025/o1/o1_126.png,O1,False,-1,-1,100
/kaggle/input/datasets/maryemmahmood/glyph2025/Glyph2025/g43/g43_170.jpg,G43,False,-1,-1,60
/kaggle/input/datasets/maryemmahmood/glyph2025/Glyph2025/n35/050372_n35.png,N35,True,5,372,94
/kaggle/input/datasets/maryemmahmood/glyph2025/Glyph2025/g43/230306_g43.png,G43,True,23,306,60
/kaggle/input/datasets/maryemmahmood/glyph2025/Glyph2025/z4/z4_12.png,Z4,False,-1,-1,173
/kaggle/input/datasets/maryemmahmood/glyph2025/Glyph2025/d4/d4_33.png,D4,False,-1,-1,20
/kaggle/input/datasets/maryemmahmood/glyph2025/Glyph2025/g43/230274_g43.png,G43,True,23,274,60
/kaggle/input/datasets/maryemmahmood/glyph2025/Glyph2025/n1/n1_29.png,N1,False,-1,-1,83
/kaggle/input/datasets/maryemmahmood/glyph2025/Glyph2025/n18/030254_n18.png,N18,True,3,254,86
/kaggle/input/datasets/maryemmahmood/glyph2025/Glyph2025/s29/200152_s29.png,S29,True,20,152,124
/kaggle/input/datasets/maryemmahmood/glyph2025/Glyph2025/g43/050414_g43.png,G43,True,5,414,60
/kaggle/input/datasets/maryemmahmood/glyph2025/Glyph2025/r8/210062_r8.png,R8,True,21,62,118
/kaggle/input/datasets/maryemmahmood/glyph2025/Glyph2025/v13/230385_v13.png,V13,True,23,385,140
/kaggle/input/datasets/maryemmahmood/glyph2025/Glyph2025/n35/090317_n35.png,N35,True,9,317,94
/kaggle/input/datasets/maryemmahmood/glyph2025/Glyph2025/g17/410386_g17.png,G17,True,41,386,51
/kaggle/input/datasets/maryemmahmood/glyph2025/Glyph2025/q3/030361_q3.png,Q3,True,3,361,113
/kaggle/input/datasets/maryemmahmood/glyph2025/Glyph2025/d4/d4_139.png,D4,False,-1,-1,20
/kaggle/input/datasets/maryemmahmood/glyph2025/Glyph2025/a1/a1_12.jpg,A1,False,-1,-1,0
/kaggle/input/datasets/maryemmahmood/glyph2025/Glyph2025/q3/q3_26.png,Q3,False,-1,-1,113
/kaggle/input/datasets/maryemmahmood/glyph2025/Glyph2025/x1/200178_x1.png,X1,True,20,178,160
/kaggle/input/datasets/maryemmahmood/glyph2025/Glyph2025/n35/n35_477.jpg,N35,False,-1,-1,94
/kaggle/input/datasets/maryemmahmood/glyph2025/Glyph2025/x1/x1_55.jpg,X1,False,-1,-1,160
/kaggle/input/datasets/maryemmahmood/glyph2025/Glyph2025/v31/390207_v31.png,V31,True,39,207,145
/kaggle/input/datasets/maryemmahmood/glyph2025/Glyph2025/f35/f35_4.png,F35,False,-1,-1,46
/kaggle/input/datasets/maryemmahmood/glyph2025/Glyph2025/n1/n1_45.png,N1,False,-1,-1,83
/kaggle/input/datasets/maryemmahmood/glyph2025/Glyph2025/f35/f35_126.png,F35,False,-1,-1,46
/kaggle/input/datasets/maryemmahmood/glyph2025/Glyph2025/f1/f1_32.png,F1,False,-1,-1,37
/kaggle/input/datasets/maryemmahmood/glyph2025/Glyph2025/o1/o1_9.jpg,O1,False,-1,-1,100
/kaggle/input/datasets/maryemmahmood/glyph2025/Glyph2025/n35/220139_n35.png,N35,True,22,139,94
/kaggle/input/datasets/maryemmahmood/glyph2025/Glyph2025/d28/d28_92.png,D28,False,-1,-1,15
/kaggle/input/datasets/maryemmahmood/glyph2025/Glyph2025/n35/030047_n35.png,N35,True,3,47,94
/kaggle/input/datasets/maryemmahmood/glyph2025/Glyph2025/r14/r14_14.png,R14,False,-1,-1,115
/kaggle/input/datasets/maryemmahmood/glyph2025/Glyph2025/o1/o1_116.png,O1,False,-1,-1,100
/kaggle/input/datasets/maryemmahmood/glyph2025/Glyph2025/v31/050452_v31.png,V31,True,5,452,145
/kaggle/input/datasets/maryemmahmood/glyph2025/Glyph2025/d2/d2_54.png,D2,False,-1,-1,13
/kaggle/input/datasets/maryemmahmood/glyph2025/Glyph2025/o50/050446_o50.png,O50,True,5,446,106
/kaggle/input/datasets/maryemmahmood/glyph2025/Glyph2025/g43/g43_107.jpg,G43,False,-1,-1,60
/kaggle/input/datasets/maryemmahmood/glyph2025/Glyph2025/g5/030131_g5.png,G5,True,3,131,61
/kaggle/input/datasets/maryemmahmood/glyph2025/Glyph2025/n35/n35_227.png,N35,False,-1,-1,94
/kaggle/input/datasets/maryemmahmood/glyph2025/Glyph2025/x1/050260_x1.png,X1,True,5,260,160
/kaggle/input/datasets/maryemmahmood/glyph2025/Glyph2025/o1/o1_129.png,O1,False,-1,-1,100
/kaggle/input/datasets/maryemmahmood/glyph2025/Glyph2025/a2/a2_17.png,A2,False,-1,-1,3
/kaggle/input/datasets/maryemmahmood/glyph2025/Glyph2025/g38/g38_24.png,G38,False,-1,-1,56
/kaggle/input/datasets/maryemmahmood/glyph2025/Glyph2025/r4/r4_38.jpg,R4,False,-1,-1,116
/kaggle/input/datasets/maryemmahmood/glyph2025/Glyph2025/d58/d58_104.png,D58,False,-1,-1,28
/kaggle/input/datasets/maryemmahmood/glyph2025/Glyph2025/m17/m17_358.png,M17,False,-1,-1,73
/kaggle/input/datasets/maryemmahmood/glyph2025/Glyph2025/o3/o3_1.jpg,O3,False,-1,-1,102
/kaggle/input/datasets/maryemmahmood/glyph2025/Glyph2025/m18/410107_m18.png,M18,True,41,107,74
/kaggle/input/datasets/maryemmahmood/glyph2025/Glyph2025/n35/n35_33.png,N35,False,-1,-1,94
/kaggle/input/datasets/maryemmahmood/glyph2025/Glyph2025/m17/200350_m17.png,M17,True,20,350,73
/kaggle/input/datasets/maryemmahmood/glyph2025/Glyph2025/o50/410385_o50.png,O50,True,41,385,106
/kaggle/input/datasets/maryemmahmood/glyph2025/Glyph2025/s29/200017_s29.png,S29,True,20,17,124
/kaggle/input/datasets/maryemmahmood/glyph2025/Glyph2025/s29/s29_55.png,S29,False,-1,-1,124
/kaggle/input/datasets/maryemmahmood/glyph2025/Glyph2025/o1/o1_106.png,O1,False,-1,-1,100
/kaggle/input/datasets/maryemmahmood/glyph2025/Glyph2025/f35/050215_f35.png,F35,True,5,215,46
/kaggle/input/datasets/maryemmahmood/glyph2025/Glyph2025/d21/d21_52.jpg,D21,False,-1,-1,14
/kaggle/input/datasets/maryemmahmood/glyph2025/Glyph2025/v31/v31_43.jpg,V31,False,-1,-1,145
/kaggle/input/datasets/maryemmahmood/glyph2025/Glyph2025/i10/220274_i10.png,I10,True,22,274,66
/kaggle/input/datasets/maryemmahmood/glyph2025/Glyph2025/m17/m17_344.png,M17,False,-1,-1,73
/kaggle/input/datasets/maryemmahmood/glyph2025/Glyph2025/y5/y5_52.jpg,Y5,False,-1,-1,167
/kaggle/input/datasets/maryemmahmood/glyph2025/Glyph2025/n35/030007_n35.png,N35,True,3,7,94
/kaggle/input/datasets/maryemmahmood/glyph2025/Glyph2025/s34/s34_119.png,S34,False,-1,-1,126
/kaggle/input/datasets/maryemmahmood/glyph2025/Glyph2025/h1/h1_18.png,H1,False,-1,-1,62
/kaggle/input/datasets/maryemmahmood/glyph2025/Glyph2025/i9/i9_72.png,I9,False,-1,-1,68
/kaggle/input/datasets/maryemmahmood/glyph2025/Glyph2025/i10/i10_36.png,I10,False,-1,-1,66
/kaggle/input/datasets/maryemmahmood/glyph2025/Glyph2025/d2/d2_61.png,D2,False,-1,-1,13
/kaggle/input/datasets/maryemmahmood/glyph2025/Glyph2025/f31/f31_63.png,F31,False,-1,-1,43
/kaggle/input/datasets/maryemmahmood/glyph2025/Glyph2025/g17/g17_43.jpg,G17,False,-1,-1,51
/kaggle/input/datasets/maryemmahmood/glyph2025/Glyph2025/r8/r8_161.png,R8,False,-1,-1,118
/kaggle/input/datasets/maryemmahmood/glyph2025/Glyph2025/n35/230059_n35.png,N35,True,23,59,94
/kaggle/input/datasets/maryemmahmood/glyph2025/Glyph2025/i9/i9_195.png,I9,False,-1,-1,68
/kaggle/input/datasets/maryemmahmood/glyph2025/Glyph2025/s29/050411_s29.png,S29,True,5,411,124
/kaggle/input/datasets/maryemmahmood/glyph2025/Glyph2025/z1/z1_11.png,Z1,False,-1,-1,168
/kaggle/input/datasets/maryemmahmood/glyph2025/Glyph2025/w17/w17_25.jpg,W17,False,-1,-1,152
/kaggle/input/datasets/maryemmahmood/glyph2025/Glyph2025/g17/410185_g17.png,G17,True,41,185,51
/kaggle/input/datasets/maryemmahmood/glyph2025/Glyph2025/u7/u7_14.png,U7,False,-1,-1,137
/kaggle/input/datasets/maryemmahmood/glyph2025/Glyph2025/t28/t28_14.png,T28,False,-1,-1,131
/kaggle/input/datasets/maryemmahmood/glyph2025/Glyph2025/t21/050090_t21.png,T21,True,5,90,129
/kaggle/input/datasets/maryemmahmood/glyph2025/Glyph2025/w23/w23_1.png,W23,False,-1,-1,156
/kaggle/input/datasets/maryemmahmood/glyph2025/Glyph2025/x8/x8_78.png,X8,False,-1,-1,162
/kaggle/input/datasets/maryemmahmood/glyph2025/Glyph2025/i9/i9_200.png,I9,False,-1,-1,68
/kaggle/input/datasets/maryemmahmood/glyph2025/Glyph2025/a1/a1_28.jpg,A1,False,-1,-1,0
/kaggle/input/datasets/maryemmahmood/glyph2025/Glyph2025/e34/230172_e34.png,E34,True,23,172,34
/kaggle/input/datasets/maryemmahmood/glyph2025/Glyph2025/m17/m17_433.png,M17,False,-1,-1,73
/kaggle/input/datasets/maryemmahmood/glyph2025/Glyph2025/d21/210016_d21.png,D21,True,21,16,14
/kaggle/input/datasets/maryemmahmood/glyph2025/Glyph2025/n35/390228_n35.png,N35,True,39,228,94
/kaggle/input/datasets/maryemmahmood/glyph2025/Glyph2025/o29/o29_12.png,O29,False,-1,-1,101
/kaggle/input/datasets/maryemmahmood/glyph2025/Glyph2025/m17/m17_7.png,M17,False,-1,-1,73
/kaggle/input/datasets/maryemmahmood/glyph2025/Glyph2025/f39/f39_3.png,F39,False,-1,-1,47
/kaggle/input/datasets/maryemmahmood/glyph2025/Glyph2025/d4/d4_12.png,D4,False,-1,-1,20
/kaggle/input/datasets/maryemmahmood/glyph2025/Glyph2025/d58/d58_53.jpg,D58,False,-1,-1,28
/kaggle/input/datasets/maryemmahmood/glyph2025/Glyph2025/i9/200375_i9.png,I9,True,20,375,68
/kaggle/input/datasets/maryemmahmood/glyph2025/Glyph2025/g17/g17_76.jpg,G17,False,-1,-1,51
/kaggle/input/datasets/maryemmahmood/glyph2025/Glyph2025/d21/d21_137.png,D21,False,-1,-1,14
/kaggle/input/datasets/maryemmahmood/glyph2025/Glyph2025/v31/v31_85.png,V31,False,-1,-1,145
/kaggle/input/datasets/maryemmahmood/glyph2025/Glyph2025/d21/d21_42.png,D21,False,-1,-1,14
/kaggle/input/datasets/maryemmahmood/glyph2025/Glyph2025/y5/y5_13.png,Y5,False,-1,-1,167
/kaggle/input/datasets/maryemmahmood/glyph2025/Glyph2025/d4/d4_121.png,D4,False,-1,-1,20
/kaggle/input/datasets/maryemmahmood/glyph2025/Glyph2025/i9/i9_92.jpg,I9,False,-1,-1,68
/kaggle/input/datasets/maryemmahmood/glyph2025/Glyph2025/q1/q1_71.jpg,Q1,False,-1,-1,111
/kaggle/input/datasets/maryemmahmood/glyph2025/Glyph2025/g43/g43_38.jpg,G43,False,-1,-1,60
/kaggle/input/datasets/maryemmahmood/glyph2025/Glyph2025/d37/d37_144.png,D37,False,-1,-1,18
/kaggle/input/datasets/maryemmahmood/glyph2025/Glyph2025/m17/030348_m17.png,M17,True,3,348,73
/kaggle/input/datasets/maryemmahmood/glyph2025/Glyph2025/m3/m3_3.png,M3,False,-1,-1,80
/kaggle/input/datasets/maryemmahmood/glyph2025/Glyph2025/n35/030124_n35.png,N35,True,3,124,94
/kaggle/input/datasets/maryemmahmood/glyph2025/Glyph2025/d2/d2_26.png,D2,False,-1,-1,13
/kaggle/input/datasets/maryemmahmood/glyph2025/Glyph2025/f35/f35_159.jpg,F35,False,-1,-1,46
/kaggle/input/datasets/maryemmahmood/glyph2025/Glyph2025/x1/090376_x1.png,X1,True,9,376,160
/kaggle/input/datasets/maryemmahmood/glyph2025/Glyph2025/i10/i10_11.png,I10,False,-1,-1,66
/kaggle/input/datasets/maryemmahmood/glyph2025/Glyph2025/s29/s29_83.png,S29,False,-1,-1,124
/kaggle/input/datasets/maryemmahmood/glyph2025/Glyph2025/n35/030248_n35.png,N35,True,3,248,94
/kaggle/input/datasets/maryemmahmood/glyph2025/Glyph2025/d4/d4_212.png,D4,False,-1,-1,20
/kaggle/input/datasets/maryemmahmood/glyph2025/Glyph2025/w19/w19_39.png,W19,False,-1,-1,154
/kaggle/input/datasets/maryemmahmood/glyph2025/Glyph2025/n1/n1_2.png,N1,False,-1,-1,83
/kaggle/input/datasets/maryemmahmood/glyph2025/Glyph2025/d21/030158_d21.png,D21,True,3,158,14
/kaggle/input/datasets/maryemmahmood/glyph2025/Glyph2025/q1/q1_98.png,Q1,False,-1,-1,111
/kaggle/input/datasets/maryemmahmood/glyph2025/Glyph2025/d58/d58_12.png,D58,False,-1,-1,28
/kaggle/input/datasets/maryemmahmood/glyph2025/Glyph2025/f35/f35_28.jpg,F35,False,-1,-1,46
/kaggle/input/datasets/maryemmahmood/glyph2025/Glyph2025/i9/i9_78.jpg,I9,False,-1,-1,68
/kaggle/input/datasets/maryemmahmood/glyph2025/Glyph2025/q1/q1_70.png,Q1,False,-1,-1,111
/kaggle/input/datasets/maryemmahmood/glyph2025/Glyph2025/d46/050287_d46.png,D46,True,5,287,23
/kaggle/input/datasets/maryemmahmood/glyph2025/Glyph2025/g36/220200_g36.png,G36,True,22,200,54
/kaggle/input/datasets/maryemmahmood/glyph2025/Glyph2025/d21/050448_d21.png,D21,True,5,448,14
/kaggle/input/datasets/maryemmahmood/glyph2025/Glyph2025/v30/v30_107.png,V30,False,-1,-1,144
/kaggle/input/datasets/maryemmahmood/glyph2025/Glyph2025/v20/v20_17.jpg,V20,False,-1,-1,141
/kaggle/input/datasets/maryemmahmood/glyph2025/Glyph2025/aa15/aa15_71.png,AA15,False,-1,-1,10
/kaggle/input/datasets/maryemmahmood/glyph2025/Glyph2025/g37/g37_3.png,G37,False,-1,-1,55
/kaggle/input/datasets/maryemmahmood/glyph2025/Glyph2025/v30/v30_224.png,V30,False,-1,-1,144
/kaggle/input/datasets/maryemmahmood/glyph2025/Glyph2025/d28/d28_28.jpg,D28,False,-1,-1,15
/kaggle/input/datasets/maryemmahmood/glyph2025/Glyph2025/x1/210335_x1.png,X1,True,21,335,160
/kaggle/input/datasets/maryemmahmood/glyph2025/Glyph2025/x1/x1_261.png,X1,False,-1,-1,160
/kaggle/input/datasets/maryemmahmood/glyph2025/Glyph2025/d58/d58_49.png,D58,False,-1,-1,28
/kaggle/input/datasets/maryemmahmood/glyph2025/Glyph2025/s28/s28_7.jpg,S28,False,-1,-1,123
/kaggle/input/datasets/maryemmahmood/glyph2025/Glyph2025/d58/410063_d58.png,D58,True,41,63,28
/kaggle/input/datasets/maryemmahmood/glyph2025/Glyph2025/r8/r8_38.png,R8,False,-1,-1,118
/kaggle/input/datasets/maryemmahmood/glyph2025/Glyph2025/o4/o4_19.jpg,O4,False,-1,-1,104
/kaggle/input/datasets/maryemmahmood/glyph2025/Glyph2025/g17/230140_g17.png,G17,True,23,140,51
/kaggle/input/datasets/maryemmahmood/glyph2025/Glyph2025/m23/m23_31.jpg,M23,False,-1,-1,78
/kaggle/input/datasets/maryemmahmood/glyph2025/Glyph2025/v30/v30_265.jpg,V30,False,-1,-1,144
/kaggle/input/datasets/maryemmahmood/glyph2025/Glyph2025/d21/d21_253.png,D21,False,-1,-1,14
/kaggle/input/datasets/maryemmahmood/glyph2025/Glyph2025/n1/n1_66.png,N1,False,-1,-1,83
/kaggle/input/datasets/maryemmahmood/glyph2025/Glyph2025/m23/230273_m23.png,M23,True,23,273,78
/kaggle/input/datasets/maryemmahmood/glyph2025/Glyph2025/n35/200262_n35.png,N35,True,20,262,94
/kaggle/input/datasets/maryemmahmood/glyph2025/Glyph2025/d21/d21_171.png,D21,False,-1,-1,14
/kaggle/input/datasets/maryemmahmood/glyph2025/Glyph2025/d21/d21_53.png,D21,False,-1,-1,14
/kaggle/input/datasets/maryemmahmood/glyph2025/Glyph2025/w18/410360_w18.png,W18,True,41,360,153
/kaggle/input/datasets/maryemmahmood/glyph2025/Glyph2025/i9/i9_294.jpg,I9,False,-1,-1,68
/kaggle/input/datasets/maryemmahmood/glyph2025/Glyph2025/v1/v1_21.png,V1,False,-1,-1,138
/kaggle/input/datasets/maryemmahmood/glyph2025/Glyph2025/d4/050279_d4.png,D4,True,5,279,20
/kaggle/input/datasets/maryemmahmood/glyph2025/Glyph2025/x1/x1_46.png,X1,False,-1,-1,160
/kaggle/input/datasets/maryemmahmood/glyph2025/Glyph2025/n1/n1_20.png,N1,False,-1,-1,83
/kaggle/input/datasets/maryemmahmood/glyph2025/Glyph2025/n33/n33_94.png,N33,False,-1,-1,92
/kaggle/input/datasets/maryemmahmood/glyph2025/Glyph2025/m17/m17_192.png,M17,False,-1,-1,73
/kaggle/input/datasets/maryemmahmood/glyph2025/Glyph2025/r4/r4_71.png,R4,False,-1,-1,116
/kaggle/input/datasets/maryemmahmood/glyph2025/Glyph2025/y5/y5_73.png,Y5,False,-1,-1,167
/kaggle/input/datasets/maryemmahmood/glyph2025/Glyph2025/n35/n35_338.png,N35,False,-1,-1,94
/kaggle/input/datasets/maryemmahmood/glyph2025/Glyph2025/q3/q3_43.jpg,Q3,False,-1,-1,113
/kaggle/input/datasets/maryemmahmood/glyph2025/Glyph2025/s21/s21_2.png,S21,False,-1,-1,120
/kaggle/input/datasets/maryemmahmood/glyph2025/Glyph2025/m23/m23_46.jpg,M23,False,-1,-1,78
/kaggle/input/datasets/maryemmahmood/glyph2025/Glyph2025/d4/d4_36.png,D4,False,-1,-1,20
/kaggle/input/datasets/maryemmahmood/glyph2025/Glyph2025/a1/a1_111.jpg,A1,False,-1,-1,0
/kaggle/input/datasets/maryemmahmood/glyph2025/Glyph2025/v13/v13_71.png,V13,False,-1,-1,140
/kaggle/input/datasets/maryemmahmood/glyph2025/Glyph2025/r4/r4_118.png,R4,False,-1,-1,116
/kaggle/input/datasets/maryemmahmood/glyph2025/Glyph2025/e34/220168_e34.png,E34,True,22,168,34
/kaggle/input/datasets/maryemmahmood/glyph2025/Glyph2025/z1/z1_37.png,Z1,False,-1,-1,168
/kaggle/input/datasets/maryemmahmood/glyph2025/Glyph2025/n35/n35_95.jpg,N35,False,-1,-1,94
/kaggle/input/datasets/maryemmahmood/glyph2025/Glyph2025/d36/220435_d36.png,D36,True,22,435,17
/kaggle/input/datasets/maryemmahmood/glyph2025/Glyph2025/f18/f18_2.png,F18,False,-1,-1,40
/kaggle/input/datasets/maryemmahmood/glyph2025/Glyph2025/g40/g40_1.jpg,G40,False,-1,-1,59
/kaggle/input/datasets/maryemmahmood/glyph2025/Glyph2025/s29/s29_178.jpg,S29,False,-1,-1,124
/kaggle/input/datasets/maryemmahmood/glyph2025/Glyph2025/n35/n35_70.png,N35,False,-1,-1,94
/kaggle/input/datasets/maryemmahmood/glyph2025/Glyph2025/m17/m17_159.png,M17,False,-1,-1,73
/kaggle/input/datasets/maryemmahmood/glyph2025/Glyph2025/o1/210129_o1.png,O1,True,21,129,100
/kaggle/input/datasets/maryemmahmood/glyph2025/Glyph2025/g36/g36_28.jpg,G36,False,-1,-1,54
/kaggle/input/datasets/maryemmahmood/glyph2025/Glyph2025/p3/p3_3.jpg,P3,False,-1,-1,109
/kaggle/input/datasets/maryemmahmood/glyph2025/Glyph2025/n33/n33_120.png,N33,False,-1,-1,92
/kaggle/input/datasets/maryemmahmood/glyph2025/Glyph2025/r14/r14_5.png,R14,False,-1,-1,115
/kaggle/input/datasets/maryemmahmood/glyph2025/Glyph2025/v31/210071_v31.png,V31,True,21,71,145
/kaggle/input/datasets/maryemmahmood/glyph2025/Glyph2025/v31/230167_v31.png,V31,True,23,167,145
/kaggle/input/datasets/maryemmahmood/glyph2025/Glyph2025/v28/v28_167.png,V28,False,-1,-1,142
/kaggle/input/datasets/maryemmahmood/glyph2025/Glyph2025/r8/200115_r8.png,R8,True,20,115,118
/kaggle/input/datasets/maryemmahmood/glyph2025/Glyph2025/v31/v31_78.jpg,V31,False,-1,-1,145
/kaggle/input/datasets/maryemmahmood/glyph2025/Glyph2025/v30/v30_42.png,V30,False,-1,-1,144
/kaggle/input/datasets/maryemmahmood/glyph2025/Glyph2025/o4/o4_5.jpg,O4,False,-1,-1,104
/kaggle/input/datasets/maryemmahmood/glyph2025/Glyph2025/g36/g36_42.jpg,G36,False,-1,-1,54
/kaggle/input/datasets/maryemmahmood/glyph2025/Glyph2025/r4/r4_104.png,R4,False,-1,-1,116
/kaggle/input/datasets/maryemmahmood/glyph2025/Glyph2025/m17/m17_74.png,M17,False,-1,-1,73
/kaggle/input/datasets/maryemmahmood/glyph2025/Glyph2025/v1/v1_3.png,V1,False,-1,-1,138
/kaggle/input/datasets/maryemmahmood/glyph2025/Glyph2025/g17/230163_g17.png,G17,True,23,163,51
/kaggle/input/datasets/maryemmahmood/glyph2025/Glyph2025/i9/i9_91.png,I9,False,-1,-1,68
/kaggle/input/datasets/maryemmahmood/glyph2025/Glyph2025/z1b/z1b_4.png,Z1B,False,-1,-1,170
/kaggle/input/datasets/maryemmahmood/glyph2025/Glyph2025/d2/d2_30.png,D2,False,-1,-1,13
/kaggle/input/datasets/maryemmahmood/glyph2025/Glyph2025/aa15/aa15_44.png,AA15,False,-1,-1,10
/kaggle/input/datasets/maryemmahmood/glyph2025/Glyph2025/d36/390137_d36.png,D36,True,39,137,17
/kaggle/input/datasets/maryemmahmood/glyph2025/Glyph2025/x1/x1_33.jpg,X1,False,-1,-1,160
/kaggle/input/datasets/maryemmahmood/glyph2025/Glyph2025/i9/i9_20.jpg,I9,False,-1,-1,68
/kaggle/input/datasets/maryemmahmood/glyph2025/Glyph2025/n35/050103_n35.png,N35,True,5,103,94
/kaggle/input/datasets/maryemmahmood/glyph2025/Glyph2025/x1/x1_245.png,X1,False,-1,-1,160
/kaggle/input/datasets/maryemmahmood/glyph2025/Glyph2025/v4/v4_3.jpg,V4,False,-1,-1,146
/kaggle/input/datasets/maryemmahmood/glyph2025/Glyph2025/x1/x1_250.png,X1,False,-1,-1,160
/kaggle/input/datasets/maryemmahmood/glyph2025/Glyph2025/s3/s3_24.png,S3,False,-1,-1,125
/kaggle/input/datasets/maryemmahmood/glyph2025/Glyph2025/m17/090215_m17.png,M17,True,9,215,73
/kaggle/input/datasets/maryemmahmood/glyph2025/Glyph2025/d36/d36_153.png,D36,False,-1,-1,17
/kaggle/input/datasets/maryemmahmood/glyph2025/Glyph2025/n35/220408_n35.png,N35,True,22,408,94
/kaggle/input/datasets/maryemmahmood/glyph2025/Glyph2025/i9/i9_145.png,I9,False,-1,-1,68
/kaggle/input/datasets/maryemmahmood/glyph2025/Glyph2025/n1/n1_44.png,N1,False,-1,-1,83
/kaggle/input/datasets/maryemmahmood/glyph2025/Glyph2025/g43/200162_g43.png,G43,True,20,162,60
/kaggle/input/datasets/maryemmahmood/glyph2025/Glyph2025/n33/n33_105.png,N33,False,-1,-1,92
/kaggle/input/datasets/maryemmahmood/glyph2025/Glyph2025/b1/b1_27.jpg,B1,False,-1,-1,11
/kaggle/input/datasets/maryemmahmood/glyph2025/Glyph2025/p3/p3_7.png,P3,False,-1,-1,109
/kaggle/input/datasets/maryemmahmood/glyph2025/Glyph2025/o6/o6_2.png,O6,False,-1,-1,107
/kaggle/input/datasets/maryemmahmood/glyph2025/Glyph2025/f1/f1_53.png,F1,False,-1,-1,37
/kaggle/input/datasets/maryemmahmood/glyph2025/Glyph2025/x1/x1_19.jpg,X1,False,-1,-1,160
/kaggle/input/datasets/maryemmahmood/glyph2025/Glyph2025/d54/d54_6.jpg,D54,False,-1,-1,25
/kaggle/input/datasets/maryemmahmood/glyph2025/Glyph2025/l1/l1_24.png,L1,False,-1,-1,69
/kaggle/input/datasets/maryemmahmood/glyph2025/Glyph2025/aa15/aa15_62.png,AA15,False,-1,-1,10
/kaggle/input/datasets/maryemmahmood/glyph2025/Glyph2025/x1/x1_129.png,X1,False,-1,-1,160
/kaggle/input/datasets/maryemmahmood/glyph2025/Glyph2025/d45/d45_12.png,D45,False,-1,-1,22
/kaggle/input/datasets/maryemmahmood/glyph2025/Glyph2025/a30/a30_14.png,A30,False,-1,-1,5
/kaggle/input/datasets/maryemmahmood/glyph2025/Glyph2025/o49/o49_67.png,O49,False,-1,-1,105
/kaggle/input/datasets/maryemmahmood/glyph2025/Glyph2025/g17/g17_40.jpg,G17,False,-1,-1,51
/kaggle/input/datasets/maryemmahmood/glyph2025/Glyph2025/z1/390339_z1.png,Z1,True,39,339,168
/kaggle/input/datasets/maryemmahmood/glyph2025/Glyph2025/d21/d21_317.jpg,D21,False,-1,-1,14
/kaggle/input/datasets/maryemmahmood/glyph2025/Glyph2025/v13/230277_v13.png,V13,True,23,277,140
/kaggle/input/datasets/maryemmahmood/glyph2025/Glyph2025/r8/r8_49.png,R8,False,-1,-1,118
/kaggle/input/datasets/maryemmahmood/glyph2025/Glyph2025/a2/a2_29.jpg,A2,False,-1,-1,3
/kaggle/input/datasets/maryemmahmood/glyph2025/Glyph2025/w24/w24_19.jpg,W24,False,-1,-1,157
/kaggle/input/datasets/maryemmahmood/glyph2025/Glyph2025/x1/030356_x1.png,X1,True,3,356,160
/kaggle/input/datasets/maryemmahmood/glyph2025/Glyph2025/m12/m12_38.png,M12,False,-1,-1,71
/kaggle/input/datasets/maryemmahmood/glyph2025/Glyph2025/d39/030367_d39.png,D39,True,3,367,19
/kaggle/input/datasets/maryemmahmood/glyph2025/Glyph2025/n1/n1_5.png,N1,False,-1,-1,83
/kaggle/input/datasets/maryemmahmood/glyph2025/Glyph2025/m17/m17_414.png,M17,False,-1,-1,73
/kaggle/input/datasets/maryemmahmood/glyph2025/Glyph2025/s29/s29_85.png,S29,False,-1,-1,124
/kaggle/input/datasets/maryemmahmood/glyph2025/Glyph2025/n23/n23_6.png,N23,False,-1,-1,87
/kaggle/input/datasets/maryemmahmood/glyph2025/Glyph2025/i9/i9_313.png,I9,False,-1,-1,68
/kaggle/input/datasets/maryemmahmood/glyph2025/Glyph2025/s29/410297_s29.png,S29,True,41,297,124
/kaggle/input/datasets/maryemmahmood/glyph2025/Glyph2025/v28/v28_125.png,V28,False,-1,-1,142
/kaggle/input/datasets/maryemmahmood/glyph2025/Glyph2025/t28/t28_13.png,T28,False,-1,-1,131
/kaggle/input/datasets/maryemmahmood/glyph2025/Glyph2025/x1/x1_100.png,X1,False,-1,-1,160
/kaggle/input/datasets/maryemmahmood/glyph2025/Glyph2025/n1/n1_31.png,N1,False,-1,-1,83
/kaggle/input/datasets/maryemmahmood/glyph2025/Glyph2025/s38/s38_12.png,S38,False,-1,-1,127
/kaggle/input/datasets/maryemmahmood/glyph2025/Glyph2025/z11/200272_z11.png,Z11,True,20,272,169
/kaggle/input/datasets/maryemmahmood/glyph2025/Glyph2025/v28/v28_38.png,V28,False,-1,-1,142
/kaggle/input/datasets/maryemmahmood/glyph2025/Glyph2025/g43/200083_g43.png,G43,True,20,83,60
/kaggle/input/datasets/maryemmahmood/glyph2025/Glyph2025/a24/a24_3.jpg,A24,False,-1,-1,4
/kaggle/input/datasets/maryemmahmood/glyph2025/Glyph2025/o34/o34_32.png,O34,False,-1,-1,103
/kaggle/input/datasets/maryemmahmood/glyph2025/Glyph2025/d2/d2_74.png,D2,False,-1,-1,13
/kaggle/input/datasets/maryemmahmood/glyph2025/Glyph2025/m17/030385_m17.png,M17,True,3,385,73
/kaggle/input/datasets/maryemmahmood/glyph2025/Glyph2025/s29/s29_157.png,S29,False,-1,-1,124
/kaggle/input/datasets/maryemmahmood/glyph2025/Glyph2025/s34/s34_66.jpg,S34,False,-1,-1,126
/kaggle/input/datasets/maryemmahmood/glyph2025/Glyph2025/d4/090034_d4.png,D4,True,9,34,20
/kaggle/input/datasets/maryemmahmood/glyph2025/Glyph2025/o50/410306_o50.png,O50,True,41,306,106
/kaggle/input/datasets/maryemmahmood/glyph2025/Glyph2025/q1/q1_47.png,Q1,False,-1,-1,111
/kaggle/input/datasets/maryemmahmood/glyph2025/Glyph2025/u23/u23_26.png,U23,False,-1,-1,134
/kaggle/input/datasets/maryemmahmood/glyph2025/Glyph2025/r11/r11_16.png,R11,False,-1,-1,114
/kaggle/input/datasets/maryemmahmood/glyph2025/Glyph2025/d52/200311_d52.png,D52,True,20,311,24
/kaggle/input/datasets/maryemmahmood/glyph2025/Glyph2025/n35/n35_297.png,N35,False,-1,-1,94
/kaggle/input/datasets/maryemmahmood/glyph2025/Glyph2025/a17/a17_1.png,A17,False,-1,-1,1
/kaggle/input/datasets/maryemmahmood/glyph2025/Glyph2025/a1/a1_134.jpg,A1,False,-1,-1,0
/kaggle/input/datasets/maryemmahmood/glyph2025/Glyph2025/r7/r7_8.png,R7,False,-1,-1,117
/kaggle/input/datasets/maryemmahmood/glyph2025/Glyph2025/d37/d37_10.png,D37,False,-1,-1,18
/kaggle/input/datasets/maryemmahmood/glyph2025/Glyph2025/d21/410323_d21.png,D21,True,41,323,14
/kaggle/input/datasets/maryemmahmood/glyph2025/Glyph2025/d37/d37_114.png,D37,False,-1,-1,18
/kaggle/input/datasets/maryemmahmood/glyph2025/Glyph2025/m17/m17_370.png,M17,False,-1,-1,73
/kaggle/input/datasets/maryemmahmood/glyph2025/Glyph2025/n35/230321_n35.png,N35,True,23,321,94
/kaggle/input/datasets/maryemmahmood/glyph2025/Glyph2025/y1/y1_61.jpg,Y1,False,-1,-1,163
/kaggle/input/datasets/maryemmahmood/glyph2025/Glyph2025/z1b/z1b_1.png,Z1B,False,-1,-1,170
/kaggle/input/datasets/maryemmahmood/glyph2025/Glyph2025/aa15/aa15_31.png,AA15,False,-1,-1,10
/kaggle/input/datasets/maryemmahmood/glyph2025/Glyph2025/f1/f1_7.png,F1,False,-1,-1,37
/kaggle/input/datasets/maryemmahmood/glyph2025/Glyph2025/g1/090035_g1.png,G1,True,9,35,49
/kaggle/input/datasets/maryemmahmood/glyph2025/Glyph2025/m17/m17_456.png,M17,False,-1,-1,73
/kaggle/input/datasets/maryemmahmood/glyph2025/Glyph2025/x1/210067_x1.png,X1,True,21,67,160
/kaggle/input/datasets/maryemmahmood/glyph2025/Glyph2025/d4/d4_168.png,D4,False,-1,-1,20
/kaggle/input/datasets/maryemmahmood/glyph2025/Glyph2025/m17/m17_338.png,M17,False,-1,-1,73
/kaggle/input/datasets/maryemmahmood/glyph2025/Glyph2025/g17/200159_g17.png,G17,True,20,159,51
/kaggle/input/datasets/maryemmahmood/glyph2025/Glyph2025/i9/i9_320.png,I9,False,-1,-1,68
/kaggle/input/datasets/maryemmahmood/glyph2025/Glyph2025/f35/f35_77.png,F35,False,-1,-1,46
/kaggle/input/datasets/maryemmahmood/glyph2025/Glyph2025/n35/n35_144.png,N35,False,-1,-1,94
/kaggle/input/datasets/maryemmahmood/glyph2025/Glyph2025/e34/e34_33.jpg,E34,False,-1,-1,34
/kaggle/input/datasets/maryemmahmood/glyph2025/Glyph2025/g25/230034_g25.png,G25,True,23,34,52
/kaggle/input/datasets/maryemmahmood/glyph2025/Glyph2025/x1/x1_320.png,X1,False,-1,-1,160
/kaggle/input/datasets/maryemmahmood/glyph2025/Glyph2025/y1/y1_14.png,Y1,False,-1,-1,163
/kaggle/input/datasets/maryemmahmood/glyph2025/Glyph2025/g43/g43_141.png,G43,False,-1,-1,60
/kaggle/input/datasets/maryemmahmood/glyph2025/Glyph2025/d28/d28_81.png,D28,False,-1,-1,15
/kaggle/input/datasets/maryemmahmood/glyph2025/Glyph2025/d28/d28_79.png,D28,False,-1,-1,15
/kaggle/input/datasets/maryemmahmood/glyph2025/Glyph2025/x1/230340_x1.png,X1,True,23,340,160
/kaggle/input/datasets/maryemmahmood/glyph2025/Glyph2025/d55/d55_58.png,D55,False,-1,-1,26
/kaggle/input/datasets/maryemmahmood/glyph2025/Glyph2025/m23/m23_34.jpg,M23,False,-1,-1,78
/kaggle/input/datasets/maryemmahmood/glyph2025/Glyph2025/o1/o1_29.jpg,O1,False,-1,-1,100
/kaggle/input/datasets/maryemmahmood/glyph2025/Glyph2025/i15/i15_1.png,I15,False,-1,-1,67
/kaggle/input/datasets/maryemmahmood/glyph2025/Glyph2025/g43/g43_54.png,G43,False,-1,-1,60
/kaggle/input/datasets/maryemmahmood/glyph2025/Glyph2025/m16/m16_8.jpg,M16,False,-1,-1,72
/kaggle/input/datasets/maryemmahmood/glyph2025/Glyph2025/b1/b1_2.png,B1,False,-1,-1,11
/kaggle/input/datasets/maryemmahmood/glyph2025/Glyph2025/n33/n33_90.png,N33,False,-1,-1,92
/kaggle/input/datasets/maryemmahmood/glyph2025/Glyph2025/d4/d4_116.jpg,D4,False,-1,-1,20
/kaggle/input/datasets/maryemmahmood/glyph2025/Glyph2025/o34/o34_12.png,O34,False,-1,-1,103
/kaggle/input/datasets/maryemmahmood/glyph2025/Glyph2025/d58/d58_114.jpg,D58,False,-1,-1,28
/kaggle/input/datasets/maryemmahmood/glyph2025/Glyph2025/d21/230275_d21.png,D21,True,23,275,14
/kaggle/input/datasets/maryemmahmood/glyph2025/Glyph2025/v10/v10_5.jpg,V10,False,-1,-1,139
/kaggle/input/datasets/maryemmahmood/glyph2025/Glyph2025/i9/i9_214.png,I9,False,-1,-1,68
/kaggle/input/datasets/maryemmahmood/glyph2025/Glyph2025/g17/g17_49.jpg,G17,False,-1,-1,51
/kaggle/input/datasets/maryemmahmood/glyph2025/Glyph2025/z1/z1_5.png,Z1,False,-1,-1,168
/kaggle/input/datasets/maryemmahmood/glyph2025/Glyph2025/n35/410124_n35.png,N35,True,41,124,94
/kaggle/input/datasets/maryemmahmood/glyph2025/Glyph2025/d21/d21_301.png,D21,False,-1,-1,14
/kaggle/input/datasets/maryemmahmood/glyph2025/Glyph2025/f1/f1_44.png,F1,False,-1,-1,37
/kaggle/input/datasets/maryemmahmood/glyph2025/Glyph2025/n14/n14_6.png,N14,False,-1,-1,84
/kaggle/input/datasets/maryemmahmood/glyph2025/Glyph2025/b1/b1_4.jpg,B1,False,-1,-1,11
/kaggle/input/datasets/maryemmahmood/glyph2025/Glyph2025/m17/m17_397.png,M17,False,-1,-1,73
/kaggle/input/datasets/maryemmahmood/glyph2025/Glyph2025/e34/e34_23.png,E34,False,-1,-1,34
/kaggle/input/datasets/maryemmahmood/glyph2025/Glyph2025/v30/v30_62.png,V30,False,-1,-1,144
/kaggle/input/datasets/maryemmahmood/glyph2025/Glyph2025/x8/x8_6.png,X8,False,-1,-1,162
/kaggle/input/datasets/maryemmahmood/glyph2025/Glyph2025/m12/m12_10.png,M12,False,-1,-1,71
/kaggle/input/datasets/maryemmahmood/glyph2025/Glyph2025/m17/030016_m17.png,M17,True,3,16,73
/kaggle/input/datasets/maryemmahmood/glyph2025/Glyph2025/m17/m17_319.png,M17,False,-1,-1,73
/kaggle/input/datasets/maryemmahmood/glyph2025/Glyph2025/v28/v28_36.png,V28,False,-1,-1,142
/kaggle/input/datasets/maryemmahmood/glyph2025/Glyph2025/n42/n42_9.jpg,N42,False,-1,-1,97
/kaggle/input/datasets/maryemmahmood/glyph2025/Glyph2025/f35/f35_61.png,F35,False,-1,-1,46
/kaggle/input/datasets/maryemmahmood/glyph2025/Glyph2025/y5/y5_18.jpg,Y5,False,-1,-1,167
/kaggle/input/datasets/maryemmahmood/glyph2025/Glyph2025/g1/200156_g1.png,G1,True,20,156,49
/kaggle/input/datasets/maryemmahmood/glyph2025/Glyph2025/m17/m17_274.png,M17,False,-1,-1,73
/kaggle/input/datasets/maryemmahmood/glyph2025/Glyph2025/s29/s29_42.jpg,S29,False,-1,-1,124
/kaggle/input/datasets/maryemmahmood/glyph2025/Glyph2025/m17/m17_314.png,M17,False,-1,-1,73
/kaggle/input/datasets/maryemmahmood/glyph2025/Glyph2025/g43/g43_142.png,G43,False,-1,-1,60
/kaggle/input/datasets/maryemmahmood/glyph2025/Glyph2025/d4/d4_215.png,D4,False,-1,-1,20
/kaggle/input/datasets/maryemmahmood/glyph2025/Glyph2025/g17/g17_129.jpg,G17,False,-1,-1,51
/kaggle/input/datasets/maryemmahmood/glyph2025/Glyph2025/aa15/aa15_63.png,AA15,False,-1,-1,10
/kaggle/input/datasets/maryemmahmood/glyph2025/Glyph2025/f12/f12_16.jpg,F12,False,-1,-1,38
/kaggle/input/datasets/maryemmahmood/glyph2025/Glyph2025/n35/n35_523.png,N35,False,-1,-1,94
/kaggle/input/datasets/maryemmahmood/glyph2025/Glyph2025/a30/a30_2.png,A30,False,-1,-1,5
/kaggle/input/datasets/maryemmahmood/glyph2025/Glyph2025/r11/r11_1.png,R11,False,-1,-1,114
/kaggle/input/datasets/maryemmahmood/glyph2025/Glyph2025/v31/v31_27.jpg,V31,False,-1,-1,145
/kaggle/input/datasets/maryemmahmood/glyph2025/Glyph2025/y1/y1_91.png,Y1,False,-1,-1,163
/kaggle/input/datasets/maryemmahmood/glyph2025/Glyph2025/aa15/aa15_64.png,AA15,False,-1,-1,10
/kaggle/input/datasets/maryemmahmood/glyph2025/Glyph2025/d21/030107_d21.png,D21,True,3,107,14
/kaggle/input/datasets/maryemmahmood/glyph2025/Glyph2025/n31/n31_3.png,N31,False,-1,-1,91
/kaggle/input/datasets/maryemmahmood/glyph2025/Glyph2025/n35/n35_175.png,N35,False,-1,-1,94
/kaggle/input/datasets/maryemmahmood/glyph2025/Glyph2025/d2/d2_89.png,D2,False,-1,-1,13
/kaggle/input/datasets/maryemmahmood/glyph2025/Glyph2025/v13/v13_75.jpg,V13,False,-1,-1,140
/kaggle/input/datasets/maryemmahmood/glyph2025/Glyph2025/u1/u1_23.png,U1,False,-1,-1,132
/kaggle/input/datasets/maryemmahmood/glyph2025/Glyph2025/a2/a2_9.jpg,A2,False,-1,-1,3
/kaggle/input/datasets/maryemmahmood/glyph2025/Glyph2025/i9/i9_138.jpg,I9,False,-1,-1,68
/kaggle/input/datasets/maryemmahmood/glyph2025/Glyph2025/x1/x1_24.png,X1,False,-1,-1,160
/kaggle/input/datasets/maryemmahmood/glyph2025/Glyph2025/a1/a1_151.jpg,A1,False,-1,-1,0
/kaggle/input/datasets/maryemmahmood/glyph2025/Glyph2025/f31/f31_35.png,F31,False,-1,-1,43
/kaggle/input/datasets/maryemmahmood/glyph2025/Glyph2025/x1/x1_431.png,X1,False,-1,-1,160
/kaggle/input/datasets/maryemmahmood/glyph2025/Glyph2025/v31/v31_89.png,V31,False,-1,-1,145
/kaggle/input/datasets/maryemmahmood/glyph2025/Glyph2025/d55/d55_57.png,D55,False,-1,-1,26
/kaggle/input/datasets/maryemmahmood/glyph2025/Glyph2025/s21/s21_34.png,S21,False,-1,-1,120
/kaggle/input/datasets/maryemmahmood/glyph2025/Glyph2025/n35/n35_285.png,N35,False,-1,-1,94
/kaggle/input/datasets/maryemmahmood/glyph2025/Glyph2025/n35/200113_n35.png,N35,True,20,113,94
/kaggle/input/datasets/maryemmahmood/glyph2025/Glyph2025/m17/220022_m17.png,M17,True,22,22,73
/kaggle/input/datasets/maryemmahmood/glyph2025/Glyph2025/d46/d46_58.png,D46,False,-1,-1,23
/kaggle/input/datasets/maryemmahmood/glyph2025/Glyph2025/w18/030095_w18.png,W18,True,3,95,153
/kaggle/input/datasets/maryemmahmood/glyph2025/Glyph2025/o4/o4_37.png,O4,False,-1,-1,104
/kaggle/input/datasets/maryemmahmood/glyph2025/Glyph2025/x1/x1_251.png,X1,False,-1,-1,160
/kaggle/input/datasets/maryemmahmood/glyph2025/Glyph2025/n35/n35_205.png,N35,False,-1,-1,94
/kaggle/input/datasets/maryemmahmood/glyph2025/Glyph2025/g17/g17_74.jpg,G17,False,-1,-1,51
/kaggle/input/datasets/maryemmahmood/glyph2025/Glyph2025/y4/y4_2.png,Y4,False,-1,-1,166
/kaggle/input/datasets/maryemmahmood/glyph2025/Glyph2025/x1/210018_x1.png,X1,True,21,18,160
/kaggle/input/datasets/maryemmahmood/glyph2025/Glyph2025/d58/d58_83.png,D58,False,-1,-1,28
/kaggle/input/datasets/maryemmahmood/glyph2025/Glyph2025/i9/i9_47.png,I9,False,-1,-1,68
/kaggle/input/datasets/maryemmahmood/glyph2025/Glyph2025/m17/m17_86.png,M17,False,-1,-1,73
/kaggle/input/datasets/maryemmahmood/glyph2025/Glyph2025/m23/m23_90.png,M23,False,-1,-1,78
/kaggle/input/datasets/maryemmahmood/glyph2025/Glyph2025/o49/o49_52.png,O49,False,-1,-1,105
/kaggle/input/datasets/maryemmahmood/glyph2025/Glyph2025/g35/050385_g35.png,G35,True,5,385,53
/kaggle/input/datasets/maryemmahmood/glyph2025/Glyph2025/v13/v13_56.png,V13,False,-1,-1,140
/kaggle/input/datasets/maryemmahmood/glyph2025/Glyph2025/r8/r8_60.png,R8,False,-1,-1,118
/kaggle/input/datasets/maryemmahmood/glyph2025/Glyph2025/n35/n35_52.png,N35,False,-1,-1,94
/kaggle/input/datasets/maryemmahmood/glyph2025/Glyph2025/f1/f1_22.png,F1,False,-1,-1,37
/kaggle/input/datasets/maryemmahmood/glyph2025/Glyph2025/y2/230203_y2.png,Y2,True,23,203,164
/kaggle/input/datasets/maryemmahmood/glyph2025/Glyph2025/y5/y5_71.png,Y5,False,-1,-1,167
/kaggle/input/datasets/maryemmahmood/glyph2025/Glyph2025/s34/s34_52.png,S34,False,-1,-1,126
/kaggle/input/datasets/maryemmahmood/glyph2025/Glyph2025/n35/200063_n35.png,N35,True,20,63,94
/kaggle/input/datasets/maryemmahmood/glyph2025/Glyph2025/o6/o6_9.png,O6,False,-1,-1,107
/kaggle/input/datasets/maryemmahmood/glyph2025/Glyph2025/f18/f18_5.jpg,F18,False,-1,-1,40
/kaggle/input/datasets/maryemmahmood/glyph2025/Glyph2025/d37/d37_27.jpg,D37,False,-1,-1,18
/kaggle/input/datasets/maryemmahmood/glyph2025/Glyph2025/y1/y1_119.png,Y1,False,-1,-1,163
/kaggle/input/datasets/maryemmahmood/glyph2025/Glyph2025/d58/d58_25.png,D58,False,-1,-1,28
/kaggle/input/datasets/maryemmahmood/glyph2025/Glyph2025/q1/q1_50.jpg,Q1,False,-1,-1,111
/kaggle/input/datasets/maryemmahmood/glyph2025/Glyph2025/w11/w11_18.jpg,W11,False,-1,-1,149
/kaggle/input/datasets/maryemmahmood/glyph2025/Glyph2025/g43/g43_32.jpg,G43,False,-1,-1,60
/kaggle/input/datasets/maryemmahmood/glyph2025/Glyph2025/o34/090213_o34.png,O34,True,9,213,103
/kaggle/input/datasets/maryemmahmood/glyph2025/Glyph2025/aa13/aa13_9.png,AA13,False,-1,-1,9
/kaggle/input/datasets/maryemmahmood/glyph2025/Glyph2025/i9/210153_i9.png,I9,True,21,153,68
/kaggle/input/datasets/maryemmahmood/glyph2025/Glyph2025/l1/l1_9.png,L1,False,-1,-1,69
/kaggle/input/datasets/maryemmahmood/glyph2025/Glyph2025/i10/i10_10.jpg,I10,False,-1,-1,66
/kaggle/input/datasets/maryemmahmood/glyph2025/Glyph2025/d46/d46_13.png,D46,False,-1,-1,23
/kaggle/input/datasets/maryemmahmood/glyph2025/Glyph2025/d21/d21_108.png,D21,False,-1,-1,14
/kaggle/input/datasets/maryemmahmood/glyph2025/Glyph2025/d35/210054_d35.png,D35,True,21,54,16
/kaggle/input/datasets/maryemmahmood/glyph2025/Glyph2025/d46/220037_d46.png,D46,True,22,37,23
/kaggle/input/datasets/maryemmahmood/glyph2025/Glyph2025/x1/x1_433.png,X1,False,-1,-1,160
/kaggle/input/datasets/maryemmahmood/glyph2025/Glyph2025/v31/v31_67.png,V31,False,-1,-1,145
/kaggle/input/datasets/maryemmahmood/glyph2025/Glyph2025/m22/m22_5.png,M22,False,-1,-1,77
/kaggle/input/datasets/maryemmahmood/glyph2025/Glyph2025/n33/n33_115.png,N33,False,-1,-1,92
/kaggle/input/datasets/maryemmahmood/glyph2025/Glyph2025/s34/s34_129.jpg,S34,False,-1,-1,126
/kaggle/input/datasets/maryemmahmood/glyph2025/Glyph2025/n35/090193_n35.png,N35,True,9,193,94
/kaggle/input/datasets/maryemmahmood/glyph2025/Glyph2025/e34/030404_e34.png,E34,True,3,404,34
/kaggle/input/datasets/maryemmahmood/glyph2025/Glyph2025/d4/090414_d4.png,D4,True,9,414,20
/kaggle/input/datasets/maryemmahmood/glyph2025/Glyph2025/x1/x1_120.png,X1,False,-1,-1,160
/kaggle/input/datasets/maryemmahmood/glyph2025/Glyph2025/n35/090320_n35.png,N35,True,9,320,94
/kaggle/input/datasets/maryemmahmood/glyph2025/Glyph2025/q3/q3_120.png,Q3,False,-1,-1,113
/kaggle/input/datasets/maryemmahmood/glyph2025/Glyph2025/g17/g17_96.jpg,G17,False,-1,-1,51
/kaggle/input/datasets/maryemmahmood/glyph2025/Glyph2025/g43/210122_g43.png,G43,True,21,122,60
/kaggle/input/datasets/maryemmahmood/glyph2025/Glyph2025/d58/d58_8.png,D58,False,-1,-1,28
/kaggle/input/datasets/maryemmahmood/glyph2025/Glyph2025/a42/a42_11.jpg,A42,False,-1,-1,7
/kaggle/input/datasets/maryemmahmood/glyph2025/Glyph2025/w25/200247_w25.png,W25,True,20,247,158
/kaggle/input/datasets/maryemmahmood/glyph2025/Glyph2025/f34/200192_f34.png,F34,True,20,192,45
/kaggle/input/datasets/maryemmahmood/glyph2025/Glyph2025/o4/o4_21.png,O4,False,-1,-1,104
/kaggle/input/datasets/maryemmahmood/glyph2025/Glyph2025/b1/b1_25.jpg,B1,False,-1,-1,11
/kaggle/input/datasets/maryemmahmood/glyph2025/Glyph2025/r4/r4_55.png,R4,False,-1,-1,116
/kaggle/input/datasets/maryemmahmood/glyph2025/Glyph2025/n35/n35_248.png,N35,False,-1,-1,94
/kaggle/input/datasets/maryemmahmood/glyph2025/Glyph2025/m17/m17_290.png,M17,False,-1,-1,73
/kaggle/input/datasets/maryemmahmood/glyph2025/Glyph2025/x1/x1_373.png,X1,False,-1,-1,160
/kaggle/input/datasets/maryemmahmood/glyph2025/Glyph2025/m23/m23_136.png,M23,False,-1,-1,78
/kaggle/input/datasets/maryemmahmood/glyph2025/Glyph2025/z7/z7_1.png,Z7,False,-1,-1,174
/kaggle/input/datasets/maryemmahmood/glyph2025/Glyph2025/e7/e7_1.png,E7,False,-1,-1,35
/kaggle/input/datasets/maryemmahmood/glyph2025/Glyph2025/v13/200002_v13.png,V13,True,20,2,140
/kaggle/input/datasets/maryemmahmood/glyph2025/Glyph2025/g43/200383_g43.png,G43,True,20,383,60
/kaggle/input/datasets/maryemmahmood/glyph2025/Glyph2025/n35/390185_n35.png,N35,True,39,185,94
/kaggle/input/datasets/maryemmahmood/glyph2025/Glyph2025/e9/390047_e9.png,E9,True,39,47,36
/kaggle/input/datasets/maryemmahmood/glyph2025/Glyph2025/b1/b1_17.png,B1,False,-1,-1,11
/kaggle/input/datasets/maryemmahmood/glyph2025/Glyph2025/f1/f1_21.png,F1,False,-1,-1,37
/kaggle/input/datasets/maryemmahmood/glyph2025/Glyph2025/h1/h1_23.png,H1,False,-1,-1,62
/kaggle/input/datasets/maryemmahmood/glyph2025/Glyph2025/g43/g43_42.jpg,G43,False,-1,-1,60
/kaggle/input/datasets/maryemmahmood/glyph2025/Glyph2025/s29/220171_s29.png,S29,True,22,171,124
/kaggle/input/datasets/maryemmahmood/glyph2025/Glyph2025/q3/q3_124.png,Q3,False,-1,-1,113
/kaggle/input/datasets/maryemmahmood/glyph2025/Glyph2025/w24/410206_w24.png,W24,True,41,206,157
/kaggle/input/datasets/maryemmahmood/glyph2025/Glyph2025/g43/g43_21.jpg,G43,False,-1,-1,60
/kaggle/input/datasets/maryemmahmood/glyph2025/Glyph2025/y1/y1_67.png,Y1,False,-1,-1,163
/kaggle/input/datasets/maryemmahmood/glyph2025/Glyph2025/d36/050206_d36.png,D36,True,5,206,17
/kaggle/input/datasets/maryemmahmood/glyph2025/Glyph2025/o50/210003_o50.png,O50,True,21,3,106
/kaggle/input/datasets/maryemmahmood/glyph2025/Glyph2025/n35/410016_n35.png,N35,True,41,16,94
/kaggle/input/datasets/maryemmahmood/glyph2025/Glyph2025/aa13/aa13_12.png,AA13,False,-1,-1,9
/kaggle/input/datasets/maryemmahmood/glyph2025/Glyph2025/y1/y1_103.png,Y1,False,-1,-1,163
/kaggle/input/datasets/maryemmahmood/glyph2025/Glyph2025/r4/r4_8.png,R4,False,-1,-1,116
/kaggle/input/datasets/maryemmahmood/glyph2025/Glyph2025/a1/a1_48.jpg,A1,False,-1,-1,0
/kaggle/input/datasets/maryemmahmood/glyph2025/Glyph2025/x1/x1_402.png,X1,False,-1,-1,160
/kaggle/input/datasets/maryemmahmood/glyph2025/Glyph2025/d58/d58_71.jpg,D58,False,-1,-1,28
/kaggle/input/datasets/maryemmahmood/glyph2025/Glyph2025/s19/s19_6.png,S19,False,-1,-1,119
/kaggle/input/datasets/maryemmahmood/glyph2025/Glyph2025/v31/v31_130.png,V31,False,-1,-1,145
/kaggle/input/datasets/maryemmahmood/glyph2025/Glyph2025/p8/390361_p8.png,P8,True,39,361,110
/kaggle/input/datasets/maryemmahmood/glyph2025/Glyph2025/y5/y5_48.png,Y5,False,-1,-1,167
/kaggle/input/datasets/maryemmahmood/glyph2025/Glyph2025/n35/n35_462.jpg,N35,False,-1,-1,94
/kaggle/input/datasets/maryemmahmood/glyph2025/Glyph2025/u7/200367_u7.png,U7,True,20,367,137
/kaggle/input/datasets/maryemmahmood/glyph2025/Glyph2025/n29/n29_5.png,N29,False,-1,-1,90
/kaggle/input/datasets/maryemmahmood/glyph2025/Glyph2025/n16/n16_4.png,N16,False,-1,-1,85
/kaggle/input/datasets/maryemmahmood/glyph2025/Glyph2025/s27/s27_3.png,S27,False,-1,-1,122
/kaggle/input/datasets/maryemmahmood/glyph2025/Glyph2025/f35/f35_47.png,F35,False,-1,-1,46
/kaggle/input/datasets/maryemmahmood/glyph2025/Glyph2025/o34/o34_41.png,O34,False,-1,-1,103
/kaggle/input/datasets/maryemmahmood/glyph2025/Glyph2025/n35/410044_n35.png,N35,True,41,44,94
/kaggle/input/datasets/maryemmahmood/glyph2025/Glyph2025/z1b/z1b_3.png,Z1B,False,-1,-1,170
/kaggle/input/datasets/maryemmahmood/glyph2025/Glyph2025/f18/230161_f18.png,F18,True,23,161,40
/kaggle/input/datasets/maryemmahmood/glyph2025/Glyph2025/v28/v28_14.png,V28,False,-1,-1,142
/kaggle/input/datasets/maryemmahmood/glyph2025/Glyph2025/d36/d36_103.png,D36,False,-1,-1,17
/kaggle/input/datasets/maryemmahmood/glyph2025/Glyph2025/d55/d55_27.jpg,D55,False,-1,-1,26
/kaggle/input/datasets/maryemmahmood/glyph2025/Glyph2025/f31/f31_56.png,F31,False,-1,-1,43
/kaggle/input/datasets/maryemmahmood/glyph2025/Glyph2025/d21/d21_34.png,D21,False,-1,-1,14
/kaggle/input/datasets/maryemmahmood/glyph2025/Glyph2025/v28/v28_158.png,V28,False,-1,-1,142
/kaggle/input/datasets/maryemmahmood/glyph2025/Glyph2025/n37/n37_4.png,N37,False,-1,-1,96
/kaggle/input/datasets/maryemmahmood/glyph2025/Glyph2025/o1/o1_104.png,O1,False,-1,-1,100
/kaggle/input/datasets/maryemmahmood/glyph2025/Glyph2025/m17/m17_365.png,M17,False,-1,-1,73
/kaggle/input/datasets/maryemmahmood/glyph2025/Glyph2025/x8/x8_116.png,X8,False,-1,-1,162
/kaggle/input/datasets/maryemmahmood/glyph2025/Glyph2025/n35/050093_n35.png,N35,True,5,93,94
/kaggle/input/datasets/maryemmahmood/glyph2025/Glyph2025/s29/s29_17.jpg,S29,False,-1,-1,124
/kaggle/input/datasets/maryemmahmood/glyph2025/Glyph2025/g17/230241_g17.png,G17,True,23,241,51
/kaggle/input/datasets/maryemmahmood/glyph2025/Glyph2025/v30/v30_116.png,V30,False,-1,-1,144
/kaggle/input/datasets/maryemmahmood/glyph2025/Glyph2025/x1/x1_340.png,X1,False,-1,-1,160
/kaggle/input/datasets/maryemmahmood/glyph2025/Glyph2025/h1/h1_22.jpg,H1,False,-1,-1,62
/kaggle/input/datasets/maryemmahmood/glyph2025/Glyph2025/e34/200218_e34.png,E34,True,20,218,34
/kaggle/input/datasets/maryemmahmood/glyph2025/Glyph2025/o1/o1_45.png,O1,False,-1,-1,100
/kaggle/input/datasets/maryemmahmood/glyph2025/Glyph2025/v4/v4_6.jpg,V4,False,-1,-1,146
/kaggle/input/datasets/maryemmahmood/glyph2025/Glyph2025/v30/v30_249.jpg,V30,False,-1,-1,144
/kaggle/input/datasets/maryemmahmood/glyph2025/Glyph2025/x1/090137_x1.png,X1,True,9,137,160
/kaggle/input/datasets/maryemmahmood/glyph2025/Glyph2025/d4/d4_169.png,D4,False,-1,-1,20
/kaggle/input/datasets/maryemmahmood/glyph2025/Glyph2025/w19/w19_35.png,W19,False,-1,-1,154
/kaggle/input/datasets/maryemmahmood/glyph2025/Glyph2025/o49/o49_91.png,O49,False,-1,-1,105
/kaggle/input/datasets/maryemmahmood/glyph2025/Glyph2025/m17/230192_m17.png,M17,True,23,192,73
/kaggle/input/datasets/maryemmahmood/glyph2025/Glyph2025/d55/d55_10.png,D55,False,-1,-1,26
/kaggle/input/datasets/maryemmahmood/glyph2025/Glyph2025/f39/f39_4.png,F39,False,-1,-1,47
/kaggle/input/datasets/maryemmahmood/glyph2025/Glyph2025/v31/v31_112.png,V31,False,-1,-1,145
/kaggle/input/datasets/maryemmahmood/glyph2025/Glyph2025/d21/d21_347.jpg,D21,False,-1,-1,14
/kaggle/input/datasets/maryemmahmood/glyph2025/Glyph2025/d4/d4_55.jpg,D4,False,-1,-1,20
/kaggle/input/datasets/maryemmahmood/glyph2025/Glyph2025/g43/g43_161.png,G43,False,-1,-1,60
/kaggle/input/datasets/maryemmahmood/glyph2025/Glyph2025/i9/i9_174.png,I9,False,-1,-1,68
/kaggle/input/datasets/maryemmahmood/glyph2025/Glyph2025/m17/m17_124.jpg,M17,False,-1,-1,73
/kaggle/input/datasets/maryemmahmood/glyph2025/Glyph2025/v28/410122_v28.png,V28,True,41,122,142
/kaggle/input/datasets/maryemmahmood/glyph2025/Glyph2025/m17/m17_57.jpg,M17,False,-1,-1,73
/kaggle/input/datasets/maryemmahmood/glyph2025/Glyph2025/n1/n1_7.png,N1,False,-1,-1,83
/kaggle/input/datasets/maryemmahmood/glyph2025/Glyph2025/d4/050060_d4.png,D4,True,5,60,20
/kaggle/input/datasets/maryemmahmood/glyph2025/Glyph2025/g17/g17_130.jpg,G17,False,-1,-1,51
/kaggle/input/datasets/maryemmahmood/glyph2025/Glyph2025/d21/d21_352.png,D21,False,-1,-1,14
/kaggle/input/datasets/maryemmahmood/glyph2025/Glyph2025/i9/i9_109.png,I9,False,-1,-1,68
/kaggle/input/datasets/maryemmahmood/glyph2025/Glyph2025/n1/n1_74.png,N1,False,-1,-1,83
/kaggle/input/datasets/maryemmahmood/glyph2025/Glyph2025/v13/410169_v13.png,V13,True,41,169,140
/kaggle/input/datasets/maryemmahmood/glyph2025/Glyph2025/v31/v31_81.png,V31,False,-1,-1,145
/kaggle/input/datasets/maryemmahmood/glyph2025/Glyph2025/g43/g43_174.jpg,G43,False,-1,-1,60
/kaggle/input/datasets/maryemmahmood/glyph2025/Glyph2025/m29/220044_m29.png,M29,True,22,44,79
/kaggle/input/datasets/maryemmahmood/glyph2025/Glyph2025/i9/i9_168.png,I9,False,-1,-1,68
/kaggle/input/datasets/maryemmahmood/glyph2025/Glyph2025/a1/a1_117.png,A1,False,-1,-1,0
/kaggle/input/datasets/maryemmahmood/glyph2025/Glyph2025/m17/050129_m17.png,M17,True,5,129,73
/kaggle/input/datasets/maryemmahmood/glyph2025/Glyph2025/d46/220017_d46.png,D46,True,22,17,23
/kaggle/input/datasets/maryemmahmood/glyph2025/Glyph2025/s29/s29_154.png,S29,False,-1,-1,124
/kaggle/input/datasets/maryemmahmood/glyph2025/Glyph2025/m17/410041_m17.png,M17,True,41,41,73
/kaggle/input/datasets/maryemmahmood/glyph2025/Glyph2025/d37/d37_15.png,D37,False,-1,-1,18
/kaggle/input/datasets/maryemmahmood/glyph2025/Glyph2025/n36/n36_20.png,N36,False,-1,-1,95
/kaggle/input/datasets/maryemmahmood/glyph2025/Glyph2025/g5/220330_g5.png,G5,True,22,330,61
/kaggle/input/datasets/maryemmahmood/glyph2025/Glyph2025/n35/n35_181.png,N35,False,-1,-1,94
/kaggle/input/datasets/maryemmahmood/glyph2025/Glyph2025/n35/090066_n35.png,N35,True,9,66,94
/kaggle/input/datasets/maryemmahmood/glyph2025/Glyph2025/n33/n33_132.png,N33,False,-1,-1,92
/kaggle/input/datasets/maryemmahmood/glyph2025/Glyph2025/y2/y2_6.jpg,Y2,False,-1,-1,164
/kaggle/input/datasets/maryemmahmood/glyph2025/Glyph2025/s29/410150_s29.png,S29,True,41,150,124
/kaggle/input/datasets/maryemmahmood/glyph2025/Glyph2025/s29/090358_s29.png,S29,True,9,358,124
/kaggle/input/datasets/maryemmahmood/glyph2025/Glyph2025/v13/230334_v13.png,V13,True,23,334,140
/kaggle/input/datasets/maryemmahmood/glyph2025/Glyph2025/d36/d36_111.png,D36,False,-1,-1,17
/kaggle/input/datasets/maryemmahmood/glyph2025/Glyph2025/s29/s29_200.png,S29,False,-1,-1,124
/kaggle/input/datasets/maryemmahmood/glyph2025/Glyph2025/s29/s29_119.png,S29,False,-1,-1,124
/kaggle/input/datasets/maryemmahmood/glyph2025/Glyph2025/x1/x1_331.png,X1,False,-1,-1,160
/kaggle/input/datasets/maryemmahmood/glyph2025/Glyph2025/v28/v28_31.jpg,V28,False,-1,-1,142
/kaggle/input/datasets/maryemmahmood/glyph2025/Glyph2025/n1/n1_36.png,N1,False,-1,-1,83
/kaggle/input/datasets/maryemmahmood/glyph2025/Glyph2025/v31/090365_v31.png,V31,True,9,365,145
/kaggle/input/datasets/maryemmahmood/glyph2025/Glyph2025/y2/y2_16.png,Y2,False,-1,-1,164
/kaggle/input/datasets/maryemmahmood/glyph2025/Glyph2025/u6/u6_20.jpg,U6,False,-1,-1,136
/kaggle/input/datasets/maryemmahmood/glyph2025/Glyph2025/g43/030304_g43.png,G43,True,3,304,60
/kaggle/input/datasets/maryemmahmood/glyph2025/Glyph2025/n1/n1_27.jpg,N1,False,-1,-1,83
/kaggle/input/datasets/maryemmahmood/glyph2025/Glyph2025/y1/y1_121.png,Y1,False,-1,-1,163
/kaggle/input/datasets/maryemmahmood/glyph2025/Glyph2025/m20/m20_8.jpg,M20,False,-1,-1,76
/kaggle/input/datasets/maryemmahmood/glyph2025/Glyph2025/b1/b1_37.png,B1,False,-1,-1,11
/kaggle/input/datasets/maryemmahmood/glyph2025/Glyph2025/z1/390333_z1.png,Z1,True,39,333,168
/kaggle/input/datasets/maryemmahmood/glyph2025/Glyph2025/x1/050151_x1.png,X1,True,5,151,160
/kaggle/input/datasets/maryemmahmood/glyph2025/Glyph2025/v28/v28_82.png,V28,False,-1,-1,142
/kaggle/input/datasets/maryemmahmood/glyph2025/Glyph2025/r8/410127_r8.png,R8,True,41,127,118
/kaggle/input/datasets/maryemmahmood/glyph2025/Glyph2025/r4/r4_54.png,R4,False,-1,-1,116
/kaggle/input/datasets/maryemmahmood/glyph2025/Glyph2025/w22/w22_1.png,W22,False,-1,-1,155
/kaggle/input/datasets/maryemmahmood/glyph2025/Glyph2025/v30/v30_132.png,V30,False,-1,-1,144
/kaggle/input/datasets/maryemmahmood/glyph2025/Glyph2025/aa15/aa15_40.png,AA15,False,-1,-1,10
/kaggle/input/datasets/maryemmahmood/glyph2025/Glyph2025/v30/v30_258.png,V30,False,-1,-1,144
/kaggle/input/datasets/maryemmahmood/glyph2025/Glyph2025/d21/d21_70.jpg,D21,False,-1,-1,14
/kaggle/input/datasets/maryemmahmood/glyph2025/Glyph2025/q3/q3_81.png,Q3,False,-1,-1,113
/kaggle/input/datasets/maryemmahmood/glyph2025/Glyph2025/x1/220295_x1.png,X1,True,22,295,160
/kaggle/input/datasets/maryemmahmood/glyph2025/Glyph2025/w18/w18_10.png,W18,False,-1,-1,153
/kaggle/input/datasets/maryemmahmood/glyph2025/Glyph2025/u15/u15_1.jpg,U15,False,-1,-1,133
/kaggle/input/datasets/maryemmahmood/glyph2025/Glyph2025/a42/a42_1.png,A42,False,-1,-1,7
/kaggle/input/datasets/maryemmahmood/glyph2025/Glyph2025/m17/m17_77.png,M17,False,-1,-1,73
/kaggle/input/datasets/maryemmahmood/glyph2025/Glyph2025/z11/z11_26.png,Z11,False,-1,-1,169
/kaggle/input/datasets/maryemmahmood/glyph2025/Glyph2025/x1/200249_x1.png,X1,True,20,249,160
/kaggle/input/datasets/maryemmahmood/glyph2025/Glyph2025/d21/050021_d21.png,D21,True,5,21,14
/kaggle/input/datasets/maryemmahmood/glyph2025/Glyph2025/z1/z1_36.png,Z1,False,-1,-1,168
/kaggle/input/datasets/maryemmahmood/glyph2025/Glyph2025/w18/w18_4.jpg,W18,False,-1,-1,153
/kaggle/input/datasets/maryemmahmood/glyph2025/Glyph2025/d21/d21_106.jpg,D21,False,-1,-1,14
/kaggle/input/datasets/maryemmahmood/glyph2025/Glyph2025/n33/n33_161.jpg,N33,False,-1,-1,92
/kaggle/input/datasets/maryemmahmood/glyph2025/Glyph2025/a40/a40_45.png,A40,False,-1,-1,6
/kaggle/input/datasets/maryemmahmood/glyph2025/Glyph2025/g43/230018_g43.png,G43,True,23,18,60
/kaggle/input/datasets/maryemmahmood/glyph2025/Glyph2025/e34/220040_e34.png,E34,True,22,40,34
/kaggle/input/datasets/maryemmahmood/glyph2025/Glyph2025/g43/g43_1.jpg,G43,False,-1,-1,60
/kaggle/input/datasets/maryemmahmood/glyph2025/Glyph2025/n35/n35_100.png,N35,False,-1,-1,94
/kaggle/input/datasets/maryemmahmood/glyph2025/Glyph2025/d2/d2_7.jpg,D2,False,-1,-1,13
/kaggle/input/datasets/maryemmahmood/glyph2025/Glyph2025/i9/i9_137.png,I9,False,-1,-1,68
/kaggle/input/datasets/maryemmahmood/glyph2025/Glyph2025/w11/050097_w11.png,W11,True,5,97,149
/kaggle/input/datasets/maryemmahmood/glyph2025/Glyph2025/n35/n35_306.png,N35,False,-1,-1,94
/kaggle/input/datasets/maryemmahmood/glyph2025/Glyph2025/z1/z1_15.png,Z1,False,-1,-1,168
/kaggle/input/datasets/maryemmahmood/glyph2025/Glyph2025/g17/g17_106.png,G17,False,-1,-1,51
/kaggle/input/datasets/maryemmahmood/glyph2025/Glyph2025/n35/n35_374.png,N35,False,-1,-1,94
/kaggle/input/datasets/maryemmahmood/glyph2025/Glyph2025/s21/s21_22.png,S21,False,-1,-1,120
/kaggle/input/datasets/maryemmahmood/glyph2025/Glyph2025/b1/b1_6.jpg,B1,False,-1,-1,11
/kaggle/input/datasets/maryemmahmood/glyph2025/Glyph2025/q1/390005_q1.png,Q1,True,39,5,111
/kaggle/input/datasets/maryemmahmood/glyph2025/Glyph2025/s29/210009_s29.png,S29,True,21,9,124
/kaggle/input/datasets/maryemmahmood/glyph2025/Glyph2025/d2/d2_42.png,D2,False,-1,-1,13
/kaggle/input/datasets/maryemmahmood/glyph2025/Glyph2025/d35/230242_d35.png,D35,True,23,242,16
/kaggle/input/datasets/maryemmahmood/glyph2025/Glyph2025/n37/230408_n37.png,N37,True,23,408,96
/kaggle/input/datasets/maryemmahmood/glyph2025/Glyph2025/n35/230420_n35.png,N35,True,23,420,94
/kaggle/input/datasets/maryemmahmood/glyph2025/Glyph2025/a40/a40_9.jpg,A40,False,-1,-1,6
/kaggle/input/datasets/maryemmahmood/glyph2025/Glyph2025/v13/230379_v13.png,V13,True,23,379,140
/kaggle/input/datasets/maryemmahmood/glyph2025/Glyph2025/r8/r8_114.png,R8,False,-1,-1,118
/kaggle/input/datasets/maryemmahmood/glyph2025/Glyph2025/d2/d2_60.png,D2,False,-1,-1,13
/kaggle/input/datasets/maryemmahmood/glyph2025/Glyph2025/d21/d21_91.png,D21,False,-1,-1,14
/kaggle/input/datasets/maryemmahmood/glyph2025/Glyph2025/s40/s40_3.png,S40,False,-1,-1,128
/kaggle/input/datasets/maryemmahmood/glyph2025/Glyph2025/s29/s29_135.png,S29,False,-1,-1,124
/kaggle/input/datasets/maryemmahmood/glyph2025/Glyph2025/m16/m16_22.png,M16,False,-1,-1,72
/kaggle/input/datasets/maryemmahmood/glyph2025/Glyph2025/r4/r4_139.png,R4,False,-1,-1,116
/kaggle/input/datasets/maryemmahmood/glyph2025/Glyph2025/n25/n25_23.png,N25,False,-1,-1,88
/kaggle/input/datasets/maryemmahmood/glyph2025/Glyph2025/d21/d21_72.png,D21,False,-1,-1,14
/kaggle/input/datasets/maryemmahmood/glyph2025/Glyph2025/x1/200006_x1.png,X1,True,20,6,160
/kaggle/input/datasets/maryemmahmood/glyph2025/Glyph2025/v28/v28_83.png,V28,False,-1,-1,142
/kaggle/input/datasets/maryemmahmood/glyph2025/Glyph2025/o29/o29_7.jpg,O29,False,-1,-1,101
/kaggle/input/datasets/maryemmahmood/glyph2025/Glyph2025/d36/030151_d36.png,D36,True,3,151,17
/kaggle/input/datasets/maryemmahmood/glyph2025/Glyph2025/d21/d21_190.png,D21,False,-1,-1,14
/kaggle/input/datasets/maryemmahmood/glyph2025/Glyph2025/d21/d21_11.png,D21,False,-1,-1,14
/kaggle/input/datasets/maryemmahmood/glyph2025/Glyph2025/m17/030457_m17.png,M17,True,3,457,73
/kaggle/input/datasets/maryemmahmood/glyph2025/Glyph2025/q3/q3_17.png,Q3,False,-1,-1,113
/kaggle/input/datasets/maryemmahmood/glyph2025/Glyph2025/d2/d2_86.png,D2,False,-1,-1,13
/kaggle/input/datasets/maryemmahmood/glyph2025/Glyph2025/n35/n35_383.png,N35,False,-1,-1,94
/kaggle/input/datasets/maryemmahmood/glyph2025/Glyph2025/d37/d37_36.jpg,D37,False,-1,-1,18
/kaggle/input/datasets/maryemmahmood/glyph2025/Glyph2025/s29/s29_203.jpg,S29,False,-1,-1,124
/kaggle/input/datasets/maryemmahmood/glyph2025/Glyph2025/f31/090076_f31.png,F31,True,9,76,43
/kaggle/input/datasets/maryemmahmood/glyph2025/Glyph2025/x1/230268_x1.png,X1,True,23,268,160
/kaggle/input/datasets/maryemmahmood/glyph2025/Glyph2025/n26/n26_10.png,N26,False,-1,-1,89
/kaggle/input/datasets/maryemmahmood/glyph2025/Glyph2025/n35/n35_480.png,N35,False,-1,-1,94
/kaggle/input/datasets/maryemmahmood/glyph2025/Glyph2025/n35/n35_5.png,N35,False,-1,-1,94
/kaggle/input/datasets/maryemmahmood/glyph2025/Glyph2025/n35/230023_n35.png,N35,True,23,23,94
/kaggle/input/datasets/maryemmahmood/glyph2025/Glyph2025/d21/d21_134.png,D21,False,-1,-1,14
/kaggle/input/datasets/maryemmahmood/glyph2025/Glyph2025/z4/z4_1.jpg,Z4,False,-1,-1,173
/kaggle/input/datasets/maryemmahmood/glyph2025/Glyph2025/d4/d4_96.jpg,D4,False,-1,-1,20
/kaggle/input/datasets/maryemmahmood/glyph2025/Glyph2025/y5/y5_43.png,Y5,False,-1,-1,167
/kaggle/input/datasets/maryemmahmood/glyph2025/Glyph2025/s34/s34_68.png,S34,False,-1,-1,126
/kaggle/input/datasets/maryemmahmood/glyph2025/Glyph2025/d4/d4_101.png,D4,False,-1,-1,20
/kaggle/input/datasets/maryemmahmood/glyph2025/Glyph2025/o50/230267_o50.png,O50,True,23,267,106
/kaggle/input/datasets/maryemmahmood/glyph2025/Glyph2025/m12/m12_6.png,M12,False,-1,-1,71
/kaggle/input/datasets/maryemmahmood/glyph2025/Glyph2025/d35/090329_d35.png,D35,True,9,329,16
/kaggle/input/datasets/maryemmahmood/glyph2025/Glyph2025/x1/x1_339.jpg,X1,False,-1,-1,160
/kaggle/input/datasets/maryemmahmood/glyph2025/Glyph2025/t28/t28_3.png,T28,False,-1,-1,131
/kaggle/input/datasets/maryemmahmood/glyph2025/Glyph2025/q3/050085_q3.png,Q3,True,5,85,113
/kaggle/input/datasets/maryemmahmood/glyph2025/Glyph2025/o49/o49_59.png,O49,False,-1,-1,105
/kaggle/input/datasets/maryemmahmood/glyph2025/Glyph2025/m17/410401_m17.png,M17,True,41,401,73
/kaggle/input/datasets/maryemmahmood/glyph2025/Glyph2025/i1/i1_10.png,I1,False,-1,-1,65
/kaggle/input/datasets/maryemmahmood/glyph2025/Glyph2025/d2/d2_3.png,D2,False,-1,-1,13
/kaggle/input/datasets/maryemmahmood/glyph2025/Glyph2025/g14/g14_16.png,G14,False,-1,-1,50
/kaggle/input/datasets/maryemmahmood/glyph2025/Glyph2025/o34/o34_8.png,O34,False,-1,-1,103
/kaggle/input/datasets/maryemmahmood/glyph2025/Glyph2025/i9/i9_187.png,I9,False,-1,-1,68
/kaggle/input/datasets/maryemmahmood/glyph2025/Glyph2025/d46/220125_d46.png,D46,True,22,125,23
/kaggle/input/datasets/maryemmahmood/glyph2025/Glyph2025/i10/050429_i10.png,I10,True,5,429,66
/kaggle/input/datasets/maryemmahmood/glyph2025/Glyph2025/u23/u23_6.png,U23,False,-1,-1,134
/kaggle/input/datasets/maryemmahmood/glyph2025/Glyph2025/x1/x1_298.png,X1,False,-1,-1,160
/kaggle/input/datasets/maryemmahmood/glyph2025/Glyph2025/aa15/aa15_81.png,AA15,False,-1,-1,10
/kaggle/input/datasets/maryemmahmood/glyph2025/Glyph2025/n35/210031_n35.png,N35,True,21,31,94
/kaggle/input/datasets/maryemmahmood/glyph2025/Glyph2025/d58/d58_89.png,D58,False,-1,-1,28
/kaggle/input/datasets/maryemmahmood/glyph2025/Glyph2025/n14/030083_n14.png,N14,True,3,83,84
/kaggle/input/datasets/maryemmahmood/glyph2025/Glyph2025/m12/m12_47.jpg,M12,False,-1,-1,71
/kaggle/input/datasets/maryemmahmood/glyph2025/Glyph2025/d46/410346_d46.png,D46,True,41,346,23
/kaggle/input/datasets/maryemmahmood/glyph2025/Glyph2025/s28/s28_8.jpg,S28,False,-1,-1,123
/kaggle/input/datasets/maryemmahmood/glyph2025/Glyph2025/d4/d4_161.png,D4,False,-1,-1,20
/kaggle/input/datasets/maryemmahmood/glyph2025/Glyph2025/x8/x8_12.png,X8,False,-1,-1,162
/kaggle/input/datasets/maryemmahmood/glyph2025/Glyph2025/d4/d4_190.png,D4,False,-1,-1,20
/kaggle/input/datasets/maryemmahmood/glyph2025/Glyph2025/d1/d1_16.png,D1,False,-1,-1,12
/kaggle/input/datasets/maryemmahmood/glyph2025/Glyph2025/aa15/aa15_72.png,AA15,False,-1,-1,10
/kaggle/input/datasets/maryemmahmood/glyph2025/Glyph2025/d21/210033_d21.png,D21,True,21,33,14
/kaggle/input/datasets/maryemmahmood/glyph2025/Glyph2025/d46/d46_61.png,D46,False,-1,-1,23
/kaggle/input/datasets/maryemmahmood/glyph2025/Glyph2025/n35/n35_379.png,N35,False,-1,-1,94
/kaggle/input/datasets/maryemmahmood/glyph2025/Glyph2025/f26/f26_13.jpg,F26,False,-1,-1,42
/kaggle/input/datasets/maryemmahmood/glyph2025/Glyph2025/q3/q3_21.jpg,Q3,False,-1,-1,113
/kaggle/input/datasets/maryemmahmood/glyph2025/Glyph2025/a1/a1_129.jpg,A1,False,-1,-1,0
/kaggle/input/datasets/maryemmahmood/glyph2025/Glyph2025/x1/x1_249.png,X1,False,-1,-1,160
/kaggle/input/datasets/maryemmahmood/glyph2025/Glyph2025/a30/a30_8.jpg,A30,False,-1,-1,5
/kaggle/input/datasets/maryemmahmood/glyph2025/Glyph2025/v1/v1_10.png,V1,False,-1,-1,138
/kaggle/input/datasets/maryemmahmood/glyph2025/Glyph2025/v28/v28_11.png,V28,False,-1,-1,142
/kaggle/input/datasets/maryemmahmood/glyph2025/Glyph2025/y5/y5_86.png,Y5,False,-1,-1,167
/kaggle/input/datasets/maryemmahmood/glyph2025/Glyph2025/x8/x8_9.png,X8,False,-1,-1,162
/kaggle/input/datasets/maryemmahmood/glyph2025/Glyph2025/q1/q1_86.png,Q1,False,-1,-1,111
/kaggle/input/datasets/maryemmahmood/glyph2025/Glyph2025/n35/390326_n35.png,N35,True,39,326,94
/kaggle/input/datasets/maryemmahmood/glyph2025/Glyph2025/i9/i9_135.png,I9,False,-1,-1,68
/kaggle/input/datasets/maryemmahmood/glyph2025/Glyph2025/d21/030163_d21.png,D21,True,3,163,14
/kaggle/input/datasets/maryemmahmood/glyph2025/Glyph2025/d40/d40_14.jpg,D40,False,-1,-1,21
/kaggle/input/datasets/maryemmahmood/glyph2025/Glyph2025/v13/v13_82.png,V13,False,-1,-1,140
/kaggle/input/datasets/maryemmahmood/glyph2025/Glyph2025/g14/410317_g14.png,G14,True,41,317,50
/kaggle/input/datasets/maryemmahmood/glyph2025/Glyph2025/m18/m18_4.png,M18,False,-1,-1,74
/kaggle/input/datasets/maryemmahmood/glyph2025/Glyph2025/d21/d21_117.png,D21,False,-1,-1,14
/kaggle/input/datasets/maryemmahmood/glyph2025/Glyph2025/m23/m23_68.jpg,M23,False,-1,-1,78
/kaggle/input/datasets/maryemmahmood/glyph2025/Glyph2025/q3/200266_q3.png,Q3,True,20,266,113
/kaggle/input/datasets/maryemmahmood/glyph2025/Glyph2025/e34/090140_e34.png,E34,True,9,140,34
/kaggle/input/datasets/maryemmahmood/glyph2025/Glyph2025/w24/w24_9.jpg,W24,False,-1,-1,157
/kaggle/input/datasets/maryemmahmood/glyph2025/Glyph2025/m3/390278_m3.png,M3,True,39,278,80
/kaggle/input/datasets/maryemmahmood/glyph2025/Glyph2025/d21/d21_129.png,D21,False,-1,-1,14
/kaggle/input/datasets/maryemmahmood/glyph2025/Glyph2025/g17/g17_35.jpg,G17,False,-1,-1,51
/kaggle/input/datasets/maryemmahmood/glyph2025/Glyph2025/r4/r4_37.jpg,R4,False,-1,-1,116
/kaggle/input/datasets/maryemmahmood/glyph2025/Glyph2025/f35/f35_152.png,F35,False,-1,-1,46
/kaggle/input/datasets/maryemmahmood/glyph2025/Glyph2025/o49/o49_40.png,O49,False,-1,-1,105
/kaggle/input/datasets/maryemmahmood/glyph2025/Glyph2025/w11/090385_w11.png,W11,True,9,385,149
/kaggle/input/datasets/maryemmahmood/glyph2025/Glyph2025/n35/210141_n35.png,N35,True,21,141,94
/kaggle/input/datasets/maryemmahmood/glyph2025/Glyph2025/d21/d21_36.png,D21,False,-1,-1,14
/kaggle/input/datasets/maryemmahmood/glyph2025/Glyph2025/g17/050295_g17.png,G17,True,5,295,51
/kaggle/input/datasets/maryemmahmood/glyph2025/Glyph2025/w18/w18_12.png,W18,False,-1,-1,153
/kaggle/input/datasets/maryemmahmood/glyph2025/Glyph2025/d36/d36_161.png,D36,False,-1,-1,17
/kaggle/input/datasets/maryemmahmood/glyph2025/Glyph2025/i9/i9_10.png,I9,False,-1,-1,68
/kaggle/input/datasets/maryemmahmood/glyph2025/Glyph2025/f35/f35_33.png,F35,False,-1,-1,46
/kaggle/input/datasets/maryemmahmood/glyph2025/Glyph2025/m23/m23_22.png,M23,False,-1,-1,78
/kaggle/input/datasets/maryemmahmood/glyph2025/Glyph2025/d21/d21_299.png,D21,False,-1,-1,14
/kaggle/input/datasets/maryemmahmood/glyph2025/Glyph2025/n35/n35_111.png,N35,False,-1,-1,94
/kaggle/input/datasets/maryemmahmood/glyph2025/Glyph2025/n35/410222_n35.png,N35,True,41,222,94
/kaggle/input/datasets/maryemmahmood/glyph2025/Glyph2025/u15/u15_3.jpg,U15,False,-1,-1,133
/kaggle/input/datasets/maryemmahmood/glyph2025/Glyph2025/q1/q1_106.png,Q1,False,-1,-1,111
/kaggle/input/datasets/maryemmahmood/glyph2025/Glyph2025/m23/220271_m23.png,M23,True,22,271,78
/kaggle/input/datasets/maryemmahmood/glyph2025/Glyph2025/y1/y1_111.png,Y1,False,-1,-1,163
/kaggle/input/datasets/maryemmahmood/glyph2025/Glyph2025/m17/210240_m17.png,M17,True,21,240,73
/kaggle/input/datasets/maryemmahmood/glyph2025/Glyph2025/v28/v28_159.png,V28,False,-1,-1,142
/kaggle/input/datasets/maryemmahmood/glyph2025/Glyph2025/n33/n33_152.png,N33,False,-1,-1,92
/kaggle/input/datasets/maryemmahmood/glyph2025/Glyph2025/a2/a2_21.jpg,A2,False,-1,-1,3
/kaggle/input/datasets/maryemmahmood/glyph2025/Glyph2025/q3/q3_117.png,Q3,False,-1,-1,113
/kaggle/input/datasets/maryemmahmood/glyph2025/Glyph2025/s38/s38_7.jpg,S38,False,-1,-1,127
/kaggle/input/datasets/maryemmahmood/glyph2025/Glyph2025/x1/x1_284.png,X1,False,-1,-1,160
/kaggle/input/datasets/maryemmahmood/glyph2025/Glyph2025/n33/n33_72.jpg,N33,False,-1,-1,92
/kaggle/input/datasets/maryemmahmood/glyph2025/Glyph2025/d4/030109_d4.png,D4,True,3,109,20
/kaggle/input/datasets/maryemmahmood/glyph2025/Glyph2025/r8/050238_r8.png,R8,True,5,238,118
/kaggle/input/datasets/maryemmahmood/glyph2025/Glyph2025/v28/v28_42.png,V28,False,-1,-1,142
/kaggle/input/datasets/maryemmahmood/glyph2025/Glyph2025/d2/050174_d2.png,D2,True,5,174,13
/kaggle/input/datasets/maryemmahmood/glyph2025/Glyph2025/g43/g43_67.jpg,G43,False,-1,-1,60
/kaggle/input/datasets/maryemmahmood/glyph2025/Glyph2025/d37/d37_88.png,D37,False,-1,-1,18
/kaggle/input/datasets/maryemmahmood/glyph2025/Glyph2025/d46/d46_1.png,D46,False,-1,-1,23
/kaggle/input/datasets/maryemmahmood/glyph2025/Glyph2025/f1/f1_61.png,F1,False,-1,-1,37
/kaggle/input/datasets/maryemmahmood/glyph2025/Glyph2025/z11/z11_25.png,Z11,False,-1,-1,169
/kaggle/input/datasets/maryemmahmood/glyph2025/Glyph2025/v30/v30_79.png,V30,False,-1,-1,144
/kaggle/input/datasets/maryemmahmood/glyph2025/Glyph2025/s29/050160_s29.png,S29,True,5,160,124
/kaggle/input/datasets/maryemmahmood/glyph2025/Glyph2025/d36/d36_84.png,D36,False,-1,-1,17
/kaggle/input/datasets/maryemmahmood/glyph2025/Glyph2025/m17/m17_259.png,M17,False,-1,-1,73
/kaggle/input/datasets/maryemmahmood/glyph2025/Glyph2025/s29/s29_164.png,S29,False,-1,-1,124
/kaggle/input/datasets/maryemmahmood/glyph2025/Glyph2025/m17/200121_m17.png,M17,True,20,121,73
/kaggle/input/datasets/maryemmahmood/glyph2025/Glyph2025/x1/x1_175.png,X1,False,-1,-1,160
/kaggle/input/datasets/maryemmahmood/glyph2025/Glyph2025/d36/d36_9.png,D36,False,-1,-1,17
/kaggle/input/datasets/maryemmahmood/glyph2025/Glyph2025/g17/050094_g17.png,G17,True,5,94,51
/kaggle/input/datasets/maryemmahmood/glyph2025/Glyph2025/e9/390322_e9.png,E9,True,39,322,36
/kaggle/input/datasets/maryemmahmood/glyph2025/Glyph2025/n35/230220_n35.png,N35,True,23,220,94
/kaggle/input/datasets/maryemmahmood/glyph2025/Glyph2025/n35/n35_225.jpg,N35,False,-1,-1,94
/kaggle/input/datasets/maryemmahmood/glyph2025/Glyph2025/n35/n35_19.png,N35,False,-1,-1,94
/kaggle/input/datasets/maryemmahmood/glyph2025/Glyph2025/s29/410308_s29.png,S29,True,41,308,124
/kaggle/input/datasets/maryemmahmood/glyph2025/Glyph2025/d36/d36_42.jpg,D36,False,-1,-1,17
/kaggle/input/datasets/maryemmahmood/glyph2025/Glyph2025/v31/050027_v31.png,V31,True,5,27,145
/kaggle/input/datasets/maryemmahmood/glyph2025/Glyph2025/o1/o1_12.png,O1,False,-1,-1,100
/kaggle/input/datasets/maryemmahmood/glyph2025/Glyph2025/d35/090248_d35.png,D35,True,9,248,16
/kaggle/input/datasets/maryemmahmood/glyph2025/Glyph2025/h1/h1_12.jpg,H1,False,-1,-1,62
/kaggle/input/datasets/maryemmahmood/glyph2025/Glyph2025/r4/050224_r4.png,R4,True,5,224,116
/kaggle/input/datasets/maryemmahmood/glyph2025/Glyph2025/d4/d4_230.png,D4,False,-1,-1,20
/kaggle/input/datasets/maryemmahmood/glyph2025/Glyph2025/o34/o34_67.png,O34,False,-1,-1,103
/kaggle/input/datasets/maryemmahmood/glyph2025/Glyph2025/q1/050115_q1.png,Q1,True,5,115,111
/kaggle/input/datasets/maryemmahmood/glyph2025/Glyph2025/y2/y2_10.jpg,Y2,False,-1,-1,164
/kaggle/input/datasets/maryemmahmood/glyph2025/Glyph2025/n33/n33_164.png,N33,False,-1,-1,92
/kaggle/input/datasets/maryemmahmood/glyph2025/Glyph2025/q1/050059_q1.png,Q1,True,5,59,111
/kaggle/input/datasets/maryemmahmood/glyph2025/Glyph2025/g43/g43_22.jpg,G43,False,-1,-1,60
/kaggle/input/datasets/maryemmahmood/glyph2025/Glyph2025/r4/r4_24.jpg,R4,False,-1,-1,116
/kaggle/input/datasets/maryemmahmood/glyph2025/Glyph2025/y2/050194_y2.png,Y2,True,5,194,164
/kaggle/input/datasets/maryemmahmood/glyph2025/Glyph2025/i9/230207_i9.png,I9,True,23,207,68
/kaggle/input/datasets/maryemmahmood/glyph2025/Glyph2025/x1/050450_x1.png,X1,True,5,450,160
/kaggle/input/datasets/maryemmahmood/glyph2025/Glyph2025/d21/410274_d21.png,D21,True,41,274,14
/kaggle/input/datasets/maryemmahmood/glyph2025/Glyph2025/m18/410007_m18.png,M18,True,41,7,74
/kaggle/input/datasets/maryemmahmood/glyph2025/Glyph2025/v31/v31_24.jpg,V31,False,-1,-1,145
/kaggle/input/datasets/maryemmahmood/glyph2025/Glyph2025/v28/v28_134.png,V28,False,-1,-1,142
/kaggle/input/datasets/maryemmahmood/glyph2025/Glyph2025/i9/i9_4.png,I9,False,-1,-1,68
/kaggle/input/datasets/maryemmahmood/glyph2025/Glyph2025/n35/n35_230.png,N35,False,-1,-1,94
/kaggle/input/datasets/maryemmahmood/glyph2025/Glyph2025/m17/220276_m17.png,M17,True,22,276,73
/kaggle/input/datasets/maryemmahmood/glyph2025/Glyph2025/a1/a1_3.jpg,A1,False,-1,-1,0
/kaggle/input/datasets/maryemmahmood/glyph2025/Glyph2025/q3/050248_q3.png,Q3,True,5,248,113
/kaggle/input/datasets/maryemmahmood/glyph2025/Glyph2025/q1/q1_126.png,Q1,False,-1,-1,111
/kaggle/input/datasets/maryemmahmood/glyph2025/Glyph2025/n35/390153_n35.png,N35,True,39,153,94
/kaggle/input/datasets/maryemmahmood/glyph2025/Glyph2025/d28/d28_41.jpg,D28,False,-1,-1,15
/kaggle/input/datasets/maryemmahmood/glyph2025/Glyph2025/n35/n35_129.jpg,N35,False,-1,-1,94
/kaggle/input/datasets/maryemmahmood/glyph2025/Glyph2025/v31/v31_132.png,V31,False,-1,-1,145
/kaggle/input/datasets/maryemmahmood/glyph2025/Glyph2025/v4/v4_1.jpg,V4,False,-1,-1,146
/kaggle/input/datasets/maryemmahmood/glyph2025/Glyph2025/n35/n35_417.png,N35,False,-1,-1,94
/kaggle/input/datasets/maryemmahmood/glyph2025/Glyph2025/aa15/aa15_5.png,AA15,False,-1,-1,10
/kaggle/input/datasets/maryemmahmood/glyph2025/Glyph2025/s21/s21_21.png,S21,False,-1,-1,120
/kaggle/input/datasets/maryemmahmood/glyph2025/Glyph2025/d35/210154_d35.png,D35,True,21,154,16
/kaggle/input/datasets/maryemmahmood/glyph2025/Glyph2025/s29/s29_76.png,S29,False,-1,-1,124
/kaggle/input/datasets/maryemmahmood/glyph2025/Glyph2025/i10/i10_9.png,I10,False,-1,-1,66
/kaggle/input/datasets/maryemmahmood/glyph2025/Glyph2025/x1/090040_x1.png,X1,True,9,40,160
/kaggle/input/datasets/maryemmahmood/glyph2025/Glyph2025/z3/z3_10.jpg,Z3,False,-1,-1,172
/kaggle/input/datasets/maryemmahmood/glyph2025/Glyph2025/n31/030439_n31.png,N31,True,3,439,91
/kaggle/input/datasets/maryemmahmood/glyph2025/Glyph2025/i9/220036_i9.png,I9,True,22,36,68
/kaggle/input/datasets/maryemmahmood/glyph2025/Glyph2025/f31/f31_5.png,F31,False,-1,-1,43
/kaggle/input/datasets/maryemmahmood/glyph2025/Glyph2025/v13/090235_v13.png,V13,True,9,235,140
/kaggle/input/datasets/maryemmahmood/glyph2025/Glyph2025/o1/o1_43.jpg,O1,False,-1,-1,100
/kaggle/input/datasets/maryemmahmood/glyph2025/Glyph2025/s29/s29_15.png,S29,False,-1,-1,124
/kaggle/input/datasets/maryemmahmood/glyph2025/Glyph2025/g43/410270_g43.png,G43,True,41,270,60
/kaggle/input/datasets/maryemmahmood/glyph2025/Glyph2025/n5/230367_n5.png,N5,True,23,367,98
/kaggle/input/datasets/maryemmahmood/glyph2025/Glyph2025/v30/v30_175.png,V30,False,-1,-1,144
/kaggle/input/datasets/maryemmahmood/glyph2025/Glyph2025/v13/v13_83.png,V13,False,-1,-1,140
/kaggle/input/datasets/maryemmahmood/glyph2025/Glyph2025/d36/050112_d36.png,D36,True,5,112,17
/kaggle/input/datasets/maryemmahmood/glyph2025/Glyph2025/d58/d58_65.png,D58,False,-1,-1,28
/kaggle/input/datasets/maryemmahmood/glyph2025/Glyph2025/g43/030245_g43.png,G43,True,3,245,60
/kaggle/input/datasets/maryemmahmood/glyph2025/Glyph2025/r8/r8_104.png,R8,False,-1,-1,118
/kaggle/input/datasets/maryemmahmood/glyph2025/Glyph2025/n18/220065_n18.png,N18,True,22,65,86
/kaggle/input/datasets/maryemmahmood/glyph2025/Glyph2025/g17/090296_g17.png,G17,True,9,296,51
/kaggle/input/datasets/maryemmahmood/glyph2025/Glyph2025/m17/m17_112.jpg,M17,False,-1,-1,73
/kaggle/input/datasets/maryemmahmood/glyph2025/Glyph2025/n35/n35_116.png,N35,False,-1,-1,94
/kaggle/input/datasets/maryemmahmood/glyph2025/Glyph2025/i9/410058_i9.png,I9,True,41,58,68
/kaggle/input/datasets/maryemmahmood/glyph2025/Glyph2025/m17/m17_169.png,M17,False,-1,-1,73
/kaggle/input/datasets/maryemmahmood/glyph2025/Glyph2025/g25/410040_g25.png,G25,True,41,40,52
/kaggle/input/datasets/maryemmahmood/glyph2025/Glyph2025/d4/d4_141.png,D4,False,-1,-1,20
/kaggle/input/datasets/maryemmahmood/glyph2025/Glyph2025/u6/u6_40.png,U6,False,-1,-1,136
/kaggle/input/datasets/maryemmahmood/glyph2025/Glyph2025/v30/v30_21.png,V30,False,-1,-1,144
/kaggle/input/datasets/maryemmahmood/glyph2025/Glyph2025/m17/m17_116.jpg,M17,False,-1,-1,73
/kaggle/input/datasets/maryemmahmood/glyph2025/Glyph2025/y5/y5_23.png,Y5,False,-1,-1,167
/kaggle/input/datasets/maryemmahmood/glyph2025/Glyph2025/d21/d21_251.png,D21,False,-1,-1,14
/kaggle/input/datasets/maryemmahmood/glyph2025/Glyph2025/a2/a2_26.jpg,A2,False,-1,-1,3
/kaggle/input/datasets/maryemmahmood/glyph2025/Glyph2025/a1/a1_103.jpg,A1,False,-1,-1,0
/kaggle/input/datasets/maryemmahmood/glyph2025/Glyph2025/n36/n36_9.png,N36,False,-1,-1,95
/kaggle/input/datasets/maryemmahmood/glyph2025/Glyph2025/n33/n33_127.png,N33,False,-1,-1,92
/kaggle/input/datasets/maryemmahmood/glyph2025/Glyph2025/m17/050011_m17.png,M17,True,5,11,73
/kaggle/input/datasets/maryemmahmood/glyph2025/Glyph2025/g37/g37_11.png,G37,False,-1,-1,55
/kaggle/input/datasets/maryemmahmood/glyph2025/Glyph2025/x1/x1_194.png,X1,False,-1,-1,160
/kaggle/input/datasets/maryemmahmood/glyph2025/Glyph2025/e34/230419_e34.png,E34,True,23,419,34
/kaggle/input/datasets/maryemmahmood/glyph2025/Glyph2025/m23/m23_96.png,M23,False,-1,-1,78
/kaggle/input/datasets/maryemmahmood/glyph2025/Glyph2025/u33/u33_12.png,U33,False,-1,-1,135
/kaggle/input/datasets/maryemmahmood/glyph2025/Glyph2025/r8/r8_164.png,R8,False,-1,-1,118
/kaggle/input/datasets/maryemmahmood/glyph2025/Glyph2025/y1/y1_12.png,Y1,False,-1,-1,163
/kaggle/input/datasets/maryemmahmood/glyph2025/Glyph2025/d37/d37_130.png,D37,False,-1,-1,18
/kaggle/input/datasets/maryemmahmood/glyph2025/Glyph2025/a1/a1_86.jpg,A1,False,-1,-1,0
/kaggle/input/datasets/maryemmahmood/glyph2025/Glyph2025/o49/o49_63.png,O49,False,-1,-1,105
/kaggle/input/datasets/maryemmahmood/glyph2025/Glyph2025/g43/230236_g43.png,G43,True,23,236,60
/kaggle/input/datasets/maryemmahmood/glyph2025/Glyph2025/d40/d40_26.png,D40,False,-1,-1,21
/kaggle/input/datasets/maryemmahmood/glyph2025/Glyph2025/v30/v30_153.png,V30,False,-1,-1,144
/kaggle/input/datasets/maryemmahmood/glyph2025/Glyph2025/m22/m22_6.png,M22,False,-1,-1,77
/kaggle/input/datasets/maryemmahmood/glyph2025/Glyph2025/v13/230272_v13.png,V13,True,23,272,140
/kaggle/input/datasets/maryemmahmood/glyph2025/Glyph2025/s29/090171_s29.png,S29,True,9,171,124
/kaggle/input/datasets/maryemmahmood/glyph2025/Glyph2025/i9/200381_i9.png,I9,True,20,381,68
/kaggle/input/datasets/maryemmahmood/glyph2025/Glyph2025/d54/d54_4.png,D54,False,-1,-1,25
/kaggle/input/datasets/maryemmahmood/glyph2025/Glyph2025/d46/d46_11.jpg,D46,False,-1,-1,23
/kaggle/input/datasets/maryemmahmood/glyph2025/Glyph2025/m17/m17_306.png,M17,False,-1,-1,73
/kaggle/input/datasets/maryemmahmood/glyph2025/Glyph2025/z1/200225_z1.png,Z1,True,20,225,168
/kaggle/input/datasets/maryemmahmood/glyph2025/Glyph2025/i9/i9_173.png,I9,False,-1,-1,68
/kaggle/input/datasets/maryemmahmood/glyph2025/Glyph2025/g17/g17_115.png,G17,False,-1,-1,51
/kaggle/input/datasets/maryemmahmood/glyph2025/Glyph2025/m17/220218_m17.png,M17,True,22,218,73
/kaggle/input/datasets/maryemmahmood/glyph2025/Glyph2025/b1/b1_1.jpg,B1,False,-1,-1,11
/kaggle/input/datasets/maryemmahmood/glyph2025/Glyph2025/h1/h1_41.png,H1,False,-1,-1,62
/kaggle/input/datasets/maryemmahmood/glyph2025/Glyph2025/d35/d35_33.jpg,D35,False,-1,-1,16
/kaggle/input/datasets/maryemmahmood/glyph2025/Glyph2025/d36/d36_53.jpg,D36,False,-1,-1,17
/kaggle/input/datasets/maryemmahmood/glyph2025/Glyph2025/z4/z4_18.png,Z4,False,-1,-1,173
/kaggle/input/datasets/maryemmahmood/glyph2025/Glyph2025/g43/g43_48.jpg,G43,False,-1,-1,60
/kaggle/input/datasets/maryemmahmood/glyph2025/Glyph2025/m23/m23_141.png,M23,False,-1,-1,78
/kaggle/input/datasets/maryemmahmood/glyph2025/Glyph2025/n35/390351_n35.png,N35,True,39,351,94
/kaggle/input/datasets/maryemmahmood/glyph2025/Glyph2025/r14/r14_4.png,R14,False,-1,-1,115
/kaggle/input/datasets/maryemmahmood/glyph2025/Glyph2025/e16/e16_6.png,E16,False,-1,-1,32
/kaggle/input/datasets/maryemmahmood/glyph2025/Glyph2025/q3/390141_q3.png,Q3,True,39,141,113
/kaggle/input/datasets/maryemmahmood/glyph2025/Glyph2025/o29/o29_11.png,O29,False,-1,-1,101
/kaggle/input/datasets/maryemmahmood/glyph2025/Glyph2025/o34/o34_18.png,O34,False,-1,-1,103
/kaggle/input/datasets/maryemmahmood/glyph2025/Glyph2025/q3/230122_q3.png,Q3,True,23,122,113
/kaggle/input/datasets/maryemmahmood/glyph2025/Glyph2025/b1/b1_16.png,B1,False,-1,-1,11
/kaggle/input/datasets/maryemmahmood/glyph2025/Glyph2025/m17/200098_m17.png,M17,True,20,98,73
/kaggle/input/datasets/maryemmahmood/glyph2025/Glyph2025/i9/i9_30.png,I9,False,-1,-1,68
/kaggle/input/datasets/maryemmahmood/glyph2025/Glyph2025/d21/d21_113.png,D21,False,-1,-1,14
/kaggle/input/datasets/maryemmahmood/glyph2025/Glyph2025/m17/030167_m17.png,M17,True,3,167,73
/kaggle/input/datasets/maryemmahmood/glyph2025/Glyph2025/v30/v30_86.jpg,V30,False,-1,-1,144
/kaggle/input/datasets/maryemmahmood/glyph2025/Glyph2025/v28/v28_13.png,V28,False,-1,-1,142
/kaggle/input/datasets/maryemmahmood/glyph2025/Glyph2025/w25/w25_12.jpg,W25,False,-1,-1,158
/kaggle/input/datasets/maryemmahmood/glyph2025/Glyph2025/s29/s29_198.png,S29,False,-1,-1,124
/kaggle/input/datasets/maryemmahmood/glyph2025/Glyph2025/a40/a40_4.png,A40,False,-1,-1,6
/kaggle/input/datasets/maryemmahmood/glyph2025/Glyph2025/w17/w17_5.png,W17,False,-1,-1,152
/kaggle/input/datasets/maryemmahmood/glyph2025/Glyph2025/r8/r8_27.png,R8,False,-1,-1,118
/kaggle/input/datasets/maryemmahmood/glyph2025/Glyph2025/m17/m17_235.png,M17,False,-1,-1,73
/kaggle/input/datasets/maryemmahmood/glyph2025/Glyph2025/n35/n35_330.png,N35,False,-1,-1,94
/kaggle/input/datasets/maryemmahmood/glyph2025/Glyph2025/g17/g17_92.jpg,G17,False,-1,-1,51
/kaggle/input/datasets/maryemmahmood/glyph2025/Glyph2025/n35/n35_212.png,N35,False,-1,-1,94
/kaggle/input/datasets/maryemmahmood/glyph2025/Glyph2025/n31/220207_n31.png,N31,True,22,207,91
/kaggle/input/datasets/maryemmahmood/glyph2025/Glyph2025/d36/390283_d36.png,D36,True,39,283,17
/kaggle/input/datasets/maryemmahmood/glyph2025/Glyph2025/d4/d4_87.png,D4,False,-1,-1,20
/kaggle/input/datasets/maryemmahmood/glyph2025/Glyph2025/n35/n35_478.png,N35,False,-1,-1,94
/kaggle/input/datasets/maryemmahmood/glyph2025/Glyph2025/m3/m3_15.png,M3,False,-1,-1,80
/kaggle/input/datasets/maryemmahmood/glyph2025/Glyph2025/r8/r8_30.png,R8,False,-1,-1,118
/kaggle/input/datasets/maryemmahmood/glyph2025/Glyph2025/o49/o49_90.png,O49,False,-1,-1,105
/kaggle/input/datasets/maryemmahmood/glyph2025/Glyph2025/d21/230296_d21.png,D21,True,23,296,14
/kaggle/input/datasets/maryemmahmood/glyph2025/Glyph2025/z4/z4_15.png,Z4,False,-1,-1,173
/kaggle/input/datasets/maryemmahmood/glyph2025/Glyph2025/m17/m17_250.png,M17,False,-1,-1,73
/kaggle/input/datasets/maryemmahmood/glyph2025/Glyph2025/d21/220395_d21.png,D21,True,22,395,14
/kaggle/input/datasets/maryemmahmood/glyph2025/Glyph2025/d58/410183_d58.png,D58,True,41,183,28
/kaggle/input/datasets/maryemmahmood/glyph2025/Glyph2025/n35/n35_36.png,N35,False,-1,-1,94
/kaggle/input/datasets/maryemmahmood/glyph2025/Glyph2025/f39/f39_23.png,F39,False,-1,-1,47
/kaggle/input/datasets/maryemmahmood/glyph2025/Glyph2025/d37/d37_40.jpg,D37,False,-1,-1,18
/kaggle/input/datasets/maryemmahmood/glyph2025/Glyph2025/d2/d2_91.png,D2,False,-1,-1,13
/kaggle/input/datasets/maryemmahmood/glyph2025/Glyph2025/v1/v1_16.png,V1,False,-1,-1,138
/kaggle/input/datasets/maryemmahmood/glyph2025/Glyph2025/d21/d21_123.png,D21,False,-1,-1,14
/kaggle/input/datasets/maryemmahmood/glyph2025/Glyph2025/d37/d37_69.png,D37,False,-1,-1,18
/kaggle/input/datasets/maryemmahmood/glyph2025/Glyph2025/x1/x1_89.jpg,X1,False,-1,-1,160
/kaggle/input/datasets/maryemmahmood/glyph2025/Glyph2025/d1/d1_1.png,D1,False,-1,-1,12
/kaggle/input/datasets/maryemmahmood/glyph2025/Glyph2025/s34/s34_38.png,S34,False,-1,-1,126
/kaggle/input/datasets/maryemmahmood/glyph2025/Glyph2025/s29/390008_s29.png,S29,True,39,8,124
/kaggle/input/datasets/maryemmahmood/glyph2025/Glyph2025/g43/030170_g43.png,G43,True,3,170,60
/kaggle/input/datasets/maryemmahmood/glyph2025/Glyph2025/o34/o34_36.png,O34,False,-1,-1,103
/kaggle/input/datasets/maryemmahmood/glyph2025/Glyph2025/n33/n33_99.png,N33,False,-1,-1,92
/kaggle/input/datasets/maryemmahmood/glyph2025/Glyph2025/v31/v31_122.png,V31,False,-1,-1,145
/kaggle/input/datasets/maryemmahmood/glyph2025/Glyph2025/o50/090156_o50.png,O50,True,9,156,106
/kaggle/input/datasets/maryemmahmood/glyph2025/Glyph2025/t28/t28_5.jpg,T28,False,-1,-1,131
/kaggle/input/datasets/maryemmahmood/glyph2025/Glyph2025/n1/n1_49.png,N1,False,-1,-1,83
/kaggle/input/datasets/maryemmahmood/glyph2025/Glyph2025/v31/050418_v31.png,V31,True,5,418,145
/kaggle/input/datasets/maryemmahmood/glyph2025/Glyph2025/e34/e34_19.png,E34,False,-1,-1,34
/kaggle/input/datasets/maryemmahmood/glyph2025/Glyph2025/d21/d21_184.png,D21,False,-1,-1,14
/kaggle/input/datasets/maryemmahmood/glyph2025/Glyph2025/m17/050395_m17.png,M17,True,5,395,73
/kaggle/input/datasets/maryemmahmood/glyph2025/Glyph2025/n35/030063_n35.png,N35,True,3,63,94
/kaggle/input/datasets/maryemmahmood/glyph2025/Glyph2025/w15/w15_2.png,W15,False,-1,-1,151
/kaggle/input/datasets/maryemmahmood/glyph2025/Glyph2025/s40/s40_19.png,S40,False,-1,-1,128
/kaggle/input/datasets/maryemmahmood/glyph2025/Glyph2025/x1/090081_x1.png,X1,True,9,81,160
/kaggle/input/datasets/maryemmahmood/glyph2025/Glyph2025/d21/d21_27.png,D21,False,-1,-1,14
/kaggle/input/datasets/maryemmahmood/glyph2025/Glyph2025/z3/z3_6.png,Z3,False,-1,-1,172
/kaggle/input/datasets/maryemmahmood/glyph2025/Glyph2025/v30/v30_82.png,V30,False,-1,-1,144
/kaggle/input/datasets/maryemmahmood/glyph2025/Glyph2025/v13/v13_16.jpg,V13,False,-1,-1,140
/kaggle/input/datasets/maryemmahmood/glyph2025/Glyph2025/e34/050009_e34.png,E34,True,5,9,34
/kaggle/input/datasets/maryemmahmood/glyph2025/Glyph2025/i9/i9_86.png,I9,False,-1,-1,68
/kaggle/input/datasets/maryemmahmood/glyph2025/Glyph2025/y1/y1_58.png,Y1,False,-1,-1,163
/kaggle/input/datasets/maryemmahmood/glyph2025/Glyph2025/m22/m22_9.png,M22,False,-1,-1,77
/kaggle/input/datasets/maryemmahmood/glyph2025/Glyph2025/x1/x1_17.png,X1,False,-1,-1,160
/kaggle/input/datasets/maryemmahmood/glyph2025/Glyph2025/s28/s28_4.jpg,S28,False,-1,-1,123
/kaggle/input/datasets/maryemmahmood/glyph2025/Glyph2025/x1/x1_360.png,X1,False,-1,-1,160
/kaggle/input/datasets/maryemmahmood/glyph2025/Glyph2025/d4/d4_43.png,D4,False,-1,-1,20
/kaggle/input/datasets/maryemmahmood/glyph2025/Glyph2025/a40/a40_33.jpg,A40,False,-1,-1,6
/kaggle/input/datasets/maryemmahmood/glyph2025/Glyph2025/d4/d4_154.png,D4,False,-1,-1,20
/kaggle/input/datasets/maryemmahmood/glyph2025/Glyph2025/i9/i9_95.png,I9,False,-1,-1,68
/kaggle/input/datasets/maryemmahmood/glyph2025/Glyph2025/m18/090183_m18.png,M18,True,9,183,74
/kaggle/input/datasets/maryemmahmood/glyph2025/Glyph2025/g17/390033_g17.png,G17,True,39,33,51
/kaggle/input/datasets/maryemmahmood/glyph2025/Glyph2025/m17/m17_15.png,M17,False,-1,-1,73
/kaggle/input/datasets/maryemmahmood/glyph2025/Glyph2025/s24/s24_6.png,S24,False,-1,-1,121
/kaggle/input/datasets/maryemmahmood/glyph2025/Glyph2025/x1/x1_148.png,X1,False,-1,-1,160
/kaggle/input/datasets/maryemmahmood/glyph2025/Glyph2025/g43/230386_g43.png,G43,True,23,386,60
/kaggle/input/datasets/maryemmahmood/glyph2025/Glyph2025/d58/d58_95.png,D58,False,-1,-1,28
/kaggle/input/datasets/maryemmahmood/glyph2025/Glyph2025/o34/o34_5.png,O34,False,-1,-1,103
/kaggle/input/datasets/maryemmahmood/glyph2025/Glyph2025/v31/390160_v31.png,V31,True,39,160,145
/kaggle/input/datasets/maryemmahmood/glyph2025/Glyph2025/y4/y4_6.png,Y4,False,-1,-1,166
/kaggle/input/datasets/maryemmahmood/glyph2025/Glyph2025/f13/210044_f13.png,F13,True,21,44,39
/kaggle/input/datasets/maryemmahmood/glyph2025/Glyph2025/r4/r4_73.png,R4,False,-1,-1,116
/kaggle/input/datasets/maryemmahmood/glyph2025/Glyph2025/d35/d35_1.jpg,D35,False,-1,-1,16
/kaggle/input/datasets/maryemmahmood/glyph2025/Glyph2025/v31/050440_v31.png,V31,True,5,440,145
/kaggle/input/datasets/maryemmahmood/glyph2025/Glyph2025/z4/z4_13.png,Z4,False,-1,-1,173
/kaggle/input/datasets/maryemmahmood/glyph2025/Glyph2025/v1/v1_8.png,V1,False,-1,-1,138
/kaggle/input/datasets/maryemmahmood/glyph2025/Glyph2025/z1/030241_z1.png,Z1,True,3,241,168
/kaggle/input/datasets/maryemmahmood/glyph2025/Glyph2025/m18/m18_2.jpg,M18,False,-1,-1,74
/kaggle/input/datasets/maryemmahmood/glyph2025/Glyph2025/n33/n33_154.png,N33,False,-1,-1,92
/kaggle/input/datasets/maryemmahmood/glyph2025/Glyph2025/d21/030416_d21.png,D21,True,3,416,14
/kaggle/input/datasets/maryemmahmood/glyph2025/Glyph2025/m17/m17_22.png,M17,False,-1,-1,73
/kaggle/input/datasets/maryemmahmood/glyph2025/Glyph2025/d21/d21_196.png,D21,False,-1,-1,14
/kaggle/input/datasets/maryemmahmood/glyph2025/Glyph2025/n25/n25_7.png,N25,False,-1,-1,88
/kaggle/input/datasets/maryemmahmood/glyph2025/Glyph2025/n35/230261_n35.png,N35,True,23,261,94
/kaggle/input/datasets/maryemmahmood/glyph2025/Glyph2025/u33/u33_6.png,U33,False,-1,-1,135
/kaggle/input/datasets/maryemmahmood/glyph2025/Glyph2025/q1/q1_51.png,Q1,False,-1,-1,111
/kaggle/input/datasets/maryemmahmood/glyph2025/Glyph2025/m17/m17_210.jpg,M17,False,-1,-1,73
/kaggle/input/datasets/maryemmahmood/glyph2025/Glyph2025/u6/u6_4.png,U6,False,-1,-1,136
/kaggle/input/datasets/maryemmahmood/glyph2025/Glyph2025/s40/s40_26.png,S40,False,-1,-1,128
/kaggle/input/datasets/maryemmahmood/glyph2025/Glyph2025/d55/d55_24.jpg,D55,False,-1,-1,26
/kaggle/input/datasets/maryemmahmood/glyph2025/Glyph2025/x1/x1_210.png,X1,False,-1,-1,160
/kaggle/input/datasets/maryemmahmood/glyph2025/Glyph2025/n35/n35_278.png,N35,False,-1,-1,94
/kaggle/input/datasets/maryemmahmood/glyph2025/Glyph2025/z1/z1_30.png,Z1,False,-1,-1,168
/kaggle/input/datasets/maryemmahmood/glyph2025/Glyph2025/d4/d4_149.png,D4,False,-1,-1,20
/kaggle/input/datasets/maryemmahmood/glyph2025/Glyph2025/v28/v28_25.png,V28,False,-1,-1,142
/kaggle/input/datasets/maryemmahmood/glyph2025/Glyph2025/d21/390092_d21.png,D21,True,39,92,14
/kaggle/input/datasets/maryemmahmood/glyph2025/Glyph2025/y5/y5_4.jpg,Y5,False,-1,-1,167
/kaggle/input/datasets/maryemmahmood/glyph2025/Glyph2025/s34/s34_28.png,S34,False,-1,-1,126
/kaggle/input/datasets/maryemmahmood/glyph2025/Glyph2025/s34/s34_45.jpg,S34,False,-1,-1,126
/kaggle/input/datasets/maryemmahmood/glyph2025/Glyph2025/g39/410314_g39.png,G39,True,41,314,57
/kaggle/input/datasets/maryemmahmood/glyph2025/Glyph2025/m17/200045_m17.png,M17,True,20,45,73
/kaggle/input/datasets/maryemmahmood/glyph2025/Glyph2025/d36/d36_163.png,D36,False,-1,-1,17
/kaggle/input/datasets/maryemmahmood/glyph2025/Glyph2025/p8/210051_p8.png,P8,True,21,51,110
/kaggle/input/datasets/maryemmahmood/glyph2025/Glyph2025/b1/b1_34.jpg,B1,False,-1,-1,11
/kaggle/input/datasets/maryemmahmood/glyph2025/Glyph2025/u7/u7_32.jpg,U7,False,-1,-1,137
/kaggle/input/datasets/maryemmahmood/glyph2025/Glyph2025/u33/u33_4.png,U33,False,-1,-1,135
/kaggle/input/datasets/maryemmahmood/glyph2025/Glyph2025/n5/n5_2.jpg,N5,False,-1,-1,98
/kaggle/input/datasets/maryemmahmood/glyph2025/Glyph2025/m3/m3_2.png,M3,False,-1,-1,80
/kaggle/input/datasets/maryemmahmood/glyph2025/Glyph2025/n8/n8_9.png,N8,False,-1,-1,99
/kaggle/input/datasets/maryemmahmood/glyph2025/Glyph2025/n33/n33_160.png,N33,False,-1,-1,92
/kaggle/input/datasets/maryemmahmood/glyph2025/Glyph2025/i10/i10_46.jpg,I10,False,-1,-1,66
/kaggle/input/datasets/maryemmahmood/glyph2025/Glyph2025/w19/w19_31.png,W19,False,-1,-1,154
/kaggle/input/datasets/maryemmahmood/glyph2025/Glyph2025/d54/d54_21.png,D54,False,-1,-1,25
/kaggle/input/datasets/maryemmahmood/glyph2025/Glyph2025/o1/o1_139.png,O1,False,-1,-1,100
/kaggle/input/datasets/maryemmahmood/glyph2025/Glyph2025/i9/i9_103.png,I9,False,-1,-1,68
/kaggle/input/datasets/maryemmahmood/glyph2025/Glyph2025/y1/y1_110.png,Y1,False,-1,-1,163
/kaggle/input/datasets/maryemmahmood/glyph2025/Glyph2025/v30/v30_271.png,V30,False,-1,-1,144
/kaggle/input/datasets/maryemmahmood/glyph2025/Glyph2025/n33/n33_86.png,N33,False,-1,-1,92
/kaggle/input/datasets/maryemmahmood/glyph2025/Glyph2025/o49/o49_35.png,O49,False,-1,-1,105
/kaggle/input/datasets/maryemmahmood/glyph2025/Glyph2025/y1/y1_5.jpg,Y1,False,-1,-1,163
/kaggle/input/datasets/maryemmahmood/glyph2025/Glyph2025/r8/r8_141.png,R8,False,-1,-1,118
/kaggle/input/datasets/maryemmahmood/glyph2025/Glyph2025/n35/n35_192.jpg,N35,False,-1,-1,94
/kaggle/input/datasets/maryemmahmood/glyph2025/Glyph2025/u23/u23_10.png,U23,False,-1,-1,134
/kaggle/input/datasets/maryemmahmood/glyph2025/Glyph2025/m17/410117_m17.png,M17,True,41,117,73
/kaggle/input/datasets/maryemmahmood/glyph2025/Glyph2025/d52/230129_d52.png,D52,True,23,129,24
/kaggle/input/datasets/maryemmahmood/glyph2025/Glyph2025/g17/050415_g17.png,G17,True,5,415,51
/kaggle/input/datasets/maryemmahmood/glyph2025/Glyph2025/u6/u6_33.png,U6,False,-1,-1,136
/kaggle/input/datasets/maryemmahmood/glyph2025/Glyph2025/g39/030307_g39.png,G39,True,3,307,57
/kaggle/input/datasets/maryemmahmood/glyph2025/Glyph2025/n33/n33_123.png,N33,False,-1,-1,92
/kaggle/input/datasets/maryemmahmood/glyph2025/Glyph2025/o50/410295_o50.png,O50,True,41,295,106
/kaggle/input/datasets/maryemmahmood/glyph2025/Glyph2025/i9/i9_252.png,I9,False,-1,-1,68
/kaggle/input/datasets/maryemmahmood/glyph2025/Glyph2025/g43/210091_g43.png,G43,True,21,91,60
/kaggle/input/datasets/maryemmahmood/glyph2025/Glyph2025/v30/v30_45.png,V30,False,-1,-1,144
/kaggle/input/datasets/maryemmahmood/glyph2025/Glyph2025/s34/s34_122.png,S34,False,-1,-1,126
/kaggle/input/datasets/maryemmahmood/glyph2025/Glyph2025/d4/d4_211.png,D4,False,-1,-1,20
/kaggle/input/datasets/maryemmahmood/glyph2025/Glyph2025/g37/g37_8.png,G37,False,-1,-1,55
/kaggle/input/datasets/maryemmahmood/glyph2025/Glyph2025/y1/y1_36.png,Y1,False,-1,-1,163
/kaggle/input/datasets/maryemmahmood/glyph2025/Glyph2025/d37/d37_76.png,D37,False,-1,-1,18
/kaggle/input/datasets/maryemmahmood/glyph2025/Glyph2025/g17/g17_41.jpg,G17,False,-1,-1,51
/kaggle/input/datasets/maryemmahmood/glyph2025/Glyph2025/i9/050261_i9.png,I9,True,5,261,68
/kaggle/input/datasets/maryemmahmood/glyph2025/Glyph2025/f35/f35_92.png,F35,False,-1,-1,46
/kaggle/input/datasets/maryemmahmood/glyph2025/Glyph2025/o49/o49_43.png,O49,False,-1,-1,105
/kaggle/input/datasets/maryemmahmood/glyph2025/Glyph2025/d46/d46_49.png,D46,False,-1,-1,23
/kaggle/input/datasets/maryemmahmood/glyph2025/Glyph2025/n35/030072_n35.png,N35,True,3,72,94
/kaggle/input/datasets/maryemmahmood/glyph2025/Glyph2025/n29/230176_n29.png,N29,True,23,176,90
/kaggle/input/datasets/maryemmahmood/glyph2025/Glyph2025/g17/g17_125.jpg,G17,False,-1,-1,51
/kaggle/input/datasets/maryemmahmood/glyph2025/Glyph2025/r4/r4_46.jpg,R4,False,-1,-1,116
/kaggle/input/datasets/maryemmahmood/glyph2025/Glyph2025/v28/410080_v28.png,V28,True,41,80,142
/kaggle/input/datasets/maryemmahmood/glyph2025/Glyph2025/n35/390218_n35.png,N35,True,39,218,94
/kaggle/input/datasets/maryemmahmood/glyph2025/Glyph2025/d21/d21_154.png,D21,False,-1,-1,14
/kaggle/input/datasets/maryemmahmood/glyph2025/Glyph2025/v30/v30_43.jpg,V30,False,-1,-1,144
/kaggle/input/datasets/maryemmahmood/glyph2025/Glyph2025/m23/m23_124.png,M23,False,-1,-1,78
/kaggle/input/datasets/maryemmahmood/glyph2025/Glyph2025/i9/050190_i9.png,I9,True,5,190,68
/kaggle/input/datasets/maryemmahmood/glyph2025/Glyph2025/u15/u15_4.png,U15,False,-1,-1,133
/kaggle/input/datasets/maryemmahmood/glyph2025/Glyph2025/o49/o49_74.png,O49,False,-1,-1,105
/kaggle/input/datasets/maryemmahmood/glyph2025/Glyph2025/m17/m17_62.png,M17,False,-1,-1,73
/kaggle/input/datasets/maryemmahmood/glyph2025/Glyph2025/q3/q3_39.png,Q3,False,-1,-1,113
/kaggle/input/datasets/maryemmahmood/glyph2025/Glyph2025/s29/s29_174.png,S29,False,-1,-1,124
/kaggle/input/datasets/maryemmahmood/glyph2025/Glyph2025/d36/d36_57.png,D36,False,-1,-1,17
/kaggle/input/datasets/maryemmahmood/glyph2025/Glyph2025/x1/x1_144.png,X1,False,-1,-1,160
/kaggle/input/datasets/maryemmahmood/glyph2025/Glyph2025/n1/n1_81.png,N1,False,-1,-1,83
/kaggle/input/datasets/maryemmahmood/glyph2025/Glyph2025/x1/x1_383.png,X1,False,-1,-1,160
/kaggle/input/datasets/maryemmahmood/glyph2025/Glyph2025/u6/u6_18.jpg,U6,False,-1,-1,136
/kaggle/input/datasets/maryemmahmood/glyph2025/Glyph2025/f18/f18_4.jpg,F18,False,-1,-1,40
/kaggle/input/datasets/maryemmahmood/glyph2025/Glyph2025/v13/v13_59.png,V13,False,-1,-1,140
/kaggle/input/datasets/maryemmahmood/glyph2025/Glyph2025/m23/m23_111.jpg,M23,False,-1,-1,78
/kaggle/input/datasets/maryemmahmood/glyph2025/Glyph2025/y1/y1_16.jpg,Y1,False,-1,-1,163
/kaggle/input/datasets/maryemmahmood/glyph2025/Glyph2025/d4/d4_179.png,D4,False,-1,-1,20
/kaggle/input/datasets/maryemmahmood/glyph2025/Glyph2025/m17/m17_459.png,M17,False,-1,-1,73
/kaggle/input/datasets/maryemmahmood/glyph2025/Glyph2025/n37/n37_1.jpg,N37,False,-1,-1,96
/kaggle/input/datasets/maryemmahmood/glyph2025/Glyph2025/d58/d58_61.png,D58,False,-1,-1,28
/kaggle/input/datasets/maryemmahmood/glyph2025/Glyph2025/m17/m17_45.png,M17,False,-1,-1,73
/kaggle/input/datasets/maryemmahmood/glyph2025/Glyph2025/l2/l2_1.png,L2,False,-1,-1,70
/kaggle/input/datasets/maryemmahmood/glyph2025/Glyph2025/x1/x1_319.png,X1,False,-1,-1,160
/kaggle/input/datasets/maryemmahmood/glyph2025/Glyph2025/m17/220267_m17.png,M17,True,22,267,73
/kaggle/input/datasets/maryemmahmood/glyph2025/Glyph2025/i10/i10_6.png,I10,False,-1,-1,66
/kaggle/input/datasets/maryemmahmood/glyph2025/Glyph2025/n29/n29_4.png,N29,False,-1,-1,90
/kaggle/input/datasets/maryemmahmood/glyph2025/Glyph2025/y5/y5_89.png,Y5,False,-1,-1,167
/kaggle/input/datasets/maryemmahmood/glyph2025/Glyph2025/z2/z2_4.png,Z2,False,-1,-1,171
/kaggle/input/datasets/maryemmahmood/glyph2025/Glyph2025/y5/y5_56.jpg,Y5,False,-1,-1,167
/kaggle/input/datasets/maryemmahmood/glyph2025/Glyph2025/v30/v30_76.png,V30,False,-1,-1,144
/kaggle/input/datasets/maryemmahmood/glyph2025/Glyph2025/i9/i9_140.jpg,I9,False,-1,-1,68
/kaggle/input/datasets/maryemmahmood/glyph2025/Glyph2025/w14/w14_5.jpg,W14,False,-1,-1,150
/kaggle/input/datasets/maryemmahmood/glyph2025/Glyph2025/o49/o49_10.png,O49,False,-1,-1,105
/kaggle/input/datasets/maryemmahmood/glyph2025/Glyph2025/g17/g17_59.jpg,G17,False,-1,-1,51
/kaggle/input/datasets/maryemmahmood/glyph2025/Glyph2025/y5/y5_37.png,Y5,False,-1,-1,167
/kaggle/input/datasets/maryemmahmood/glyph2025/Glyph2025/x1/x1_141.png,X1,False,-1,-1,160
/kaggle/input/datasets/maryemmahmood/glyph2025/Glyph2025/s34/s34_8.png,S34,False,-1,-1,126
/kaggle/input/datasets/maryemmahmood/glyph2025/Glyph2025/s29/s29_94.jpg,S29,False,-1,-1,124
/kaggle/input/datasets/maryemmahmood/glyph2025/Glyph2025/m17/410231_m17.png,M17,True,41,231,73
/kaggle/input/datasets/maryemmahmood/glyph2025/Glyph2025/o1/o1_75.png,O1,False,-1,-1,100
/kaggle/input/datasets/maryemmahmood/glyph2025/Glyph2025/v4/050409_v4.png,V4,True,5,409,146
/kaggle/input/datasets/maryemmahmood/glyph2025/Glyph2025/r4/r4_102.png,R4,False,-1,-1,116
/kaggle/input/datasets/maryemmahmood/glyph2025/Glyph2025/d28/d28_59.png,D28,False,-1,-1,15
/kaggle/input/datasets/maryemmahmood/glyph2025/Glyph2025/g17/030288_g17.png,G17,True,3,288,51
/kaggle/input/datasets/maryemmahmood/glyph2025/Glyph2025/m17/m17_399.png,M17,False,-1,-1,73
/kaggle/input/datasets/maryemmahmood/glyph2025/Glyph2025/g43/g43_129.png,G43,False,-1,-1,60
/kaggle/input/datasets/maryemmahmood/glyph2025/Glyph2025/y5/y5_20.png,Y5,False,-1,-1,167
/kaggle/input/datasets/maryemmahmood/glyph2025/Glyph2025/w11/w11_19.jpg,W11,False,-1,-1,149
/kaggle/input/datasets/maryemmahmood/glyph2025/Glyph2025/f21/f21_7.png,F21,False,-1,-1,41
/kaggle/input/datasets/maryemmahmood/glyph2025/Glyph2025/g43/g43_123.png,G43,False,-1,-1,60
/kaggle/input/datasets/maryemmahmood/glyph2025/Glyph2025/a24/a24_5.jpg,A24,False,-1,-1,4
/kaggle/input/datasets/maryemmahmood/glyph2025/Glyph2025/m2/m2_6.png,M2,False,-1,-1,75
/kaggle/input/datasets/maryemmahmood/glyph2025/Glyph2025/a40/a40_3.jpg,A40,False,-1,-1,6
/kaggle/input/datasets/maryemmahmood/glyph2025/Glyph2025/m17/m17_224.png,M17,False,-1,-1,73
/kaggle/input/datasets/maryemmahmood/glyph2025/Glyph2025/g25/030345_g25.png,G25,True,3,345,52
/kaggle/input/datasets/maryemmahmood/glyph2025/Glyph2025/x1/050015_x1.png,X1,True,5,15,160
/kaggle/input/datasets/maryemmahmood/glyph2025/Glyph2025/q1/q1_79.jpg,Q1,False,-1,-1,111
/kaggle/input/datasets/maryemmahmood/glyph2025/Glyph2025/e34/230058_e34.png,E34,True,23,58,34
/kaggle/input/datasets/maryemmahmood/glyph2025/Glyph2025/v28/v28_71.jpg,V28,False,-1,-1,142
/kaggle/input/datasets/maryemmahmood/glyph2025/Glyph2025/r8/r8_175.png,R8,False,-1,-1,118
/kaggle/input/datasets/maryemmahmood/glyph2025/Glyph2025/o50/220285_o50.png,O50,True,22,285,106
/kaggle/input/datasets/maryemmahmood/glyph2025/Glyph2025/z1/z1_42.png,Z1,False,-1,-1,168
/kaggle/input/datasets/maryemmahmood/glyph2025/Glyph2025/d37/d37_86.png,D37,False,-1,-1,18
/kaggle/input/datasets/maryemmahmood/glyph2025/Glyph2025/n18/030251_n18.png,N18,True,3,251,86
/kaggle/input/datasets/maryemmahmood/glyph2025/Glyph2025/v28/v28_144.png,V28,False,-1,-1,142
/kaggle/input/datasets/maryemmahmood/glyph2025/Glyph2025/m18/m18_10.png,M18,False,-1,-1,74
/kaggle/input/datasets/maryemmahmood/glyph2025/Glyph2025/n35/n35_426.png,N35,False,-1,-1,94
/kaggle/input/datasets/maryemmahmood/glyph2025/Glyph2025/v30/v30_18.png,V30,False,-1,-1,144
/kaggle/input/datasets/maryemmahmood/glyph2025/Glyph2025/x1/x1_334.png,X1,False,-1,-1,160
/kaggle/input/datasets/maryemmahmood/glyph2025/Glyph2025/i10/i10_30.png,I10,False,-1,-1,66
/kaggle/input/datasets/maryemmahmood/glyph2025/Glyph2025/d46/d46_63.png,D46,False,-1,-1,23
/kaggle/input/datasets/maryemmahmood/glyph2025/Glyph2025/d36/d36_116.png,D36,False,-1,-1,17
/kaggle/input/datasets/maryemmahmood/glyph2025/Glyph2025/n35/n35_194.png,N35,False,-1,-1,94
/kaggle/input/datasets/maryemmahmood/glyph2025/Glyph2025/n35/090332_n35.png,N35,True,9,332,94
/kaggle/input/datasets/maryemmahmood/glyph2025/Glyph2025/s29/s29_73.png,S29,False,-1,-1,124
/kaggle/input/datasets/maryemmahmood/glyph2025/Glyph2025/y5/y5_102.png,Y5,False,-1,-1,167
/kaggle/input/datasets/maryemmahmood/glyph2025/Glyph2025/g37/390296_g37.png,G37,True,39,296,55
/kaggle/input/datasets/maryemmahmood/glyph2025/Glyph2025/q3/q3_29.jpg,Q3,False,-1,-1,113
/kaggle/input/datasets/maryemmahmood/glyph2025/Glyph2025/i9/i9_87.png,I9,False,-1,-1,68
/kaggle/input/datasets/maryemmahmood/glyph2025/Glyph2025/o49/o49_86.png,O49,False,-1,-1,105
/kaggle/input/datasets/maryemmahmood/glyph2025/Glyph2025/s29/s29_133.png,S29,False,-1,-1,124
/kaggle/input/datasets/maryemmahmood/glyph2025/Glyph2025/v30/v30_83.png,V30,False,-1,-1,144
/kaggle/input/datasets/maryemmahmood/glyph2025/Glyph2025/f35/f35_103.png,F35,False,-1,-1,46
/kaggle/input/datasets/maryemmahmood/glyph2025/Glyph2025/o1/o1_3.png,O1,False,-1,-1,100
/kaggle/input/datasets/maryemmahmood/glyph2025/Glyph2025/i9/220025_i9.png,I9,True,22,25,68
/kaggle/input/datasets/maryemmahmood/glyph2025/Glyph2025/m17/090242_m17.png,M17,True,9,242,73
/kaggle/input/datasets/maryemmahmood/glyph2025/Glyph2025/d2/030121_d2.png,D2,True,3,121,13
/kaggle/input/datasets/maryemmahmood/glyph2025/Glyph2025/d21/d21_3.png,D21,False,-1,-1,14
/kaggle/input/datasets/maryemmahmood/glyph2025/Glyph2025/a42/a42_13.jpg,A42,False,-1,-1,7
/kaggle/input/datasets/maryemmahmood/glyph2025/Glyph2025/d36/d36_129.png,D36,False,-1,-1,17
/kaggle/input/datasets/maryemmahmood/glyph2025/Glyph2025/s29/s29_63.png,S29,False,-1,-1,124
/kaggle/input/datasets/maryemmahmood/glyph2025/Glyph2025/n33/n33_113.png,N33,False,-1,-1,92
/kaggle/input/datasets/maryemmahmood/glyph2025/Glyph2025/m23/m23_10.jpg,M23,False,-1,-1,78
/kaggle/input/datasets/maryemmahmood/glyph2025/Glyph2025/s29/s29_189.png,S29,False,-1,-1,124
/kaggle/input/datasets/maryemmahmood/glyph2025/Glyph2025/n35/n35_62.png,N35,False,-1,-1,94
/kaggle/input/datasets/maryemmahmood/glyph2025/Glyph2025/n1/n1_61.png,N1,False,-1,-1,83
/kaggle/input/datasets/maryemmahmood/glyph2025/Glyph2025/g17/230315_g17.png,G17,True,23,315,51
/kaggle/input/datasets/maryemmahmood/glyph2025/Glyph2025/d21/030225_d21.png,D21,True,3,225,14
/kaggle/input/datasets/maryemmahmood/glyph2025/Glyph2025/u7/u7_56.png,U7,False,-1,-1,137
/kaggle/input/datasets/maryemmahmood/glyph2025/Glyph2025/d4/d4_9.jpg,D4,False,-1,-1,20
/kaggle/input/datasets/maryemmahmood/glyph2025/Glyph2025/m23/m23_101.png,M23,False,-1,-1,78
/kaggle/input/datasets/maryemmahmood/glyph2025/Glyph2025/u23/u23_17.png,U23,False,-1,-1,134
/kaggle/input/datasets/maryemmahmood/glyph2025/Glyph2025/y5/y5_22.png,Y5,False,-1,-1,167
/kaggle/input/datasets/maryemmahmood/glyph2025/Glyph2025/g43/200265_g43.png,G43,True,20,265,60
/kaggle/input/datasets/maryemmahmood/glyph2025/Glyph2025/r7/r7_9.png,R7,False,-1,-1,117
/kaggle/input/datasets/maryemmahmood/glyph2025/Glyph2025/y5/y5_83.png,Y5,False,-1,-1,167
/kaggle/input/datasets/maryemmahmood/glyph2025/Glyph2025/i9/i9_63.png,I9,False,-1,-1,68
/kaggle/input/datasets/maryemmahmood/glyph2025/Glyph2025/g43/050175_g43.png,G43,True,5,175,60
/kaggle/input/datasets/maryemmahmood/glyph2025/Glyph2025/d2/d2_6.png,D2,False,-1,-1,13
/kaggle/input/datasets/maryemmahmood/glyph2025/Glyph2025/x8/x8_110.png,X8,False,-1,-1,162
/kaggle/input/datasets/maryemmahmood/glyph2025/Glyph2025/v30/v30_25.png,V30,False,-1,-1,144
/kaggle/input/datasets/maryemmahmood/glyph2025/Glyph2025/n37/n37_5.png,N37,False,-1,-1,96
/kaggle/input/datasets/maryemmahmood/glyph2025/Glyph2025/d55/d55_53.png,D55,False,-1,-1,26
/kaggle/input/datasets/maryemmahmood/glyph2025/Glyph2025/i9/i9_217.png,I9,False,-1,-1,68
/kaggle/input/datasets/maryemmahmood/glyph2025/Glyph2025/r4/r4_82.png,R4,False,-1,-1,116
/kaggle/input/datasets/maryemmahmood/glyph2025/Glyph2025/d4/050289_d4.png,D4,True,5,289,20
/kaggle/input/datasets/maryemmahmood/glyph2025/Glyph2025/v30/v30_70.png,V30,False,-1,-1,144
/kaggle/input/datasets/maryemmahmood/glyph2025/Glyph2025/v13/v13_11.jpg,V13,False,-1,-1,140
/kaggle/input/datasets/maryemmahmood/glyph2025/Glyph2025/u23/u23_11.png,U23,False,-1,-1,134
/kaggle/input/datasets/maryemmahmood/glyph2025/Glyph2025/y5/220402_y5.png,Y5,True,22,402,167
/kaggle/input/datasets/maryemmahmood/glyph2025/Glyph2025/d35/230244_d35.png,D35,True,23,244,16
/kaggle/input/datasets/maryemmahmood/glyph2025/Glyph2025/g17/g17_46.png,G17,False,-1,-1,51
/kaggle/input/datasets/maryemmahmood/glyph2025/Glyph2025/d4/d4_165.jpg,D4,False,-1,-1,20
/kaggle/input/datasets/maryemmahmood/glyph2025/Glyph2025/s29/220219_s29.png,S29,True,22,219,124
/kaggle/input/datasets/maryemmahmood/glyph2025/Glyph2025/d58/d58_15.jpg,D58,False,-1,-1,28
/kaggle/input/datasets/maryemmahmood/glyph2025/Glyph2025/g43/g43_24.jpg,G43,False,-1,-1,60
/kaggle/input/datasets/maryemmahmood/glyph2025/Glyph2025/s29/s29_69.png,S29,False,-1,-1,124
/kaggle/input/datasets/maryemmahmood/glyph2025/Glyph2025/n35/n35_13.png,N35,False,-1,-1,94
/kaggle/input/datasets/maryemmahmood/glyph2025/Glyph2025/n29/220175_n29.png,N29,True,22,175,90
/kaggle/input/datasets/maryemmahmood/glyph2025/Glyph2025/s29/390030_s29.png,S29,True,39,30,124
/kaggle/input/datasets/maryemmahmood/glyph2025/Glyph2025/d28/d28_52.png,D28,False,-1,-1,15
/kaggle/input/datasets/maryemmahmood/glyph2025/Glyph2025/d21/d21_73.png,D21,False,-1,-1,14
/kaggle/input/datasets/maryemmahmood/glyph2025/Glyph2025/o49/o49_2.png,O49,False,-1,-1,105
/kaggle/input/datasets/maryemmahmood/glyph2025/Glyph2025/y1/y1_28.jpg,Y1,False,-1,-1,163
/kaggle/input/datasets/maryemmahmood/glyph2025/Glyph2025/w19/w19_8.jpg,W19,False,-1,-1,154
/kaggle/input/datasets/maryemmahmood/glyph2025/Glyph2025/r8/r8_43.png,R8,False,-1,-1,118
/kaggle/input/datasets/maryemmahmood/glyph2025/Glyph2025/n35/n35_106.png,N35,False,-1,-1,94
/kaggle/input/datasets/maryemmahmood/glyph2025/Glyph2025/d36/090322_d36.png,D36,True,9,322,17
/kaggle/input/datasets/maryemmahmood/glyph2025/Glyph2025/g43/g43_109.jpg,G43,False,-1,-1,60
/kaggle/input/datasets/maryemmahmood/glyph2025/Glyph2025/g36/g36_41.jpg,G36,False,-1,-1,54
/kaggle/input/datasets/maryemmahmood/glyph2025/Glyph2025/n33/n33_48.jpg,N33,False,-1,-1,92
/kaggle/input/datasets/maryemmahmood/glyph2025/Glyph2025/m16/m16_20.png,M16,False,-1,-1,72
/kaggle/input/datasets/maryemmahmood/glyph2025/Glyph2025/i9/i9_39.png,I9,False,-1,-1,68
/kaggle/input/datasets/maryemmahmood/glyph2025/Glyph2025/q3/q3_127.png,Q3,False,-1,-1,113
/kaggle/input/datasets/maryemmahmood/glyph2025/Glyph2025/e34/050199_e34.png,E34,True,5,199,34
/kaggle/input/datasets/maryemmahmood/glyph2025/Glyph2025/d37/d37_62.png,D37,False,-1,-1,18
/kaggle/input/datasets/maryemmahmood/glyph2025/Glyph2025/s29/030110_s29.png,S29,True,3,110,124
/kaggle/input/datasets/maryemmahmood/glyph2025/Glyph2025/v30/v30_154.png,V30,False,-1,-1,144
/kaggle/input/datasets/maryemmahmood/glyph2025/Glyph2025/o4/o4_41.jpg,O4,False,-1,-1,104
/kaggle/input/datasets/maryemmahmood/glyph2025/Glyph2025/n35/n35_489.png,N35,False,-1,-1,94
/kaggle/input/datasets/maryemmahmood/glyph2025/Glyph2025/s29/200122_s29.png,S29,True,20,122,124
/kaggle/input/datasets/maryemmahmood/glyph2025/Glyph2025/w11/w11_6.png,W11,False,-1,-1,149
/kaggle/input/datasets/maryemmahmood/glyph2025/Glyph2025/d21/d21_322.png,D21,False,-1,-1,14
/kaggle/input/datasets/maryemmahmood/glyph2025/Glyph2025/v30/v30_127.png,V30,False,-1,-1,144
/kaggle/input/datasets/maryemmahmood/glyph2025/Glyph2025/g36/090343_g36.png,G36,True,9,343,54
/kaggle/input/datasets/maryemmahmood/glyph2025/Glyph2025/r4/r4_105.png,R4,False,-1,-1,116
/kaggle/input/datasets/maryemmahmood/glyph2025/Glyph2025/v7/410247_v7.png,V7,True,41,247,148
/kaggle/input/datasets/maryemmahmood/glyph2025/Glyph2025/g43/200003_g43.png,G43,True,20,3,60
/kaggle/input/datasets/maryemmahmood/glyph2025/Glyph2025/r8/r8_56.png,R8,False,-1,-1,118
/kaggle/input/datasets/maryemmahmood/glyph2025/Glyph2025/f35/f35_21.png,F35,False,-1,-1,46
/kaggle/input/datasets/maryemmahmood/glyph2025/Glyph2025/e16/e16_1.jpg,E16,False,-1,-1,32
/kaggle/input/datasets/maryemmahmood/glyph2025/Glyph2025/x1/x1_394.png,X1,False,-1,-1,160
/kaggle/input/datasets/maryemmahmood/glyph2025/Glyph2025/n33/n33_122.jpg,N33,False,-1,-1,92
/kaggle/input/datasets/maryemmahmood/glyph2025/Glyph2025/w11/w11_12.jpg,W11,False,-1,-1,149
/kaggle/input/datasets/maryemmahmood/glyph2025/Glyph2025/g43/210226_g43.png,G43,True,21,226,60
/kaggle/input/datasets/maryemmahmood/glyph2025/Glyph2025/n35/n35_7.png,N35,False,-1,-1,94
/kaggle/input/datasets/maryemmahmood/glyph2025/Glyph2025/q3/050358_q3.png,Q3,True,5,358,113
/kaggle/input/datasets/maryemmahmood/glyph2025/Glyph2025/aa15/aa15_45.png,AA15,False,-1,-1,10
/kaggle/input/datasets/maryemmahmood/glyph2025/Glyph2025/g36/g36_13.png,G36,False,-1,-1,54
/kaggle/input/datasets/maryemmahmood/glyph2025/Glyph2025/q3/q3_133.png,Q3,False,-1,-1,113
/kaggle/input/datasets/maryemmahmood/glyph2025/Glyph2025/u6/u6_7.png,U6,False,-1,-1,136
/kaggle/input/datasets/maryemmahmood/glyph2025/Glyph2025/g17/g17_7.jpg,G17,False,-1,-1,51
/kaggle/input/datasets/maryemmahmood/glyph2025/Glyph2025/g1/210070_g1.png,G1,True,21,70,49
/kaggle/input/datasets/maryemmahmood/glyph2025/Glyph2025/d28/220257_d28.png,D28,True,22,257,15
/kaggle/input/datasets/maryemmahmood/glyph2025/Glyph2025/o34/o34_2.png,O34,False,-1,-1,103
/kaggle/input/datasets/maryemmahmood/glyph2025/Glyph2025/x1/200187_x1.png,X1,True,20,187,160
/kaggle/input/datasets/maryemmahmood/glyph2025/Glyph2025/d58/390181_d58.png,D58,True,39,181,28
/kaggle/input/datasets/maryemmahmood/glyph2025/Glyph2025/o49/o49_93.png,O49,False,-1,-1,105
/kaggle/input/datasets/maryemmahmood/glyph2025/Glyph2025/e9/390050_e9.png,E9,True,39,50,36
/kaggle/input/datasets/maryemmahmood/glyph2025/Glyph2025/u23/u23_14.png,U23,False,-1,-1,134
/kaggle/input/datasets/maryemmahmood/glyph2025/Glyph2025/d21/090380_d21.png,D21,True,9,380,14
/kaggle/input/datasets/maryemmahmood/glyph2025/Glyph2025/g36/220185_g36.png,G36,True,22,185,54
/kaggle/input/datasets/maryemmahmood/glyph2025/Glyph2025/i9/050253_i9.png,I9,True,5,253,68
/kaggle/input/datasets/maryemmahmood/glyph2025/Glyph2025/m17/m17_266.png,M17,False,-1,-1,73
/kaggle/input/datasets/maryemmahmood/glyph2025/Glyph2025/i10/i10_49.png,I10,False,-1,-1,66
/kaggle/input/datasets/maryemmahmood/glyph2025/Glyph2025/n33/n33_171.png,N33,False,-1,-1,92
/kaggle/input/datasets/maryemmahmood/glyph2025/Glyph2025/m17/200137_m17.png,M17,True,20,137,73
/kaggle/input/datasets/maryemmahmood/glyph2025/Glyph2025/q2/q2_6.jpg,Q2,False,-1,-1,112
/kaggle/input/datasets/maryemmahmood/glyph2025/Glyph2025/o50/050064_o50.png,O50,True,5,64,106
/kaggle/input/datasets/maryemmahmood/glyph2025/Glyph2025/n37/050196_n37.png,N37,True,5,196,96
/kaggle/input/datasets/maryemmahmood/glyph2025/Glyph2025/b1/b1_11.jpg,B1,False,-1,-1,11
/kaggle/input/datasets/maryemmahmood/glyph2025/Glyph2025/i9/i9_310.png,I9,False,-1,-1,68
/kaggle/input/datasets/maryemmahmood/glyph2025/Glyph2025/x1/x1_375.png,X1,False,-1,-1,160
/kaggle/input/datasets/maryemmahmood/glyph2025/Glyph2025/d37/d37_103.png,D37,False,-1,-1,18
/kaggle/input/datasets/maryemmahmood/glyph2025/Glyph2025/v4/050006_v4.png,V4,True,5,6,146
/kaggle/input/datasets/maryemmahmood/glyph2025/Glyph2025/m17/m17_408.png,M17,False,-1,-1,73
/kaggle/input/datasets/maryemmahmood/glyph2025/Glyph2025/n1/n1_30.png,N1,False,-1,-1,83
/kaggle/input/datasets/maryemmahmood/glyph2025/Glyph2025/x1/050394_x1.png,X1,True,5,394,160
/kaggle/input/datasets/maryemmahmood/glyph2025/Glyph2025/d21/d21_234.png,D21,False,-1,-1,14
/kaggle/input/datasets/maryemmahmood/glyph2025/Glyph2025/z9/z9_3.png,Z9,False,-1,-1,175
/kaggle/input/datasets/maryemmahmood/glyph2025/Glyph2025/d4/090020_d4.png,D4,True,9,20,20
/kaggle/input/datasets/maryemmahmood/glyph2025/Glyph2025/m17/m17_189.jpg,M17,False,-1,-1,73
/kaggle/input/datasets/maryemmahmood/glyph2025/Glyph2025/f39/f39_34.png,F39,False,-1,-1,47
/kaggle/input/datasets/maryemmahmood/glyph2025/Glyph2025/o4/o4_10.jpg,O4,False,-1,-1,104
/kaggle/input/datasets/maryemmahmood/glyph2025/Glyph2025/d36/d36_43.png,D36,False,-1,-1,17
/kaggle/input/datasets/maryemmahmood/glyph2025/Glyph2025/m23/m23_152.png,M23,False,-1,-1,78
/kaggle/input/datasets/maryemmahmood/glyph2025/Glyph2025/y1/y1_57.png,Y1,False,-1,-1,163
/kaggle/input/datasets/maryemmahmood/glyph2025/Glyph2025/d37/d37_112.png,D37,False,-1,-1,18
/kaggle/input/datasets/maryemmahmood/glyph2025/Glyph2025/q1/q1_57.png,Q1,False,-1,-1,111
/kaggle/input/datasets/maryemmahmood/glyph2025/Glyph2025/d21/d21_38.png,D21,False,-1,-1,14
/kaggle/input/datasets/maryemmahmood/glyph2025/Glyph2025/g43/410081_g43.png,G43,True,41,81,60
/kaggle/input/datasets/maryemmahmood/glyph2025/Glyph2025/x1/x1_259.png,X1,False,-1,-1,160
/kaggle/input/datasets/maryemmahmood/glyph2025/Glyph2025/d45/d45_28.png,D45,False,-1,-1,22
/kaggle/input/datasets/maryemmahmood/glyph2025/Glyph2025/q1/q1_28.png,Q1,False,-1,-1,111
/kaggle/input/datasets/maryemmahmood/glyph2025/Glyph2025/n33/n33_1.png,N33,False,-1,-1,92
/kaggle/input/datasets/maryemmahmood/glyph2025/Glyph2025/i9/i9_165.png,I9,False,-1,-1,68
/kaggle/input/datasets/maryemmahmood/glyph2025/Glyph2025/m17/m17_206.jpg,M17,False,-1,-1,73
/kaggle/input/datasets/maryemmahmood/glyph2025/Glyph2025/f35/f35_127.png,F35,False,-1,-1,46
/kaggle/input/datasets/maryemmahmood/glyph2025/Glyph2025/f35/f35_96.png,F35,False,-1,-1,46
/kaggle/input/datasets/maryemmahmood/glyph2025/Glyph2025/x1/230036_x1.png,X1,True,23,36,160
/kaggle/input/datasets/maryemmahmood/glyph2025/Glyph2025/i9/i9_42.jpg,I9,False,-1,-1,68
/kaggle/input/datasets/maryemmahmood/glyph2025/Glyph2025/z1/z1_26.png,Z1,False,-1,-1,168
/kaggle/input/datasets/maryemmahmood/glyph2025/Glyph2025/n14/n14_29.png,N14,False,-1,-1,84
/kaggle/input/datasets/maryemmahmood/glyph2025/Glyph2025/r8/r8_9.png,R8,False,-1,-1,118
/kaggle/input/datasets/maryemmahmood/glyph2025/Glyph2025/m29/m29_3.jpg,M29,False,-1,-1,79
/kaggle/input/datasets/maryemmahmood/glyph2025/Glyph2025/v13/v13_81.png,V13,False,-1,-1,140
/kaggle/input/datasets/maryemmahmood/glyph2025/Glyph2025/d21/d21_163.jpg,D21,False,-1,-1,14
/kaggle/input/datasets/maryemmahmood/glyph2025/Glyph2025/w24/030352_w24.png,W24,True,3,352,157
/kaggle/input/datasets/maryemmahmood/glyph2025/Glyph2025/d28/d28_47.png,D28,False,-1,-1,15
/kaggle/input/datasets/maryemmahmood/glyph2025/Glyph2025/d28/d28_83.jpg,D28,False,-1,-1,15
/kaggle/input/datasets/maryemmahmood/glyph2025/Glyph2025/m17/220221_m17.png,M17,True,22,221,73
/kaggle/input/datasets/maryemmahmood/glyph2025/Glyph2025/g17/210001_g17.png,G17,True,21,1,51
/kaggle/input/datasets/maryemmahmood/glyph2025/Glyph2025/g17/410359_g17.png,G17,True,41,359,51
/kaggle/input/datasets/maryemmahmood/glyph2025/Glyph2025/e34/e34_7.png,E34,False,-1,-1,34
/kaggle/input/datasets/maryemmahmood/glyph2025/Glyph2025/d21/d21_209.png,D21,False,-1,-1,14
/kaggle/input/datasets/maryemmahmood/glyph2025/Glyph2025/p8/090006_p8.png,P8,True,9,6,110
/kaggle/input/datasets/maryemmahmood/glyph2025/Glyph2025/m3/090261_m3.png,M3,True,9,261,80
/kaggle/input/datasets/maryemmahmood/glyph2025/Glyph2025/e34/210109_e34.png,E34,True,21,109,34
/kaggle/input/datasets/maryemmahmood/glyph2025/Glyph2025/m12/m12_5.png,M12,False,-1,-1,71
/kaggle/input/datasets/maryemmahmood/glyph2025/Glyph2025/d21/210152_d21.png,D21,True,21,152,14
/kaggle/input/datasets/maryemmahmood/glyph2025/Glyph2025/n35/n35_312.png,N35,False,-1,-1,94
/kaggle/input/datasets/maryemmahmood/glyph2025/Glyph2025/z1/390337_z1.png,Z1,True,39,337,168
/kaggle/input/datasets/maryemmahmood/glyph2025/Glyph2025/f31/f31_37.png,F31,False,-1,-1,43
/kaggle/input/datasets/maryemmahmood/glyph2025/Glyph2025/d40/d40_2.png,D40,False,-1,-1,21
/kaggle/input/datasets/maryemmahmood/glyph2025/Glyph2025/v28/v28_104.png,V28,False,-1,-1,142
/kaggle/input/datasets/maryemmahmood/glyph2025/Glyph2025/m17/220290_m17.png,M17,True,22,290,73
/kaggle/input/datasets/maryemmahmood/glyph2025/Glyph2025/m17/m17_362.png,M17,False,-1,-1,73
/kaggle/input/datasets/maryemmahmood/glyph2025/Glyph2025/a40/a40_35.png,A40,False,-1,-1,6
/kaggle/input/datasets/maryemmahmood/glyph2025/Glyph2025/r8/r8_83.jpg,R8,False,-1,-1,118
/kaggle/input/datasets/maryemmahmood/glyph2025/Glyph2025/m17/m17_173.png,M17,False,-1,-1,73
/kaggle/input/datasets/maryemmahmood/glyph2025/Glyph2025/d36/220008_d36.png,D36,True,22,8,17
/kaggle/input/datasets/maryemmahmood/glyph2025/Glyph2025/n1/n1_78.png,N1,False,-1,-1,83
/kaggle/input/datasets/maryemmahmood/glyph2025/Glyph2025/h1/h1_44.png,H1,False,-1,-1,62
/kaggle/input/datasets/maryemmahmood/glyph2025/Glyph2025/m17/m17_328.png,M17,False,-1,-1,73
/kaggle/input/datasets/maryemmahmood/glyph2025/Glyph2025/v31/410158_v31.png,V31,True,41,158,145
/kaggle/input/datasets/maryemmahmood/glyph2025/Glyph2025/z1/210267_z1.png,Z1,True,21,267,168
/kaggle/input/datasets/maryemmahmood/glyph2025/Glyph2025/n35/n35_440.png,N35,False,-1,-1,94
/kaggle/input/datasets/maryemmahmood/glyph2025/Glyph2025/n35/n35_521.png,N35,False,-1,-1,94
/kaggle/input/datasets/maryemmahmood/glyph2025/Glyph2025/q1/q1_1.png,Q1,False,-1,-1,111
/kaggle/input/datasets/maryemmahmood/glyph2025/Glyph2025/q3/210113_q3.png,Q3,True,21,113,113
/kaggle/input/datasets/maryemmahmood/glyph2025/Glyph2025/d21/d21_328.png,D21,False,-1,-1,14
/kaggle/input/datasets/maryemmahmood/glyph2025/Glyph2025/s29/210134_s29.png,S29,True,21,134,124
/kaggle/input/datasets/maryemmahmood/glyph2025/Glyph2025/n35/n35_424.png,N35,False,-1,-1,94
/kaggle/input/datasets/maryemmahmood/glyph2025/Glyph2025/s29/210234_s29.png,S29,True,21,234,124
/kaggle/input/datasets/maryemmahmood/glyph2025/Glyph2025/d21/d21_221.png,D21,False,-1,-1,14
/kaggle/input/datasets/maryemmahmood/glyph2025/Glyph2025/n33/n33_150.png,N33,False,-1,-1,92
/kaggle/input/datasets/maryemmahmood/glyph2025/Glyph2025/q1/q1_6.png,Q1,False,-1,-1,111
/kaggle/input/datasets/maryemmahmood/glyph2025/Glyph2025/i10/050044_i10.png,I10,True,5,44,66
/kaggle/input/datasets/maryemmahmood/glyph2025/Glyph2025/v30/v30_228.png,V30,False,-1,-1,144
/kaggle/input/datasets/maryemmahmood/glyph2025/Glyph2025/f35/f35_122.png,F35,False,-1,-1,46
/kaggle/input/datasets/maryemmahmood/glyph2025/Glyph2025/v30/v30_215.png,V30,False,-1,-1,144
/kaggle/input/datasets/maryemmahmood/glyph2025/Glyph2025/s29/050392_s29.png,S29,True,5,392,124
/kaggle/input/datasets/maryemmahmood/glyph2025/Glyph2025/x1/x1_84.png,X1,False,-1,-1,160
/kaggle/input/datasets/maryemmahmood/glyph2025/Glyph2025/d37/d37_64.jpg,D37,False,-1,-1,18
/kaggle/input/datasets/maryemmahmood/glyph2025/Glyph2025/u1/u1_10.jpg,U1,False,-1,-1,132
/kaggle/input/datasets/maryemmahmood/glyph2025/Glyph2025/y1/y1_93.png,Y1,False,-1,-1,163
/kaggle/input/datasets/maryemmahmood/glyph2025/Glyph2025/d37/d37_93.jpg,D37,False,-1,-1,18
/kaggle/input/datasets/maryemmahmood/glyph2025/Glyph2025/g43/g43_34.png,G43,False,-1,-1,60
/kaggle/input/datasets/maryemmahmood/glyph2025/Glyph2025/n25/n25_6.png,N25,False,-1,-1,88
/kaggle/input/datasets/maryemmahmood/glyph2025/Glyph2025/e34/e34_14.jpg,E34,False,-1,-1,34
/kaggle/input/datasets/maryemmahmood/glyph2025/Glyph2025/v6/v6_20.png,V6,False,-1,-1,147
/kaggle/input/datasets/maryemmahmood/glyph2025/Glyph2025/g17/390392_g17.png,G17,True,39,392,51
/kaggle/input/datasets/maryemmahmood/glyph2025/Glyph2025/i10/i10_32.png,I10,False,-1,-1,66
/kaggle/input/datasets/maryemmahmood/glyph2025/Glyph2025/y5/y5_99.jpg,Y5,False,-1,-1,167
/kaggle/input/datasets/maryemmahmood/glyph2025/Glyph2025/x8/x8_8.png,X8,False,-1,-1,162
/kaggle/input/datasets/maryemmahmood/glyph2025/Glyph2025/q1/q1_41.jpg,Q1,False,-1,-1,111
/kaggle/input/datasets/maryemmahmood/glyph2025/Glyph2025/o49/o49_11.png,O49,False,-1,-1,105
/kaggle/input/datasets/maryemmahmood/glyph2025/Glyph2025/r4/r4_88.png,R4,False,-1,-1,116
/kaggle/input/datasets/maryemmahmood/glyph2025/Glyph2025/m17/050102_m17.png,M17,True,5,102,73
/kaggle/input/datasets/maryemmahmood/glyph2025/Glyph2025/n35/n35_382.png,N35,False,-1,-1,94
/kaggle/input/datasets/maryemmahmood/glyph2025/Glyph2025/u7/u7_1.png,U7,False,-1,-1,137
/kaggle/input/datasets/maryemmahmood/glyph2025/Glyph2025/x1/x1_371.png,X1,False,-1,-1,160
/kaggle/input/datasets/maryemmahmood/glyph2025/Glyph2025/u7/u7_25.png,U7,False,-1,-1,137
/kaggle/input/datasets/maryemmahmood/glyph2025/Glyph2025/m12/m12_58.png,M12,False,-1,-1,71
/kaggle/input/datasets/maryemmahmood/glyph2025/Glyph2025/q3/q3_90.png,Q3,False,-1,-1,113
/kaggle/input/datasets/maryemmahmood/glyph2025/Glyph2025/u33/090318_u33.png,U33,True,9,318,135
/kaggle/input/datasets/maryemmahmood/glyph2025/Glyph2025/m17/m17_158.png,M17,False,-1,-1,73
/kaggle/input/datasets/maryemmahmood/glyph2025/Glyph2025/d37/d37_95.png,D37,False,-1,-1,18
/kaggle/input/datasets/maryemmahmood/glyph2025/Glyph2025/g40/030218_g40.png,G40,True,3,218,59
/kaggle/input/datasets/maryemmahmood/glyph2025/Glyph2025/n18/230088_n18.png,N18,True,23,88,86
/kaggle/input/datasets/maryemmahmood/glyph2025/Glyph2025/p8/050375_p8.png,P8,True,5,375,110
/kaggle/input/datasets/maryemmahmood/glyph2025/Glyph2025/n1/n1_54.png,N1,False,-1,-1,83
/kaggle/input/datasets/maryemmahmood/glyph2025/Glyph2025/d35/d35_14.jpg,D35,False,-1,-1,16
/kaggle/input/datasets/maryemmahmood/glyph2025/Glyph2025/d21/d21_232.png,D21,False,-1,-1,14
/kaggle/input/datasets/maryemmahmood/glyph2025/Glyph2025/w22/w22_16.png,W22,False,-1,-1,155
/kaggle/input/datasets/maryemmahmood/glyph2025/Glyph2025/g17/050120_g17.png,G17,True,5,120,51
/kaggle/input/datasets/maryemmahmood/glyph2025/Glyph2025/i9/i9_156.png,I9,False,-1,-1,68
/kaggle/input/datasets/maryemmahmood/glyph2025/Glyph2025/i9/i9_2.png,I9,False,-1,-1,68
/kaggle/input/datasets/maryemmahmood/glyph2025/Glyph2025/n35/410179_n35.png,N35,True,41,179,94
/kaggle/input/datasets/maryemmahmood/glyph2025/Glyph2025/u6/u6_29.jpg,U6,False,-1,-1,136
/kaggle/input/datasets/maryemmahmood/glyph2025/Glyph2025/v31/200292_v31.png,V31,True,20,292,145
/kaggle/input/datasets/maryemmahmood/glyph2025/Glyph2025/x8/x8_104.jpg,X8,False,-1,-1,162
/kaggle/input/datasets/maryemmahmood/glyph2025/Glyph2025/a1/a1_73.jpg,A1,False,-1,-1,0
/kaggle/input/datasets/maryemmahmood/glyph2025/Glyph2025/m17/m17_160.png,M17,False,-1,-1,73
/kaggle/input/datasets/maryemmahmood/glyph2025/Glyph2025/n35/n35_300.png,N35,False,-1,-1,94
/kaggle/input/datasets/maryemmahmood/glyph2025/Glyph2025/e16/e16_3.jpg,E16,False,-1,-1,32
/kaggle/input/datasets/maryemmahmood/glyph2025/Glyph2025/h6/h6_23.png,H6,False,-1,-1,63
/kaggle/input/datasets/maryemmahmood/glyph2025/Glyph2025/q1/q1_92.png,Q1,False,-1,-1,111
/kaggle/input/datasets/maryemmahmood/glyph2025/Glyph2025/g43/200102_g43.png,G43,True,20,102,60
/kaggle/input/datasets/maryemmahmood/glyph2025/Glyph2025/z11/z11_15.png,Z11,False,-1,-1,169
/kaggle/input/datasets/maryemmahmood/glyph2025/Glyph2025/g40/g40_2.png,G40,False,-1,-1,59
/kaggle/input/datasets/maryemmahmood/glyph2025/Glyph2025/v30/v30_32.png,V30,False,-1,-1,144
/kaggle/input/datasets/maryemmahmood/glyph2025/Glyph2025/m17/090255_m17.png,M17,True,9,255,73
/kaggle/input/datasets/maryemmahmood/glyph2025/Glyph2025/a40/a40_37.png,A40,False,-1,-1,6
/kaggle/input/datasets/maryemmahmood/glyph2025/Glyph2025/y3/y3_1.png,Y3,False,-1,-1,165
/kaggle/input/datasets/maryemmahmood/glyph2025/Glyph2025/aa13/aa13_7.jpg,AA13,False,-1,-1,9
/kaggle/input/datasets/maryemmahmood/glyph2025/Glyph2025/m17/m17_340.png,M17,False,-1,-1,73
/kaggle/input/datasets/maryemmahmood/glyph2025/Glyph2025/d28/050269_d28.png,D28,True,5,269,15
/kaggle/input/datasets/maryemmahmood/glyph2025/Glyph2025/v30/v30_146.png,V30,False,-1,-1,144
/kaggle/input/datasets/maryemmahmood/glyph2025/Glyph2025/n33/n33_174.png,N33,False,-1,-1,92
/kaggle/input/datasets/maryemmahmood/glyph2025/Glyph2025/m20/m20_4.jpg,M20,False,-1,-1,76
/kaggle/input/datasets/maryemmahmood/glyph2025/Glyph2025/d46/050274_d46.png,D46,True,5,274,23
/kaggle/input/datasets/maryemmahmood/glyph2025/Glyph2025/x7/x7_12.jpg,X7,False,-1,-1,161
/kaggle/input/datasets/maryemmahmood/glyph2025/Glyph2025/q1/q1_130.png,Q1,False,-1,-1,111
/kaggle/input/datasets/maryemmahmood/glyph2025/Glyph2025/n36/n36_4.png,N36,False,-1,-1,95
/kaggle/input/datasets/maryemmahmood/glyph2025/Glyph2025/m17/m17_216.png,M17,False,-1,-1,73
/kaggle/input/datasets/maryemmahmood/glyph2025/Glyph2025/n35/n35_366.png,N35,False,-1,-1,94
/kaggle/input/datasets/maryemmahmood/glyph2025/Glyph2025/v31/v31_50.png,V31,False,-1,-1,145
/kaggle/input/datasets/maryemmahmood/glyph2025/Glyph2025/d60/d60_19.jpg,D60,False,-1,-1,29
/kaggle/input/datasets/maryemmahmood/glyph2025/Glyph2025/w19/w19_16.png,W19,False,-1,-1,154
/kaggle/input/datasets/maryemmahmood/glyph2025/Glyph2025/w25/w25_19.jpg,W25,False,-1,-1,158
/kaggle/input/datasets/maryemmahmood/glyph2025/Glyph2025/i9/i9_126.png,I9,False,-1,-1,68
/kaggle/input/datasets/maryemmahmood/glyph2025/Glyph2025/x8/x8_126.png,X8,False,-1,-1,162
/kaggle/input/datasets/maryemmahmood/glyph2025/Glyph2025/d21/220001_d21.png,D21,True,22,1,14
/kaggle/input/datasets/maryemmahmood/glyph2025/Glyph2025/n35/n35_359.png,N35,False,-1,-1,94
/kaggle/input/datasets/maryemmahmood/glyph2025/Glyph2025/d4/d4_82.jpg,D4,False,-1,-1,20
/kaggle/input/datasets/maryemmahmood/glyph2025/Glyph2025/z11/z11_7.jpg,Z11,False,-1,-1,169
/kaggle/input/datasets/maryemmahmood/glyph2025/Glyph2025/e34/e34_25.png,E34,False,-1,-1,34
/kaggle/input/datasets/maryemmahmood/glyph2025/Glyph2025/g43/200134_g43.png,G43,True,20,134,60
/kaggle/input/datasets/maryemmahmood/glyph2025/Glyph2025/m17/210104_m17.png,M17,True,21,104,73
/kaggle/input/datasets/maryemmahmood/glyph2025/Glyph2025/y1/y1_20.png,Y1,False,-1,-1,163
/kaggle/input/datasets/maryemmahmood/glyph2025/Glyph2025/d28/d28_42.jpg,D28,False,-1,-1,15
/kaggle/input/datasets/maryemmahmood/glyph2025/Glyph2025/d21/230045_d21.png,D21,True,23,45,14
/kaggle/input/datasets/maryemmahmood/glyph2025/Glyph2025/x8/x8_59.jpg,X8,False,-1,-1,162
/kaggle/input/datasets/maryemmahmood/glyph2025/Glyph2025/d21/050380_d21.png,D21,True,5,380,14
/kaggle/input/datasets/maryemmahmood/glyph2025/Glyph2025/d4/d4_62.jpg,D4,False,-1,-1,20
/kaggle/input/datasets/maryemmahmood/glyph2025/Glyph2025/x1/x1_181.png,X1,False,-1,-1,160
/kaggle/input/datasets/maryemmahmood/glyph2025/Glyph2025/m12/m12_71.png,M12,False,-1,-1,71
/kaggle/input/datasets/maryemmahmood/glyph2025/Glyph2025/q1/q1_94.png,Q1,False,-1,-1,111
/kaggle/input/datasets/maryemmahmood/glyph2025/Glyph2025/f1/f1_12.png,F1,False,-1,-1,37
/kaggle/input/datasets/maryemmahmood/glyph2025/Glyph2025/z1b/z1b_5.png,Z1B,False,-1,-1,170
/kaggle/input/datasets/maryemmahmood/glyph2025/Glyph2025/y1/y1_25.png,Y1,False,-1,-1,163
/kaggle/input/datasets/maryemmahmood/glyph2025/Glyph2025/q1/q1_78.png,Q1,False,-1,-1,111
/kaggle/input/datasets/maryemmahmood/glyph2025/Glyph2025/d58/d58_88.png,D58,False,-1,-1,28
/kaggle/input/datasets/maryemmahmood/glyph2025/Glyph2025/d46/d46_67.png,D46,False,-1,-1,23
/kaggle/input/datasets/maryemmahmood/glyph2025/Glyph2025/d21/050315_d21.png,D21,True,5,315,14
/kaggle/input/datasets/maryemmahmood/glyph2025/Glyph2025/f35/f35_58.jpg,F35,False,-1,-1,46
/kaggle/input/datasets/maryemmahmood/glyph2025/Glyph2025/m17/030449_m17.png,M17,True,3,449,73
/kaggle/input/datasets/maryemmahmood/glyph2025/Glyph2025/x1/x1_113.png,X1,False,-1,-1,160
/kaggle/input/datasets/maryemmahmood/glyph2025/Glyph2025/v30/v30_233.jpg,V30,False,-1,-1,144
/kaggle/input/datasets/maryemmahmood/glyph2025/Glyph2025/d4/d4_235.png,D4,False,-1,-1,20
/kaggle/input/datasets/maryemmahmood/glyph2025/Glyph2025/s34/s34_46.jpg,S34,False,-1,-1,126
/kaggle/input/datasets/maryemmahmood/glyph2025/Glyph2025/h6/h6_33.png,H6,False,-1,-1,63
/kaggle/input/datasets/maryemmahmood/glyph2025/Glyph2025/s29/s29_102.jpg,S29,False,-1,-1,124
/kaggle/input/datasets/maryemmahmood/glyph2025/Glyph2025/v31/v31_73.png,V31,False,-1,-1,145
/kaggle/input/datasets/maryemmahmood/glyph2025/Glyph2025/u7/u7_5.png,U7,False,-1,-1,137
/kaggle/input/datasets/maryemmahmood/glyph2025/Glyph2025/z1/030339_z1.png,Z1,True,3,339,168
/kaggle/input/datasets/maryemmahmood/glyph2025/Glyph2025/v31/v31_128.png,V31,False,-1,-1,145
/kaggle/input/datasets/maryemmahmood/glyph2025/Glyph2025/aa15/aa15_86.png,AA15,False,-1,-1,10
/kaggle/input/datasets/maryemmahmood/glyph2025/Glyph2025/d37/d37_53.png,D37,False,-1,-1,18
/kaggle/input/datasets/maryemmahmood/glyph2025/Glyph2025/r14/r14_27.png,R14,False,-1,-1,115
/kaggle/input/datasets/maryemmahmood/glyph2025/Glyph2025/d28/d28_19.png,D28,False,-1,-1,15
/kaggle/input/datasets/maryemmahmood/glyph2025/Glyph2025/s29/s29_84.jpg,S29,False,-1,-1,124
/kaggle/input/datasets/maryemmahmood/glyph2025/Glyph2025/g43/200008_g43.png,G43,True,20,8,60
/kaggle/input/datasets/maryemmahmood/glyph2025/Glyph2025/x8/x8_83.jpg,X8,False,-1,-1,162
/kaggle/input/datasets/maryemmahmood/glyph2025/Glyph2025/x8/x8_21.jpg,X8,False,-1,-1,162
/kaggle/input/datasets/maryemmahmood/glyph2025/Glyph2025/g14/g14_8.png,G14,False,-1,-1,50
/kaggle/input/datasets/maryemmahmood/glyph2025/Glyph2025/w18/w18_6.png,W18,False,-1,-1,153
/kaggle/input/datasets/maryemmahmood/glyph2025/Glyph2025/n35/200332_n35.png,N35,True,20,332,94
/kaggle/input/datasets/maryemmahmood/glyph2025/Glyph2025/i10/i10_20.png,I10,False,-1,-1,66
/kaggle/input/datasets/maryemmahmood/glyph2025/Glyph2025/r4/r4_42.jpg,R4,False,-1,-1,116
/kaggle/input/datasets/maryemmahmood/glyph2025/Glyph2025/d55/d55_28.jpg,D55,False,-1,-1,26
/kaggle/input/datasets/maryemmahmood/glyph2025/Glyph2025/v13/v13_30.jpg,V13,False,-1,-1,140
/kaggle/input/datasets/maryemmahmood/glyph2025/Glyph2025/m23/m23_45.png,M23,False,-1,-1,78
/kaggle/input/datasets/maryemmahmood/glyph2025/Glyph2025/x1/x1_264.png,X1,False,-1,-1,160
/kaggle/input/datasets/maryemmahmood/glyph2025/Glyph2025/a1/a1_104.jpg,A1,False,-1,-1,0
/kaggle/input/datasets/maryemmahmood/glyph2025/Glyph2025/r8/r8_34.png,R8,False,-1,-1,118
/kaggle/input/datasets/maryemmahmood/glyph2025/Glyph2025/o1/o1_125.png,O1,False,-1,-1,100
/kaggle/input/datasets/maryemmahmood/glyph2025/Glyph2025/u7/u7_41.png,U7,False,-1,-1,137
/kaggle/input/datasets/maryemmahmood/glyph2025/Glyph2025/v30/v30_205.png,V30,False,-1,-1,144
/kaggle/input/datasets/maryemmahmood/glyph2025/Glyph2025/m17/m17_65.png,M17,False,-1,-1,73
/kaggle/input/datasets/maryemmahmood/glyph2025/Glyph2025/o49/o49_21.png,O49,False,-1,-1,105
/kaggle/input/datasets/maryemmahmood/glyph2025/Glyph2025/d21/d21_283.png,D21,False,-1,-1,14
/kaggle/input/datasets/maryemmahmood/glyph2025/Glyph2025/g43/g43_58.png,G43,False,-1,-1,60
/kaggle/input/datasets/maryemmahmood/glyph2025/Glyph2025/g43/390260_g43.png,G43,True,39,260,60
/kaggle/input/datasets/maryemmahmood/glyph2025/Glyph2025/v30/v30_237.png,V30,False,-1,-1,144
/kaggle/input/datasets/maryemmahmood/glyph2025/Glyph2025/f35/f35_84.png,F35,False,-1,-1,46
/kaggle/input/datasets/maryemmahmood/glyph2025/Glyph2025/v31/v31_103.jpg,V31,False,-1,-1,145
/kaggle/input/datasets/maryemmahmood/glyph2025/Glyph2025/d4/090129_d4.png,D4,True,9,129,20
/kaggle/input/datasets/maryemmahmood/glyph2025/Glyph2025/n35/n35_161.jpg,N35,False,-1,-1,94
/kaggle/input/datasets/maryemmahmood/glyph2025/Glyph2025/m17/m17_140.jpg,M17,False,-1,-1,73
/kaggle/input/datasets/maryemmahmood/glyph2025/Glyph2025/d40/d40_13.png,D40,False,-1,-1,21
/kaggle/input/datasets/maryemmahmood/glyph2025/Glyph2025/i9/210088_i9.png,I9,True,21,88,68
/kaggle/input/datasets/maryemmahmood/glyph2025/Glyph2025/r4/r4_31.jpg,R4,False,-1,-1,116
/kaggle/input/datasets/maryemmahmood/glyph2025/Glyph2025/n1/n1_68.png,N1,False,-1,-1,83
/kaggle/input/datasets/maryemmahmood/glyph2025/Glyph2025/n35/230063_n35.png,N35,True,23,63,94
/kaggle/input/datasets/maryemmahmood/glyph2025/Glyph2025/n35/410288_n35.png,N35,True,41,288,94
/kaggle/input/datasets/maryemmahmood/glyph2025/Glyph2025/i9/050256_i9.png,I9,True,5,256,68
/kaggle/input/datasets/maryemmahmood/glyph2025/Glyph2025/d4/d4_31.jpg,D4,False,-1,-1,20
/kaggle/input/datasets/maryemmahmood/glyph2025/Glyph2025/v31/390154_v31.png,V31,True,39,154,145
/kaggle/input/datasets/maryemmahmood/glyph2025/Glyph2025/x1/220187_x1.png,X1,True,22,187,160
/kaggle/input/datasets/maryemmahmood/glyph2025/Glyph2025/g17/g17_57.jpg,G17,False,-1,-1,51
/kaggle/input/datasets/maryemmahmood/glyph2025/Glyph2025/n35/n35_89.jpg,N35,False,-1,-1,94
/kaggle/input/datasets/maryemmahmood/glyph2025/Glyph2025/m17/m17_428.png,M17,False,-1,-1,73
/kaggle/input/datasets/maryemmahmood/glyph2025/Glyph2025/m17/m17_239.png,M17,False,-1,-1,73
/kaggle/input/datasets/maryemmahmood/glyph2025/Glyph2025/d37/d37_38.png,D37,False,-1,-1,18
/kaggle/input/datasets/maryemmahmood/glyph2025/Glyph2025/x1/050309_x1.png,X1,True,5,309,160
/kaggle/input/datasets/maryemmahmood/glyph2025/Glyph2025/d36/d36_152.jpg,D36,False,-1,-1,17
/kaggle/input/datasets/maryemmahmood/glyph2025/Glyph2025/d21/d21_4.png,D21,False,-1,-1,14
/kaggle/input/datasets/maryemmahmood/glyph2025/Glyph2025/n35/n35_64.jpg,N35,False,-1,-1,94
/kaggle/input/datasets/maryemmahmood/glyph2025/Glyph2025/n35/050086_n35.png,N35,True,5,86,94
/kaggle/input/datasets/maryemmahmood/glyph2025/Glyph2025/z1/z1_27.png,Z1,False,-1,-1,168
/kaggle/input/datasets/maryemmahmood/glyph2025/Glyph2025/q3/q3_45.png,Q3,False,-1,-1,113
/kaggle/input/datasets/maryemmahmood/glyph2025/Glyph2025/q3/q3_106.png,Q3,False,-1,-1,113
/kaggle/input/datasets/maryemmahmood/glyph2025/Glyph2025/v13/090024_v13.png,V13,True,9,24,140
/kaggle/input/datasets/maryemmahmood/glyph2025/Glyph2025/r8/050109_r8.png,R8,True,5,109,118
/kaggle/input/datasets/maryemmahmood/glyph2025/Glyph2025/m17/m17_75.jpg,M17,False,-1,-1,73
/kaggle/input/datasets/maryemmahmood/glyph2025/Glyph2025/m17/m17_411.png,M17,False,-1,-1,73
/kaggle/input/datasets/maryemmahmood/glyph2025/Glyph2025/o49/o49_3.png,O49,False,-1,-1,105
/kaggle/input/datasets/maryemmahmood/glyph2025/Glyph2025/g17/g17_93.png,G17,False,-1,-1,51
/kaggle/input/datasets/maryemmahmood/glyph2025/Glyph2025/v30/v30_198.png,V30,False,-1,-1,144
/kaggle/input/datasets/maryemmahmood/glyph2025/Glyph2025/w17/w17_3.jpg,W17,False,-1,-1,152
/kaggle/input/datasets/maryemmahmood/glyph2025/Glyph2025/s34/s34_25.png,S34,False,-1,-1,126
/kaggle/input/datasets/maryemmahmood/glyph2025/Glyph2025/v31/390294_v31.png,V31,True,39,294,145
/kaggle/input/datasets/maryemmahmood/glyph2025/Glyph2025/v31/v31_107.png,V31,False,-1,-1,145
/kaggle/input/datasets/maryemmahmood/glyph2025/Glyph2025/i9/210176_i9.png,I9,True,21,176,68
/kaggle/input/datasets/maryemmahmood/glyph2025/Glyph2025/o1/o1_115.png,O1,False,-1,-1,100
/kaggle/input/datasets/maryemmahmood/glyph2025/Glyph2025/q1/410101_q1.png,Q1,True,41,101,111
/kaggle/input/datasets/maryemmahmood/glyph2025/Glyph2025/v28/v28_130.png,V28,False,-1,-1,142
/kaggle/input/datasets/maryemmahmood/glyph2025/Glyph2025/u6/u6_25.png,U6,False,-1,-1,136
/kaggle/input/datasets/maryemmahmood/glyph2025/Glyph2025/i9/i9_54.jpg,I9,False,-1,-1,68
/kaggle/input/datasets/maryemmahmood/glyph2025/Glyph2025/o29/o29_3.png,O29,False,-1,-1,101
/kaggle/input/datasets/maryemmahmood/glyph2025/Glyph2025/y4/y4_23.png,Y4,False,-1,-1,166
/kaggle/input/datasets/maryemmahmood/glyph2025/Glyph2025/y5/y5_88.png,Y5,False,-1,-1,167
/kaggle/input/datasets/maryemmahmood/glyph2025/Glyph2025/x1/x1_273.png,X1,False,-1,-1,160
/kaggle/input/datasets/maryemmahmood/glyph2025/Glyph2025/w11/w11_20.jpg,W11,False,-1,-1,149
/kaggle/input/datasets/maryemmahmood/glyph2025/Glyph2025/a1/a1_105.jpg,A1,False,-1,-1,0
/kaggle/input/datasets/maryemmahmood/glyph2025/Glyph2025/g35/050033_g35.png,G35,True,5,33,53
/kaggle/input/datasets/maryemmahmood/glyph2025/Glyph2025/v28/050170_v28.png,V28,True,5,170,142
/kaggle/input/datasets/maryemmahmood/glyph2025/Glyph2025/g17/g17_98.jpg,G17,False,-1,-1,51
/kaggle/input/datasets/maryemmahmood/glyph2025/Glyph2025/d39/d39_17.png,D39,False,-1,-1,19
/kaggle/input/datasets/maryemmahmood/glyph2025/Glyph2025/s29/s29_11.png,S29,False,-1,-1,124
/kaggle/input/datasets/maryemmahmood/glyph2025/Glyph2025/g40/g40_3.png,G40,False,-1,-1,59
/kaggle/input/datasets/maryemmahmood/glyph2025/Glyph2025/f1/f1_42.png,F1,False,-1,-1,37
/kaggle/input/datasets/maryemmahmood/glyph2025/Glyph2025/d60/d60_15.jpg,D60,False,-1,-1,29
/kaggle/input/datasets/maryemmahmood/glyph2025/Glyph2025/v28/230169_v28.png,V28,True,23,169,142
/kaggle/input/datasets/maryemmahmood/glyph2025/Glyph2025/e34/e34_20.png,E34,False,-1,-1,34
/kaggle/input/datasets/maryemmahmood/glyph2025/Glyph2025/d46/d46_43.jpg,D46,False,-1,-1,23
/kaggle/input/datasets/maryemmahmood/glyph2025/Glyph2025/z1/210285_z1.png,Z1,True,21,285,168
/kaggle/input/datasets/maryemmahmood/glyph2025/Glyph2025/v28/v28_149.png,V28,False,-1,-1,142
/kaggle/input/datasets/maryemmahmood/glyph2025/Glyph2025/o49/o49_1.png,O49,False,-1,-1,105
/kaggle/input/datasets/maryemmahmood/glyph2025/Glyph2025/aa15/aa15_17.png,AA15,False,-1,-1,10
/kaggle/input/datasets/maryemmahmood/glyph2025/Glyph2025/m42/m42_3.jpg,M42,False,-1,-1,81
/kaggle/input/datasets/maryemmahmood/glyph2025/Glyph2025/f35/f35_80.png,F35,False,-1,-1,46
/kaggle/input/datasets/maryemmahmood/glyph2025/Glyph2025/n42/n42_6.png,N42,False,-1,-1,97
/kaggle/input/datasets/maryemmahmood/glyph2025/Glyph2025/o34/o34_50.png,O34,False,-1,-1,103
/kaggle/input/datasets/maryemmahmood/glyph2025/Glyph2025/n26/390251_n26.png,N26,True,39,251,89
/kaggle/input/datasets/maryemmahmood/glyph2025/Glyph2025/v30/v30_196.png,V30,False,-1,-1,144
/kaggle/input/datasets/maryemmahmood/glyph2025/Glyph2025/d54/410279_d54.png,D54,True,41,279,25
/kaggle/input/datasets/maryemmahmood/glyph2025/Glyph2025/n35/n35_341.png,N35,False,-1,-1,94
/kaggle/input/datasets/maryemmahmood/glyph2025/Glyph2025/n35/n35_397.png,N35,False,-1,-1,94
/kaggle/input/datasets/maryemmahmood/glyph2025/Glyph2025/v31/090336_v31.png,V31,True,9,336,145
/kaggle/input/datasets/maryemmahmood/glyph2025/Glyph2025/e34/e34_29.png,E34,False,-1,-1,34
/kaggle/input/datasets/maryemmahmood/glyph2025/Glyph2025/a1/a1_166.jpg,A1,False,-1,-1,0
/kaggle/input/datasets/maryemmahmood/glyph2025/Glyph2025/r4/r4_68.png,R4,False,-1,-1,116
/kaggle/input/datasets/maryemmahmood/glyph2025/Glyph2025/d58/030001_d58.png,D58,True,3,1,28
/kaggle/input/datasets/maryemmahmood/glyph2025/Glyph2025/f1/f1_3.png,F1,False,-1,-1,37
/kaggle/input/datasets/maryemmahmood/glyph2025/Glyph2025/d4/d4_217.jpg,D4,False,-1,-1,20
/kaggle/input/datasets/maryemmahmood/glyph2025/Glyph2025/i9/i9_284.jpg,I9,False,-1,-1,68
/kaggle/input/datasets/maryemmahmood/glyph2025/Glyph2025/o50/050188_o50.png,O50,True,5,188,106
/kaggle/input/datasets/maryemmahmood/glyph2025/Glyph2025/n35/410280_n35.png,N35,True,41,280,94
/kaggle/input/datasets/maryemmahmood/glyph2025/Glyph2025/d45/d45_1.png,D45,False,-1,-1,22
/kaggle/input/datasets/maryemmahmood/glyph2025/Glyph2025/s27/s27_10.png,S27,False,-1,-1,122
/kaggle/input/datasets/maryemmahmood/glyph2025/Glyph2025/x1/x1_301.png,X1,False,-1,-1,160
/kaggle/input/datasets/maryemmahmood/glyph2025/Glyph2025/e34/210036_e34.png,E34,True,21,36,34
/kaggle/input/datasets/maryemmahmood/glyph2025/Glyph2025/d4/d4_203.png,D4,False,-1,-1,20
/kaggle/input/datasets/maryemmahmood/glyph2025/Glyph2025/f1/f1_31.png,F1,False,-1,-1,37
/kaggle/input/datasets/maryemmahmood/glyph2025/Glyph2025/m23/m23_118.png,M23,False,-1,-1,78
/kaggle/input/datasets/maryemmahmood/glyph2025/Glyph2025/s29/410023_s29.png,S29,True,41,23,124
/kaggle/input/datasets/maryemmahmood/glyph2025/Glyph2025/v31/390356_v31.png,V31,True,39,356,145
/kaggle/input/datasets/maryemmahmood/glyph2025/Glyph2025/r4/r4_60.png,R4,False,-1,-1,116
/kaggle/input/datasets/maryemmahmood/glyph2025/Glyph2025/n35/220210_n35.png,N35,True,22,210,94
/kaggle/input/datasets/maryemmahmood/glyph2025/Glyph2025/x1/x1_212.png,X1,False,-1,-1,160
/kaggle/input/datasets/maryemmahmood/glyph2025/Glyph2025/y5/y5_64.png,Y5,False,-1,-1,167
/kaggle/input/datasets/maryemmahmood/glyph2025/Glyph2025/q3/q3_88.png,Q3,False,-1,-1,113
/kaggle/input/datasets/maryemmahmood/glyph2025/Glyph2025/s29/210248_s29.png,S29,True,21,248,124
/kaggle/input/datasets/maryemmahmood/glyph2025/Glyph2025/x1/x1_67.png,X1,False,-1,-1,160
/kaggle/input/datasets/maryemmahmood/glyph2025/Glyph2025/o49/o49_99.png,O49,False,-1,-1,105
/kaggle/input/datasets/maryemmahmood/glyph2025/Glyph2025/y4/y4_18.png,Y4,False,-1,-1,166
/kaggle/input/datasets/maryemmahmood/glyph2025/Glyph2025/g5/g5_7.png,G5,False,-1,-1,61
/kaggle/input/datasets/maryemmahmood/glyph2025/Glyph2025/v30/v30_53.png,V30,False,-1,-1,144
/kaggle/input/datasets/maryemmahmood/glyph2025/Glyph2025/u33/u33_8.png,U33,False,-1,-1,135
/kaggle/input/datasets/maryemmahmood/glyph2025/Glyph2025/q3/050308_q3.png,Q3,True,5,308,113
/kaggle/input/datasets/maryemmahmood/glyph2025/Glyph2025/u33/390176_u33.png,U33,True,39,176,135
/kaggle/input/datasets/maryemmahmood/glyph2025/Glyph2025/n18/230072_n18.png,N18,True,23,72,86
/kaggle/input/datasets/maryemmahmood/glyph2025/Glyph2025/m17/m17_134.jpg,M17,False,-1,-1,73
/kaggle/input/datasets/maryemmahmood/glyph2025/Glyph2025/d21/d21_145.png,D21,False,-1,-1,14
/kaggle/input/datasets/maryemmahmood/glyph2025/Glyph2025/g25/g25_5.png,G25,False,-1,-1,52
/kaggle/input/datasets/maryemmahmood/glyph2025/Glyph2025/u7/u7_20.png,U7,False,-1,-1,137
/kaggle/input/datasets/maryemmahmood/glyph2025/Glyph2025/f26/f26_8.jpg,F26,False,-1,-1,42
/kaggle/input/datasets/maryemmahmood/glyph2025/Glyph2025/n35/n35_162.png,N35,False,-1,-1,94
/kaggle/input/datasets/maryemmahmood/glyph2025/Glyph2025/d45/d45_16.png,D45,False,-1,-1,22
/kaggle/input/datasets/maryemmahmood/glyph2025/Glyph2025/s29/s29_67.jpg,S29,False,-1,-1,124
/kaggle/input/datasets/maryemmahmood/glyph2025/Glyph2025/x8/x8_35.jpg,X8,False,-1,-1,162
/kaggle/input/datasets/maryemmahmood/glyph2025/Glyph2025/g17/200172_g17.png,G17,True,20,172,51
/kaggle/input/datasets/maryemmahmood/glyph2025/Glyph2025/m17/m17_416.png,M17,False,-1,-1,73
/kaggle/input/datasets/maryemmahmood/glyph2025/Glyph2025/e10/e10_5.jpg,E10,False,-1,-1,31
/kaggle/input/datasets/maryemmahmood/glyph2025/Glyph2025/g17/g17_60.jpg,G17,False,-1,-1,51
/kaggle/input/datasets/maryemmahmood/glyph2025/Glyph2025/n35/n35_128.png,N35,False,-1,-1,94
/kaggle/input/datasets/maryemmahmood/glyph2025/Glyph2025/d55/d55_11.jpg,D55,False,-1,-1,26
/kaggle/input/datasets/maryemmahmood/glyph2025/Glyph2025/s29/230323_s29.png,S29,True,23,323,124
/kaggle/input/datasets/maryemmahmood/glyph2025/Glyph2025/d46/230257_d46.png,D46,True,23,257,23
/kaggle/input/datasets/maryemmahmood/glyph2025/Glyph2025/n35/n35_352.png,N35,False,-1,-1,94
/kaggle/input/datasets/maryemmahmood/glyph2025/Glyph2025/z2/z2_5.png,Z2,False,-1,-1,171
/kaggle/input/datasets/maryemmahmood/glyph2025/Glyph2025/n35/n35_222.jpg,N35,False,-1,-1,94
/kaggle/input/datasets/maryemmahmood/glyph2025/Glyph2025/i9/i9_279.png,I9,False,-1,-1,68
/kaggle/input/datasets/maryemmahmood/glyph2025/Glyph2025/x1/220067_x1.png,X1,True,22,67,160
/kaggle/input/datasets/maryemmahmood/glyph2025/Glyph2025/v28/v28_95.png,V28,False,-1,-1,142
/kaggle/input/datasets/maryemmahmood/glyph2025/Glyph2025/x1/220205_x1.png,X1,True,22,205,160
/kaggle/input/datasets/maryemmahmood/glyph2025/Glyph2025/f35/f35_62.png,F35,False,-1,-1,46
/kaggle/input/datasets/maryemmahmood/glyph2025/Glyph2025/x1/x1_177.jpg,X1,False,-1,-1,160
/kaggle/input/datasets/maryemmahmood/glyph2025/Glyph2025/s38/s38_9.png,S38,False,-1,-1,127
/kaggle/input/datasets/maryemmahmood/glyph2025/Glyph2025/n35/n35_185.jpg,N35,False,-1,-1,94
/kaggle/input/datasets/maryemmahmood/glyph2025/Glyph2025/z2/z2_8.png,Z2,False,-1,-1,171
/kaggle/input/datasets/maryemmahmood/glyph2025/Glyph2025/r8/r8_128.png,R8,False,-1,-1,118
/kaggle/input/datasets/maryemmahmood/glyph2025/Glyph2025/n35/n35_35.png,N35,False,-1,-1,94
/kaggle/input/datasets/maryemmahmood/glyph2025/Glyph2025/d4/d4_88.png,D4,False,-1,-1,20
/kaggle/input/datasets/maryemmahmood/glyph2025/Glyph2025/v4/050177_v4.png,V4,True,5,177,146
/kaggle/input/datasets/maryemmahmood/glyph2025/Glyph2025/e1/e1_1.jpg,E1,False,-1,-1,30
/kaggle/input/datasets/maryemmahmood/glyph2025/Glyph2025/d58/d58_32.png,D58,False,-1,-1,28
/kaggle/input/datasets/maryemmahmood/glyph2025/Glyph2025/n35/410387_n35.png,N35,True,41,387,94
/kaggle/input/datasets/maryemmahmood/glyph2025/Glyph2025/g43/g43_136.png,G43,False,-1,-1,60
/kaggle/input/datasets/maryemmahmood/glyph2025/Glyph2025/o1/o1_135.png,O1,False,-1,-1,100
/kaggle/input/datasets/maryemmahmood/glyph2025/Glyph2025/q3/q3_20.png,Q3,False,-1,-1,113
/kaggle/input/datasets/maryemmahmood/glyph2025/Glyph2025/g36/g36_32.png,G36,False,-1,-1,54
/kaggle/input/datasets/maryemmahmood/glyph2025/Glyph2025/f39/f39_21.jpg,F39,False,-1,-1,47
/kaggle/input/datasets/maryemmahmood/glyph2025/Glyph2025/d21/d21_245.png,D21,False,-1,-1,14
/kaggle/input/datasets/maryemmahmood/glyph2025/Glyph2025/z4/z4_14.png,Z4,False,-1,-1,173
/kaggle/input/datasets/maryemmahmood/glyph2025/Glyph2025/i9/i9_194.png,I9,False,-1,-1,68
/kaggle/input/datasets/maryemmahmood/glyph2025/Glyph2025/d37/d37_67.jpg,D37,False,-1,-1,18
/kaggle/input/datasets/maryemmahmood/glyph2025/Glyph2025/v31/v31_57.jpg,V31,False,-1,-1,145
/kaggle/input/datasets/maryemmahmood/glyph2025/Glyph2025/d46/410034_d46.png,D46,True,41,34,23
/kaggle/input/datasets/maryemmahmood/glyph2025/Glyph2025/g38/g38_16.png,G38,False,-1,-1,56
/kaggle/input/datasets/maryemmahmood/glyph2025/Glyph2025/q3/q3_66.png,Q3,False,-1,-1,113
/kaggle/input/datasets/maryemmahmood/glyph2025/Glyph2025/m17/m17_68.png,M17,False,-1,-1,73
/kaggle/input/datasets/maryemmahmood/glyph2025/Glyph2025/n35/230407_n35.png,N35,True,23,407,94
/kaggle/input/datasets/maryemmahmood/glyph2025/Glyph2025/f35/f35_24.png,F35,False,-1,-1,46
/kaggle/input/datasets/maryemmahmood/glyph2025/Glyph2025/g43/200024_g43.png,G43,True,20,24,60
/kaggle/input/datasets/maryemmahmood/glyph2025/Glyph2025/m12/m12_69.png,M12,False,-1,-1,71
/kaggle/input/datasets/maryemmahmood/glyph2025/Glyph2025/d36/d36_154.jpg,D36,False,-1,-1,17
/kaggle/input/datasets/maryemmahmood/glyph2025/Glyph2025/h6/h6_14.jpg,H6,False,-1,-1,63
/kaggle/input/datasets/maryemmahmood/glyph2025/Glyph2025/f35/f35_81.png,F35,False,-1,-1,46
/kaggle/input/datasets/maryemmahmood/glyph2025/Glyph2025/g17/410062_g17.png,G17,True,41,62,51
/kaggle/input/datasets/maryemmahmood/glyph2025/Glyph2025/d36/d36_112.png,D36,False,-1,-1,17
/kaggle/input/datasets/maryemmahmood/glyph2025/Glyph2025/s40/s40_4.png,S40,False,-1,-1,128
/kaggle/input/datasets/maryemmahmood/glyph2025/Glyph2025/v31/v31_10.png,V31,False,-1,-1,145
/kaggle/input/datasets/maryemmahmood/glyph2025/Glyph2025/o29/o29_9.png,O29,False,-1,-1,101
/kaggle/input/datasets/maryemmahmood/glyph2025/Glyph2025/n35/n35_255.png,N35,False,-1,-1,94
/kaggle/input/datasets/maryemmahmood/glyph2025/Glyph2025/m17/m17_466.png,M17,False,-1,-1,73
/kaggle/input/datasets/maryemmahmood/glyph2025/Glyph2025/n35/230391_n35.png,N35,True,23,391,94
/kaggle/input/datasets/maryemmahmood/glyph2025/Glyph2025/v13/220298_v13.png,V13,True,22,298,140
/kaggle/input/datasets/maryemmahmood/glyph2025/Glyph2025/x8/x8_66.png,X8,False,-1,-1,162
/kaggle/input/datasets/maryemmahmood/glyph2025/Glyph2025/d4/030265_d4.png,D4,True,3,265,20
/kaggle/input/datasets/maryemmahmood/glyph2025/Glyph2025/d28/d28_31.png,D28,False,-1,-1,15
/kaggle/input/datasets/maryemmahmood/glyph2025/Glyph2025/f35/f35_131.png,F35,False,-1,-1,46
/kaggle/input/datasets/maryemmahmood/glyph2025/Glyph2025/d46/d46_36.jpg,D46,False,-1,-1,23
/kaggle/input/datasets/maryemmahmood/glyph2025/Glyph2025/x1/x1_252.png,X1,False,-1,-1,160
/kaggle/input/datasets/maryemmahmood/glyph2025/Glyph2025/v30/v30_218.png,V30,False,-1,-1,144
/kaggle/input/datasets/maryemmahmood/glyph2025/Glyph2025/n33/n33_24.png,N33,False,-1,-1,92
/kaggle/input/datasets/maryemmahmood/glyph2025/Glyph2025/i9/i9_178.png,I9,False,-1,-1,68
/kaggle/input/datasets/maryemmahmood/glyph2025/Glyph2025/q3/030146_q3.png,Q3,True,3,146,113
/kaggle/input/datasets/maryemmahmood/glyph2025/Glyph2025/d35/d35_12.png,D35,False,-1,-1,16
/kaggle/input/datasets/maryemmahmood/glyph2025/Glyph2025/v31/v31_95.png,V31,False,-1,-1,145
/kaggle/input/datasets/maryemmahmood/glyph2025/Glyph2025/s29/s29_14.png,S29,False,-1,-1,124
/kaggle/input/datasets/maryemmahmood/glyph2025/Glyph2025/u15/410338_u15.png,U15,True,41,338,133
/kaggle/input/datasets/maryemmahmood/glyph2025/Glyph2025/g43/390282_g43.png,G43,True,39,282,60
/kaggle/input/datasets/maryemmahmood/glyph2025/Glyph2025/v30/v30_91.jpg,V30,False,-1,-1,144
/kaggle/input/datasets/maryemmahmood/glyph2025/Glyph2025/d1/d1_8.jpg,D1,False,-1,-1,12
/kaggle/input/datasets/maryemmahmood/glyph2025/Glyph2025/e23/050406_e23.png,E23,True,5,406,33
/kaggle/input/datasets/maryemmahmood/glyph2025/Glyph2025/v31/050341_v31.png,V31,True,5,341,145
/kaggle/input/datasets/maryemmahmood/glyph2025/Glyph2025/s34/s34_73.png,S34,False,-1,-1,126
/kaggle/input/datasets/maryemmahmood/glyph2025/Glyph2025/d35/d35_37.jpg,D35,False,-1,-1,16
/kaggle/input/datasets/maryemmahmood/glyph2025/Glyph2025/n35/090184_n35.png,N35,True,9,184,94
/kaggle/input/datasets/maryemmahmood/glyph2025/Glyph2025/y5/y5_85.png,Y5,False,-1,-1,167
/kaggle/input/datasets/maryemmahmood/glyph2025/Glyph2025/x1/x1_196.png,X1,False,-1,-1,160
/kaggle/input/datasets/maryemmahmood/glyph2025/Glyph2025/t28/t28_18.png,T28,False,-1,-1,131
/kaggle/input/datasets/maryemmahmood/glyph2025/Glyph2025/g17/g17_112.png,G17,False,-1,-1,51
/kaggle/input/datasets/maryemmahmood/glyph2025/Glyph2025/d46/030081_d46.png,D46,True,3,81,23
/kaggle/input/datasets/maryemmahmood/glyph2025/Glyph2025/q1/q1_154.png,Q1,False,-1,-1,111
/kaggle/input/datasets/maryemmahmood/glyph2025/Glyph2025/n37/030002_n37.png,N37,True,3,2,96
/kaggle/input/datasets/maryemmahmood/glyph2025/Glyph2025/l1/l1_2.jpg,L1,False,-1,-1,69
/kaggle/input/datasets/maryemmahmood/glyph2025/Glyph2025/g17/230414_g17.png,G17,True,23,414,51
/kaggle/input/datasets/maryemmahmood/glyph2025/Glyph2025/w24/w24_30.png,W24,False,-1,-1,157
/kaggle/input/datasets/maryemmahmood/glyph2025/Glyph2025/v28/v28_68.png,V28,False,-1,-1,142
/kaggle/input/datasets/maryemmahmood/glyph2025/Glyph2025/i9/050216_i9.png,I9,True,5,216,68
/kaggle/input/datasets/maryemmahmood/glyph2025/Glyph2025/v6/v6_16.png,V6,False,-1,-1,147
/kaggle/input/datasets/maryemmahmood/glyph2025/Glyph2025/x8/x8_145.png,X8,False,-1,-1,162
/kaggle/input/datasets/maryemmahmood/glyph2025/Glyph2025/m17/390014_m17.png,M17,True,39,14,73
/kaggle/input/datasets/maryemmahmood/glyph2025/Glyph2025/d28/d28_30.png,D28,False,-1,-1,15
/kaggle/input/datasets/maryemmahmood/glyph2025/Glyph2025/a40/a40_44.png,A40,False,-1,-1,6
/kaggle/input/datasets/maryemmahmood/glyph2025/Glyph2025/q1/q1_124.png,Q1,False,-1,-1,111
/kaggle/input/datasets/maryemmahmood/glyph2025/Glyph2025/y3/050197_y3.png,Y3,True,5,197,165
/kaggle/input/datasets/maryemmahmood/glyph2025/Glyph2025/s38/s38_21.png,S38,False,-1,-1,127
/kaggle/input/datasets/maryemmahmood/glyph2025/Glyph2025/g40/030191_g40.png,G40,True,3,191,59
/kaggle/input/datasets/maryemmahmood/glyph2025/Glyph2025/v13/230350_v13.png,V13,True,23,350,140
/kaggle/input/datasets/maryemmahmood/glyph2025/Glyph2025/i9/i9_183.png,I9,False,-1,-1,68
/kaggle/input/datasets/maryemmahmood/glyph2025/Glyph2025/d60/d60_5.jpg,D60,False,-1,-1,29
/kaggle/input/datasets/maryemmahmood/glyph2025/Glyph2025/n35/030087_n35.png,N35,True,3,87,94
/kaggle/input/datasets/maryemmahmood/glyph2025/Glyph2025/a1/a1_58.jpg,A1,False,-1,-1,0
/kaggle/input/datasets/maryemmahmood/glyph2025/Glyph2025/n37/050144_n37.png,N37,True,5,144,96
/kaggle/input/datasets/maryemmahmood/glyph2025/Glyph2025/d37/d37_105.png,D37,False,-1,-1,18
/kaggle/input/datasets/maryemmahmood/glyph2025/Glyph2025/i9/i9_127.png,I9,False,-1,-1,68
/kaggle/input/datasets/maryemmahmood/glyph2025/Glyph2025/q3/030003_q3.png,Q3,True,3,3,113
/kaggle/input/datasets/maryemmahmood/glyph2025/Glyph2025/a1/a1_119.png,A1,False,-1,-1,0
/kaggle/input/datasets/maryemmahmood/glyph2025/Glyph2025/n42/n42_10.png,N42,False,-1,-1,97
/kaggle/input/datasets/maryemmahmood/glyph2025/Glyph2025/i9/410403_i9.png,I9,True,41,403,68
/kaggle/input/datasets/maryemmahmood/glyph2025/Glyph2025/a1/a1_77.jpg,A1,False,-1,-1,0
/kaggle/input/datasets/maryemmahmood/glyph2025/Glyph2025/q1/q1_20.png,Q1,False,-1,-1,111
/kaggle/input/datasets/maryemmahmood/glyph2025/Glyph2025/q3/q3_7.png,Q3,False,-1,-1,113
/kaggle/input/datasets/maryemmahmood/glyph2025/Glyph2025/g43/g43_117.png,G43,False,-1,-1,60
/kaggle/input/datasets/maryemmahmood/glyph2025/Glyph2025/i9/410051_i9.png,I9,True,41,51,68
/kaggle/input/datasets/maryemmahmood/glyph2025/Glyph2025/d21/210117_d21.png,D21,True,21,117,14
/kaggle/input/datasets/maryemmahmood/glyph2025/Glyph2025/g43/090197_g43.png,G43,True,9,197,60
/kaggle/input/datasets/maryemmahmood/glyph2025/Glyph2025/h6/h6_37.png,H6,False,-1,-1,63
/kaggle/input/datasets/maryemmahmood/glyph2025/Glyph2025/d21/050451_d21.png,D21,True,5,451,14
/kaggle/input/datasets/maryemmahmood/glyph2025/Glyph2025/n1/n1_1.png,N1,False,-1,-1,83
/kaggle/input/datasets/maryemmahmood/glyph2025/Glyph2025/u1/u1_20.jpg,U1,False,-1,-1,132
/kaggle/input/datasets/maryemmahmood/glyph2025/Glyph2025/v31/v31_51.jpg,V31,False,-1,-1,145
/kaggle/input/datasets/maryemmahmood/glyph2025/Glyph2025/o50/210257_o50.png,O50,True,21,257,106
/kaggle/input/datasets/maryemmahmood/glyph2025/Glyph2025/d55/d55_23.jpg,D55,False,-1,-1,26
/kaggle/input/datasets/maryemmahmood/glyph2025/Glyph2025/n8/n8_15.png,N8,False,-1,-1,99
/kaggle/input/datasets/maryemmahmood/glyph2025/Glyph2025/s29/s29_10.jpg,S29,False,-1,-1,124
/kaggle/input/datasets/maryemmahmood/glyph2025/Glyph2025/x1/x1_117.png,X1,False,-1,-1,160
/kaggle/input/datasets/maryemmahmood/glyph2025/Glyph2025/v6/v6_6.png,V6,False,-1,-1,147
/kaggle/input/datasets/maryemmahmood/glyph2025/Glyph2025/n1/n1_17.jpg,N1,False,-1,-1,83
/kaggle/input/datasets/maryemmahmood/glyph2025/Glyph2025/w5/w5_3.jpg,W5,False,-1,-1,159
/kaggle/input/datasets/maryemmahmood/glyph2025/Glyph2025/s29/090115_s29.png,S29,True,9,115,124
/kaggle/input/datasets/maryemmahmood/glyph2025/Glyph2025/n35/n35_97.png,N35,False,-1,-1,94
/kaggle/input/datasets/maryemmahmood/glyph2025/Glyph2025/g1/390132_g1.png,G1,True,39,132,49
/kaggle/input/datasets/maryemmahmood/glyph2025/Glyph2025/s34/s34_95.jpg,S34,False,-1,-1,126
/kaggle/input/datasets/maryemmahmood/glyph2025/Glyph2025/d55/d55_37.png,D55,False,-1,-1,26
/kaggle/input/datasets/maryemmahmood/glyph2025/Glyph2025/i10/i10_15.jpg,I10,False,-1,-1,66
/kaggle/input/datasets/maryemmahmood/glyph2025/Glyph2025/m17/m17_31.png,M17,False,-1,-1,73
/kaggle/input/datasets/maryemmahmood/glyph2025/Glyph2025/v13/230370_v13.png,V13,True,23,370,140
/kaggle/input/datasets/maryemmahmood/glyph2025/Glyph2025/s29/220028_s29.png,S29,True,22,28,124
/kaggle/input/datasets/maryemmahmood/glyph2025/Glyph2025/x8/x8_64.png,X8,False,-1,-1,162
/kaggle/input/datasets/maryemmahmood/glyph2025/Glyph2025/s29/s29_96.jpg,S29,False,-1,-1,124
/kaggle/input/datasets/maryemmahmood/glyph2025/Glyph2025/y5/y5_80.png,Y5,False,-1,-1,167
/kaggle/input/datasets/maryemmahmood/glyph2025/Glyph2025/z11/z11_8.jpg,Z11,False,-1,-1,169
/kaggle/input/datasets/maryemmahmood/glyph2025/Glyph2025/d55/d55_34.png,D55,False,-1,-1,26
/kaggle/input/datasets/maryemmahmood/glyph2025/Glyph2025/q3/q3_137.png,Q3,False,-1,-1,113
/kaggle/input/datasets/maryemmahmood/glyph2025/Glyph2025/n35/n35_353.png,N35,False,-1,-1,94
/kaggle/input/datasets/maryemmahmood/glyph2025/Glyph2025/w19/w19_30.png,W19,False,-1,-1,154
/kaggle/input/datasets/maryemmahmood/glyph2025/Glyph2025/r8/050304_r8.png,R8,True,5,304,118
/kaggle/input/datasets/maryemmahmood/glyph2025/Glyph2025/d21/d21_277.png,D21,False,-1,-1,14
/kaggle/input/datasets/maryemmahmood/glyph2025/Glyph2025/s3/s3_26.png,S3,False,-1,-1,125
/kaggle/input/datasets/maryemmahmood/glyph2025/Glyph2025/n14/410237_n14.png,N14,True,41,237,84
/kaggle/input/datasets/maryemmahmood/glyph2025/Glyph2025/o49/o49_7.png,O49,False,-1,-1,105
/kaggle/input/datasets/maryemmahmood/glyph2025/Glyph2025/i9/i9_182.png,I9,False,-1,-1,68
/kaggle/input/datasets/maryemmahmood/glyph2025/Glyph2025/m17/210142_m17.png,M17,True,21,142,73
/kaggle/input/datasets/maryemmahmood/glyph2025/Glyph2025/g17/g17_128.jpg,G17,False,-1,-1,51
/kaggle/input/datasets/maryemmahmood/glyph2025/Glyph2025/o49/o49_6.png,O49,False,-1,-1,105
/kaggle/input/datasets/maryemmahmood/glyph2025/Glyph2025/m17/m17_55.png,M17,False,-1,-1,73
/kaggle/input/datasets/maryemmahmood/glyph2025/Glyph2025/x1/210258_x1.png,X1,True,21,258,160
/kaggle/input/datasets/maryemmahmood/glyph2025/Glyph2025/g17/g17_17.jpg,G17,False,-1,-1,51
/kaggle/input/datasets/maryemmahmood/glyph2025/Glyph2025/m17/m17_444.jpg,M17,False,-1,-1,73
/kaggle/input/datasets/maryemmahmood/glyph2025/Glyph2025/s29/s29_126.png,S29,False,-1,-1,124
/kaggle/input/datasets/maryemmahmood/glyph2025/Glyph2025/s34/s34_81.png,S34,False,-1,-1,126
/kaggle/input/datasets/maryemmahmood/glyph2025/Glyph2025/z1/z1_12.png,Z1,False,-1,-1,168
/kaggle/input/datasets/maryemmahmood/glyph2025/Glyph2025/i9/200280_i9.png,I9,True,20,280,68
/kaggle/input/datasets/maryemmahmood/glyph2025/Glyph2025/o1/o1_84.png,O1,False,-1,-1,100
/kaggle/input/datasets/maryemmahmood/glyph2025/Glyph2025/v4/390265_v4.png,V4,True,39,265,146
/kaggle/input/datasets/maryemmahmood/glyph2025/Glyph2025/z9/z9_6.png,Z9,False,-1,-1,175
/kaggle/input/datasets/maryemmahmood/glyph2025/Glyph2025/y2/y2_14.png,Y2,False,-1,-1,164
/kaggle/input/datasets/maryemmahmood/glyph2025/Glyph2025/r8/r8_44.png,R8,False,-1,-1,118
/kaggle/input/datasets/maryemmahmood/glyph2025/Glyph2025/h6/h6_30.png,H6,False,-1,-1,63
/kaggle/input/datasets/maryemmahmood/glyph2025/Glyph2025/r8/030036_r8.png,R8,True,3,36,118
/kaggle/input/datasets/maryemmahmood/glyph2025/Glyph2025/m17/090028_m17.png,M17,True,9,28,73
/kaggle/input/datasets/maryemmahmood/glyph2025/Glyph2025/f1/f1_45.png,F1,False,-1,-1,37
/kaggle/input/datasets/maryemmahmood/glyph2025/Glyph2025/v30/v30_232.png,V30,False,-1,-1,144
/kaggle/input/datasets/maryemmahmood/glyph2025/Glyph2025/a1/a1_69.jpg,A1,False,-1,-1,0
/kaggle/input/datasets/maryemmahmood/glyph2025/Glyph2025/d58/d58_20.jpg,D58,False,-1,-1,28
/kaggle/input/datasets/maryemmahmood/glyph2025/Glyph2025/f31/f31_48.png,F31,False,-1,-1,43
/kaggle/input/datasets/maryemmahmood/glyph2025/Glyph2025/o49/o49_95.png,O49,False,-1,-1,105
/kaggle/input/datasets/maryemmahmood/glyph2025/Glyph2025/d21/d21_316.png,D21,False,-1,-1,14
/kaggle/input/datasets/maryemmahmood/glyph2025/Glyph2025/g35/390366_g35.png,G35,True,39,366,53
/kaggle/input/datasets/maryemmahmood/glyph2025/Glyph2025/v28/v28_101.png,V28,False,-1,-1,142
/kaggle/input/datasets/maryemmahmood/glyph2025/Glyph2025/n35/030260_n35.png,N35,True,3,260,94
/kaggle/input/datasets/maryemmahmood/glyph2025/Glyph2025/d46/390080_d46.png,D46,True,39,80,23
/kaggle/input/datasets/maryemmahmood/glyph2025/Glyph2025/g17/220118_g17.png,G17,True,22,118,51
/kaggle/input/datasets/maryemmahmood/glyph2025/Glyph2025/v28/v28_40.png,V28,False,-1,-1,142
/kaggle/input/datasets/maryemmahmood/glyph2025/Glyph2025/g43/230232_g43.png,G43,True,23,232,60
/kaggle/input/datasets/maryemmahmood/glyph2025/Glyph2025/f39/f39_15.png,F39,False,-1,-1,47
/kaggle/input/datasets/maryemmahmood/glyph2025/Glyph2025/m12/m12_37.png,M12,False,-1,-1,71
/kaggle/input/datasets/maryemmahmood/glyph2025/Glyph2025/t21/t21_8.png,T21,False,-1,-1,129
/kaggle/input/datasets/maryemmahmood/glyph2025/Glyph2025/o1/050020_o1.png,O1,True,5,20,100
/kaggle/input/datasets/maryemmahmood/glyph2025/Glyph2025/d21/d21_125.png,D21,False,-1,-1,14
/kaggle/input/datasets/maryemmahmood/glyph2025/Glyph2025/n1/n1_13.png,N1,False,-1,-1,83
/kaggle/input/datasets/maryemmahmood/glyph2025/Glyph2025/m17/m17_95.jpg,M17,False,-1,-1,73
/kaggle/input/datasets/maryemmahmood/glyph2025/Glyph2025/aa15/aa15_50.png,AA15,False,-1,-1,10
/kaggle/input/datasets/maryemmahmood/glyph2025/Glyph2025/r8/r8_143.png,R8,False,-1,-1,118
/kaggle/input/datasets/maryemmahmood/glyph2025/Glyph2025/o49/o49_18.jpg,O49,False,-1,-1,105
/kaggle/input/datasets/maryemmahmood/glyph2025/Glyph2025/d21/050152_d21.png,D21,True,5,152,14
/kaggle/input/datasets/maryemmahmood/glyph2025/Glyph2025/x1/x1_390.jpg,X1,False,-1,-1,160
/kaggle/input/datasets/maryemmahmood/glyph2025/Glyph2025/x1/030459_x1.png,X1,True,3,459,160
/kaggle/input/datasets/maryemmahmood/glyph2025/Glyph2025/d21/210072_d21.png,D21,True,21,72,14
/kaggle/input/datasets/maryemmahmood/glyph2025/Glyph2025/h1/h1_8.jpg,H1,False,-1,-1,62
/kaggle/input/datasets/maryemmahmood/glyph2025/Glyph2025/d21/220057_d21.png,D21,True,22,57,14
/kaggle/input/datasets/maryemmahmood/glyph2025/Glyph2025/d21/390270_d21.png,D21,True,39,270,14
/kaggle/input/datasets/maryemmahmood/glyph2025/Glyph2025/v30/v30_77.png,V30,False,-1,-1,144
/kaggle/input/datasets/maryemmahmood/glyph2025/Glyph2025/o4/090276_o4.png,O4,True,9,276,104
/kaggle/input/datasets/maryemmahmood/glyph2025/Glyph2025/o1/o1_66.jpg,O1,False,-1,-1,100
/kaggle/input/datasets/maryemmahmood/glyph2025/Glyph2025/d21/390144_d21.png,D21,True,39,144,14
/kaggle/input/datasets/maryemmahmood/glyph2025/Glyph2025/y1/y1_108.jpg,Y1,False,-1,-1,163
/kaggle/input/datasets/maryemmahmood/glyph2025/Glyph2025/i9/i9_93.png,I9,False,-1,-1,68
/kaggle/input/datasets/maryemmahmood/glyph2025/Glyph2025/q3/q3_68.png,Q3,False,-1,-1,113
/kaggle/input/datasets/maryemmahmood/glyph2025/Glyph2025/v28/v28_157.png,V28,False,-1,-1,142
/kaggle/input/datasets/maryemmahmood/glyph2025/Glyph2025/d35/d35_29.jpg,D35,False,-1,-1,16
/kaggle/input/datasets/maryemmahmood/glyph2025/Glyph2025/r4/r4_56.png,R4,False,-1,-1,116
/kaggle/input/datasets/maryemmahmood/glyph2025/Glyph2025/a40/a40_39.jpg,A40,False,-1,-1,6
/kaggle/input/datasets/maryemmahmood/glyph2025/Glyph2025/x1/x1_3.jpg,X1,False,-1,-1,160
/kaggle/input/datasets/maryemmahmood/glyph2025/Glyph2025/i10/i10_22.jpg,I10,False,-1,-1,66
/kaggle/input/datasets/maryemmahmood/glyph2025/Glyph2025/n35/n35_154.jpg,N35,False,-1,-1,94
/kaggle/input/datasets/maryemmahmood/glyph2025/Glyph2025/m17/m17_196.png,M17,False,-1,-1,73
/kaggle/input/datasets/maryemmahmood/glyph2025/Glyph2025/m16/m16_9.jpg,M16,False,-1,-1,72
/kaggle/input/datasets/maryemmahmood/glyph2025/Glyph2025/n35/n35_311.png,N35,False,-1,-1,94
/kaggle/input/datasets/maryemmahmood/glyph2025/Glyph2025/v28/v28_33.jpg,V28,False,-1,-1,142
/kaggle/input/datasets/maryemmahmood/glyph2025/Glyph2025/d46/d46_38.jpg,D46,False,-1,-1,23
/kaggle/input/datasets/maryemmahmood/glyph2025/Glyph2025/x1/x1_72.jpg,X1,False,-1,-1,160
/kaggle/input/datasets/maryemmahmood/glyph2025/Glyph2025/e1/e1_15.png,E1,False,-1,-1,30
/kaggle/input/datasets/maryemmahmood/glyph2025/Glyph2025/i9/i9_25.png,I9,False,-1,-1,68
/kaggle/input/datasets/maryemmahmood/glyph2025/Glyph2025/d4/090042_d4.png,D4,True,9,42,20
/kaggle/input/datasets/maryemmahmood/glyph2025/Glyph2025/m23/m23_167.png,M23,False,-1,-1,78
/kaggle/input/datasets/maryemmahmood/glyph2025/Glyph2025/m17/m17_104.png,M17,False,-1,-1,73
/kaggle/input/datasets/maryemmahmood/glyph2025/Glyph2025/r8/050299_r8.png,R8,True,5,299,118
/kaggle/input/datasets/maryemmahmood/glyph2025/Glyph2025/d52/d52_6.png,D52,False,-1,-1,24
/kaggle/input/datasets/maryemmahmood/glyph2025/Glyph2025/v13/v13_55.png,V13,False,-1,-1,140
/kaggle/input/datasets/maryemmahmood/glyph2025/Glyph2025/g38/g38_12.png,G38,False,-1,-1,56
/kaggle/input/datasets/maryemmahmood/glyph2025/Glyph2025/i10/050214_i10.png,I10,True,5,214,66
/kaggle/input/datasets/maryemmahmood/glyph2025/Glyph2025/y1/y1_117.png,Y1,False,-1,-1,163
/kaggle/input/datasets/maryemmahmood/glyph2025/Glyph2025/s29/220256_s29.png,S29,True,22,256,124
/kaggle/input/datasets/maryemmahmood/glyph2025/Glyph2025/g35/090056_g35.png,G35,True,9,56,53
/kaggle/input/datasets/maryemmahmood/glyph2025/Glyph2025/y1/y1_51.png,Y1,False,-1,-1,163
/kaggle/input/datasets/maryemmahmood/glyph2025/Glyph2025/e34/200119_e34.png,E34,True,20,119,34
/kaggle/input/datasets/maryemmahmood/glyph2025/Glyph2025/z1/050091_z1.png,Z1,True,5,91,168
/kaggle/input/datasets/maryemmahmood/glyph2025/Glyph2025/n35/030387_n35.png,N35,True,3,387,94
/kaggle/input/datasets/maryemmahmood/glyph2025/Glyph2025/d2/d2_47.png,D2,False,-1,-1,13
/kaggle/input/datasets/maryemmahmood/glyph2025/Glyph2025/d4/d4_196.png,D4,False,-1,-1,20
/kaggle/input/datasets/maryemmahmood/glyph2025/Glyph2025/f35/f35_48.jpg,F35,False,-1,-1,46
/kaggle/input/datasets/maryemmahmood/glyph2025/Glyph2025/d36/d36_118.png,D36,False,-1,-1,17
/kaggle/input/datasets/maryemmahmood/glyph2025/Glyph2025/d4/d4_114.png,D4,False,-1,-1,20
/kaggle/input/datasets/maryemmahmood/glyph2025/Glyph2025/x1/220134_x1.png,X1,True,22,134,160
/kaggle/input/datasets/maryemmahmood/glyph2025/Glyph2025/f1/f1_62.png,F1,False,-1,-1,37
/kaggle/input/datasets/maryemmahmood/glyph2025/Glyph2025/m17/m17_243.jpg,M17,False,-1,-1,73
/kaggle/input/datasets/maryemmahmood/glyph2025/Glyph2025/n35/030405_n35.png,N35,True,3,405,94
/kaggle/input/datasets/maryemmahmood/glyph2025/Glyph2025/z7/z7_4.png,Z7,False,-1,-1,174
/kaggle/input/datasets/maryemmahmood/glyph2025/Glyph2025/o49/o49_22.png,O49,False,-1,-1,105
/kaggle/input/datasets/maryemmahmood/glyph2025/Glyph2025/g17/g17_100.jpg,G17,False,-1,-1,51
/kaggle/input/datasets/maryemmahmood/glyph2025/Glyph2025/x8/x8_113.png,X8,False,-1,-1,162
/kaggle/input/datasets/maryemmahmood/glyph2025/Glyph2025/m17/050278_m17.png,M17,True,5,278,73
/kaggle/input/datasets/maryemmahmood/glyph2025/Glyph2025/m12/m12_41.jpg,M12,False,-1,-1,71
/kaggle/input/datasets/maryemmahmood/glyph2025/Glyph2025/q3/q3_31.png,Q3,False,-1,-1,113
/kaggle/input/datasets/maryemmahmood/glyph2025/Glyph2025/x1/410056_x1.png,X1,True,41,56,160
/kaggle/input/datasets/maryemmahmood/glyph2025/Glyph2025/d37/d37_1.jpg,D37,False,-1,-1,18
/kaggle/input/datasets/maryemmahmood/glyph2025/Glyph2025/d21/d21_188.png,D21,False,-1,-1,14
/kaggle/input/datasets/maryemmahmood/glyph2025/Glyph2025/x1/x1_162.png,X1,False,-1,-1,160
/kaggle/input/datasets/maryemmahmood/glyph2025/Glyph2025/d37/d37_80.png,D37,False,-1,-1,18
/kaggle/input/datasets/maryemmahmood/glyph2025/Glyph2025/v6/v6_3.png,V6,False,-1,-1,147
/kaggle/input/datasets/maryemmahmood/glyph2025/Glyph2025/q1/q1_143.png,Q1,False,-1,-1,111
/kaggle/input/datasets/maryemmahmood/glyph2025/Glyph2025/f35/f35_14.png,F35,False,-1,-1,46
/kaggle/input/datasets/maryemmahmood/glyph2025/Glyph2025/e1/050424_e1.png,E1,True,5,424,30
/kaggle/input/datasets/maryemmahmood/glyph2025/Glyph2025/r8/r8_137.png,R8,False,-1,-1,118
/kaggle/input/datasets/maryemmahmood/glyph2025/Glyph2025/g36/g36_20.jpg,G36,False,-1,-1,54
/kaggle/input/datasets/maryemmahmood/glyph2025/Glyph2025/h1/h1_50.png,H1,False,-1,-1,62
/kaggle/input/datasets/maryemmahmood/glyph2025/Glyph2025/q1/q1_52.jpg,Q1,False,-1,-1,111
/kaggle/input/datasets/maryemmahmood/glyph2025/Glyph2025/n33/n33_55.png,N33,False,-1,-1,92
/kaggle/input/datasets/maryemmahmood/glyph2025/Glyph2025/n35/n35_231.png,N35,False,-1,-1,94
/kaggle/input/datasets/maryemmahmood/glyph2025/Glyph2025/u1/050422_u1.png,U1,True,5,422,132
/kaggle/input/datasets/maryemmahmood/glyph2025/Glyph2025/o29/220354_o29.png,O29,True,22,354,101
/kaggle/input/datasets/maryemmahmood/glyph2025/Glyph2025/n42/n42_1.png,N42,False,-1,-1,97
/kaggle/input/datasets/maryemmahmood/glyph2025/Glyph2025/z3/z3_17.png,Z3,False,-1,-1,172
/kaggle/input/datasets/maryemmahmood/glyph2025/Glyph2025/h8/h8_1.png,H8,False,-1,-1,64
/kaggle/input/datasets/maryemmahmood/glyph2025/Glyph2025/s29/390018_s29.png,S29,True,39,18,124
/kaggle/input/datasets/maryemmahmood/glyph2025/Glyph2025/m17/090011_m17.png,M17,True,9,11,73
/kaggle/input/datasets/maryemmahmood/glyph2025/Glyph2025/s29/030126_s29.png,S29,True,3,126,124
/kaggle/input/datasets/maryemmahmood/glyph2025/Glyph2025/f35/f35_145.png,F35,False,-1,-1,46
/kaggle/input/datasets/maryemmahmood/glyph2025/Glyph2025/d35/410394_d35.png,D35,True,41,394,16
/kaggle/input/datasets/maryemmahmood/glyph2025/Glyph2025/n35/210208_n35.png,N35,True,21,208,94
/kaggle/input/datasets/maryemmahmood/glyph2025/Glyph2025/v31/v31_116.png,V31,False,-1,-1,145
/kaggle/input/datasets/maryemmahmood/glyph2025/Glyph2025/n35/n35_354.png,N35,False,-1,-1,94
/kaggle/input/datasets/maryemmahmood/glyph2025/Glyph2025/v31/390225_v31.png,V31,True,39,225,145
/kaggle/input/datasets/maryemmahmood/glyph2025/Glyph2025/n35/n35_389.png,N35,False,-1,-1,94
/kaggle/input/datasets/maryemmahmood/glyph2025/Glyph2025/m17/410390_m17.png,M17,True,41,390,73
/kaggle/input/datasets/maryemmahmood/glyph2025/Glyph2025/s27/s27_2.jpg,S27,False,-1,-1,122
/kaggle/input/datasets/maryemmahmood/glyph2025/Glyph2025/n35/n35_461.png,N35,False,-1,-1,94
/kaggle/input/datasets/maryemmahmood/glyph2025/Glyph2025/g17/090328_g17.png,G17,True,9,328,51
/kaggle/input/datasets/maryemmahmood/glyph2025/Glyph2025/s40/s40_23.png,S40,False,-1,-1,128
/kaggle/input/datasets/maryemmahmood/glyph2025/Glyph2025/v29/v29_5.png,V29,False,-1,-1,143
/kaggle/input/datasets/maryemmahmood/glyph2025/Glyph2025/y1/y1_120.png,Y1,False,-1,-1,163
/kaggle/input/datasets/maryemmahmood/glyph2025/Glyph2025/m17/m17_94.jpg,M17,False,-1,-1,73
/kaggle/input/datasets/maryemmahmood/glyph2025/Glyph2025/n35/n35_18.jpg,N35,False,-1,-1,94
/kaggle/input/datasets/maryemmahmood/glyph2025/Glyph2025/x1/x1_271.png,X1,False,-1,-1,160
/kaggle/input/datasets/maryemmahmood/glyph2025/Glyph2025/s29/s29_39.jpg,S29,False,-1,-1,124
/kaggle/input/datasets/maryemmahmood/glyph2025/Glyph2025/z3/z3_2.jpg,Z3,False,-1,-1,172
/kaggle/input/datasets/maryemmahmood/glyph2025/Glyph2025/g35/050382_g35.png,G35,True,5,382,53
/kaggle/input/datasets/maryemmahmood/glyph2025/Glyph2025/n35/n35_289.png,N35,False,-1,-1,94
/kaggle/input/datasets/maryemmahmood/glyph2025/Glyph2025/z2/z2_16.png,Z2,False,-1,-1,171
/kaggle/input/datasets/maryemmahmood/glyph2025/Glyph2025/d58/d58_2.jpg,D58,False,-1,-1,28
/kaggle/input/datasets/maryemmahmood/glyph2025/Glyph2025/f35/f35_130.png,F35,False,-1,-1,46
/kaggle/input/datasets/maryemmahmood/glyph2025/Glyph2025/m17/m17_242.png,M17,False,-1,-1,73
/kaggle/input/datasets/maryemmahmood/glyph2025/Glyph2025/u15/030045_u15.png,U15,True,3,45,133
/kaggle/input/datasets/maryemmahmood/glyph2025/Glyph2025/d28/050267_d28.png,D28,True,5,267,15
/kaggle/input/datasets/maryemmahmood/glyph2025/Glyph2025/h8/h8_5.png,H8,False,-1,-1,64
/kaggle/input/datasets/maryemmahmood/glyph2025/Glyph2025/m17/m17_401.png,M17,False,-1,-1,73
/kaggle/input/datasets/maryemmahmood/glyph2025/Glyph2025/m20/m20_6.jpg,M20,False,-1,-1,76
/kaggle/input/datasets/maryemmahmood/glyph2025/Glyph2025/s34/s34_57.png,S34,False,-1,-1,126
/kaggle/input/datasets/maryemmahmood/glyph2025/Glyph2025/f35/f35_150.png,F35,False,-1,-1,46
/kaggle/input/datasets/maryemmahmood/glyph2025/Glyph2025/w25/w25_21.png,W25,False,-1,-1,158
/kaggle/input/datasets/maryemmahmood/glyph2025/Glyph2025/x7/x7_24.jpg,X7,False,-1,-1,161
/kaggle/input/datasets/maryemmahmood/glyph2025/Glyph2025/s19/s19_11.png,S19,False,-1,-1,119
/kaggle/input/datasets/maryemmahmood/glyph2025/Glyph2025/i9/i9_280.jpg,I9,False,-1,-1,68
/kaggle/input/datasets/maryemmahmood/glyph2025/Glyph2025/a2/a2_25.jpg,A2,False,-1,-1,3
/kaggle/input/datasets/maryemmahmood/glyph2025/Glyph2025/w5/w5_4.jpg,W5,False,-1,-1,159
/kaggle/input/datasets/maryemmahmood/glyph2025/Glyph2025/u15/220359_u15.png,U15,True,22,359,133
/kaggle/input/datasets/maryemmahmood/glyph2025/Glyph2025/w24/090196_w24.png,W24,True,9,196,157
/kaggle/input/datasets/maryemmahmood/glyph2025/Glyph2025/m42/m42_1.jpg,M42,False,-1,-1,81
/kaggle/input/datasets/maryemmahmood/glyph2025/Glyph2025/m17/210182_m17.png,M17,True,21,182,73
/kaggle/input/datasets/maryemmahmood/glyph2025/Glyph2025/g43/g43_57.png,G43,False,-1,-1,60
/kaggle/input/datasets/maryemmahmood/glyph2025/Glyph2025/i9/i9_309.png,I9,False,-1,-1,68
/kaggle/input/datasets/maryemmahmood/glyph2025/Glyph2025/m17/220117_m17.png,M17,True,22,117,73
/kaggle/input/datasets/maryemmahmood/glyph2025/Glyph2025/x1/410339_x1.png,X1,True,41,339,160
/kaggle/input/datasets/maryemmahmood/glyph2025/Glyph2025/i9/090415_i9.png,I9,True,9,415,68
/kaggle/input/datasets/maryemmahmood/glyph2025/Glyph2025/o34/o34_26.png,O34,False,-1,-1,103
/kaggle/input/datasets/maryemmahmood/glyph2025/Glyph2025/q3/410225_q3.png,Q3,True,41,225,113
/kaggle/input/datasets/maryemmahmood/glyph2025/Glyph2025/v13/410136_v13.png,V13,True,41,136,140
/kaggle/input/datasets/maryemmahmood/glyph2025/Glyph2025/m23/m23_92.png,M23,False,-1,-1,78
/kaggle/input/datasets/maryemmahmood/glyph2025/Glyph2025/d4/d4_74.jpg,D4,False,-1,-1,20
/kaggle/input/datasets/maryemmahmood/glyph2025/Glyph2025/g5/030460_g5.png,G5,True,3,460,61
/kaggle/input/datasets/maryemmahmood/glyph2025/Glyph2025/z4/z4_20.png,Z4,False,-1,-1,173
/kaggle/input/datasets/maryemmahmood/glyph2025/Glyph2025/z11/z11_9.png,Z11,False,-1,-1,169
/kaggle/input/datasets/maryemmahmood/glyph2025/Glyph2025/a1/a1_146.jpg,A1,False,-1,-1,0
/kaggle/input/datasets/maryemmahmood/glyph2025/Glyph2025/o49/o49_70.png,O49,False,-1,-1,105
/kaggle/input/datasets/maryemmahmood/glyph2025/Glyph2025/n35/220039_n35.png,N35,True,22,39,94
/kaggle/input/datasets/maryemmahmood/glyph2025/Glyph2025/g43/g43_66.jpg,G43,False,-1,-1,60
/kaggle/input/datasets/maryemmahmood/glyph2025/Glyph2025/h1/h1_39.png,H1,False,-1,-1,62
/kaggle/input/datasets/maryemmahmood/glyph2025/Glyph2025/o49/o49_23.png,O49,False,-1,-1,105
/kaggle/input/datasets/maryemmahmood/glyph2025/Glyph2025/v31/v31_1.png,V31,False,-1,-1,145
/kaggle/input/datasets/maryemmahmood/glyph2025/Glyph2025/q3/230180_q3.png,Q3,True,23,180,113
/kaggle/input/datasets/maryemmahmood/glyph2025/Glyph2025/x1/x1_239.png,X1,False,-1,-1,160
/kaggle/input/datasets/maryemmahmood/glyph2025/Glyph2025/v31/v31_3.jpg,V31,False,-1,-1,145
/kaggle/input/datasets/maryemmahmood/glyph2025/Glyph2025/x1/x1_287.png,X1,False,-1,-1,160
/kaggle/input/datasets/maryemmahmood/glyph2025/Glyph2025/d58/d58_6.png,D58,False,-1,-1,28
/kaggle/input/datasets/maryemmahmood/glyph2025/Glyph2025/z4/z4_5.jpg,Z4,False,-1,-1,173
/kaggle/input/datasets/maryemmahmood/glyph2025/Glyph2025/r8/r8_147.png,R8,False,-1,-1,118
/kaggle/input/datasets/maryemmahmood/glyph2025/Glyph2025/d21/d21_55.jpg,D21,False,-1,-1,14
/kaggle/input/datasets/maryemmahmood/glyph2025/Glyph2025/a1/a1_13.jpg,A1,False,-1,-1,0
/kaggle/input/datasets/maryemmahmood/glyph2025/Glyph2025/g39/030046_g39.png,G39,True,3,46,57
/kaggle/input/datasets/maryemmahmood/glyph2025/Glyph2025/g43/410082_g43.png,G43,True,41,82,60
/kaggle/input/datasets/maryemmahmood/glyph2025/Glyph2025/z11/z11_29.png,Z11,False,-1,-1,169
/kaggle/input/datasets/maryemmahmood/glyph2025/Glyph2025/v31/v31_94.png,V31,False,-1,-1,145
/kaggle/input/datasets/maryemmahmood/glyph2025/Glyph2025/s27/s27_18.jpg,S27,False,-1,-1,122
/kaggle/input/datasets/maryemmahmood/glyph2025/Glyph2025/n35/n35_361.png,N35,False,-1,-1,94
/kaggle/input/datasets/maryemmahmood/glyph2025/Glyph2025/a1/a1_67.jpg,A1,False,-1,-1,0
/kaggle/input/datasets/maryemmahmood/glyph2025/Glyph2025/v30/v30_259.png,V30,False,-1,-1,144
/kaggle/input/datasets/maryemmahmood/glyph2025/Glyph2025/i9/i9_198.png,I9,False,-1,-1,68
/kaggle/input/datasets/maryemmahmood/glyph2025/Glyph2025/n35/230149_n35.png,N35,True,23,149,94
/kaggle/input/datasets/maryemmahmood/glyph2025/Glyph2025/p8/410268_p8.png,P8,True,41,268,110
/kaggle/input/datasets/maryemmahmood/glyph2025/Glyph2025/m16/m16_5.png,M16,False,-1,-1,72
/kaggle/input/datasets/maryemmahmood/glyph2025/Glyph2025/o1/o1_48.png,O1,False,-1,-1,100
/kaggle/input/datasets/maryemmahmood/glyph2025/Glyph2025/v7/410227_v7.png,V7,True,41,227,148
/kaggle/input/datasets/maryemmahmood/glyph2025/Glyph2025/u1/090019_u1.png,U1,True,9,19,132
/kaggle/input/datasets/maryemmahmood/glyph2025/Glyph2025/v30/v30_97.png,V30,False,-1,-1,144
/kaggle/input/datasets/maryemmahmood/glyph2025/Glyph2025/v31/v31_84.png,V31,False,-1,-1,145
/kaggle/input/datasets/maryemmahmood/glyph2025/Glyph2025/y5/y5_87.png,Y5,False,-1,-1,167
/kaggle/input/datasets/maryemmahmood/glyph2025/Glyph2025/r8/r8_46.jpg,R8,False,-1,-1,118
/kaggle/input/datasets/maryemmahmood/glyph2025/Glyph2025/m17/m17_295.png,M17,False,-1,-1,73
/kaggle/input/datasets/maryemmahmood/glyph2025/Glyph2025/i9/050454_i9.png,I9,True,5,454,68
/kaggle/input/datasets/maryemmahmood/glyph2025/Glyph2025/n33/n33_125.png,N33,False,-1,-1,92
/kaggle/input/datasets/maryemmahmood/glyph2025/Glyph2025/i9/i9_132.png,I9,False,-1,-1,68
/kaggle/input/datasets/maryemmahmood/glyph2025/Glyph2025/v30/v30_8.png,V30,False,-1,-1,144
/kaggle/input/datasets/maryemmahmood/glyph2025/Glyph2025/f1/f1_5.png,F1,False,-1,-1,37
/kaggle/input/datasets/maryemmahmood/glyph2025/Glyph2025/y5/200027_y5.png,Y5,True,20,27,167
/kaggle/input/datasets/maryemmahmood/glyph2025/Glyph2025/v28/v28_155.png,V28,False,-1,-1,142
/kaggle/input/datasets/maryemmahmood/glyph2025/Glyph2025/u1/u1_5.jpg,U1,False,-1,-1,132
/kaggle/input/datasets/maryemmahmood/glyph2025/Glyph2025/n35/n35_528.png,N35,False,-1,-1,94
/kaggle/input/datasets/maryemmahmood/glyph2025/Glyph2025/v13/v13_69.png,V13,False,-1,-1,140
/kaggle/input/datasets/maryemmahmood/glyph2025/Glyph2025/s29/s29_36.jpg,S29,False,-1,-1,124
/kaggle/input/datasets/maryemmahmood/glyph2025/Glyph2025/m17/m17_367.png,M17,False,-1,-1,73
/kaggle/input/datasets/maryemmahmood/glyph2025/Glyph2025/u6/u6_15.jpg,U6,False,-1,-1,136
/kaggle/input/datasets/maryemmahmood/glyph2025/Glyph2025/d35/230417_d35.png,D35,True,23,417,16
/kaggle/input/datasets/maryemmahmood/glyph2025/Glyph2025/d37/d37_110.png,D37,False,-1,-1,18
/kaggle/input/datasets/maryemmahmood/glyph2025/Glyph2025/g5/390215_g5.png,G5,True,39,215,61
/kaggle/input/datasets/maryemmahmood/glyph2025/Glyph2025/m17/m17_204.jpg,M17,False,-1,-1,73
/kaggle/input/datasets/maryemmahmood/glyph2025/Glyph2025/d21/220277_d21.png,D21,True,22,277,14
/kaggle/input/datasets/maryemmahmood/glyph2025/Glyph2025/m16/m16_28.png,M16,False,-1,-1,72
/kaggle/input/datasets/maryemmahmood/glyph2025/Glyph2025/y5/y5_29.png,Y5,False,-1,-1,167
/kaggle/input/datasets/maryemmahmood/glyph2025/Glyph2025/n35/n35_530.jpg,N35,False,-1,-1,94
/kaggle/input/datasets/maryemmahmood/glyph2025/Glyph2025/o34/230074_o34.png,O34,True,23,74,103
/kaggle/input/datasets/maryemmahmood/glyph2025/Glyph2025/i10/090145_i10.png,I10,True,9,145,66
/kaggle/input/datasets/maryemmahmood/glyph2025/Glyph2025/d4/d4_206.png,D4,False,-1,-1,20
/kaggle/input/datasets/maryemmahmood/glyph2025/Glyph2025/a1/a1_66.jpg,A1,False,-1,-1,0
/kaggle/input/datasets/maryemmahmood/glyph2025/Glyph2025/d35/d35_24.png,D35,False,-1,-1,16
/kaggle/input/datasets/maryemmahmood/glyph2025/Glyph2025/a1/a1_135.png,A1,False,-1,-1,0
/kaggle/input/datasets/maryemmahmood/glyph2025/Glyph2025/n18/230112_n18.png,N18,True,23,112,86
/kaggle/input/datasets/maryemmahmood/glyph2025/Glyph2025/n14/220296_n14.png,N14,True,22,296,84
/kaggle/input/datasets/maryemmahmood/glyph2025/Glyph2025/v13/090046_v13.png,V13,True,9,46,140
/kaggle/input/datasets/maryemmahmood/glyph2025/Glyph2025/o29/o29_10.png,O29,False,-1,-1,101
/kaggle/input/datasets/maryemmahmood/glyph2025/Glyph2025/y1/y1_43.png,Y1,False,-1,-1,163
/kaggle/input/datasets/maryemmahmood/glyph2025/Glyph2025/n35/n35_153.png,N35,False,-1,-1,94
/kaggle/input/datasets/maryemmahmood/glyph2025/Glyph2025/w24/w24_35.png,W24,False,-1,-1,157
/kaggle/input/datasets/maryemmahmood/glyph2025/Glyph2025/v31/390239_v31.png,V31,True,39,239,145
/kaggle/input/datasets/maryemmahmood/glyph2025/Glyph2025/d21/d21_287.jpg,D21,False,-1,-1,14
/kaggle/input/datasets/maryemmahmood/glyph2025/Glyph2025/d58/d58_55.jpg,D58,False,-1,-1,28
/kaggle/input/datasets/maryemmahmood/glyph2025/Glyph2025/aa15/aa15_47.png,AA15,False,-1,-1,10
/kaggle/input/datasets/maryemmahmood/glyph2025/Glyph2025/s3/s3_20.png,S3,False,-1,-1,125
/kaggle/input/datasets/maryemmahmood/glyph2025/Glyph2025/s29/210275_s29.png,S29,True,21,275,124
/kaggle/input/datasets/maryemmahmood/glyph2025/Glyph2025/r11/r11_30.png,R11,False,-1,-1,114
/kaggle/input/datasets/maryemmahmood/glyph2025/Glyph2025/u15/u15_7.png,U15,False,-1,-1,133
/kaggle/input/datasets/maryemmahmood/glyph2025/Glyph2025/v31/090383_v31.png,V31,True,9,383,145
/kaggle/input/datasets/maryemmahmood/glyph2025/Glyph2025/x1/230406_x1.png,X1,True,23,406,160
/kaggle/input/datasets/maryemmahmood/glyph2025/Glyph2025/g43/230179_g43.png,G43,True,23,179,60
/kaggle/input/datasets/maryemmahmood/glyph2025/Glyph2025/n35/n35_73.jpg,N35,False,-1,-1,94
/kaggle/input/datasets/maryemmahmood/glyph2025/Glyph2025/n35/n35_188.jpg,N35,False,-1,-1,94
/kaggle/input/datasets/maryemmahmood/glyph2025/Glyph2025/r7/r7_2.png,R7,False,-1,-1,117
/kaggle/input/datasets/maryemmahmood/glyph2025/Glyph2025/d21/d21_44.png,D21,False,-1,-1,14
/kaggle/input/datasets/maryemmahmood/glyph2025/Glyph2025/n35/050132_n35.png,N35,True,5,132,94
/kaggle/input/datasets/maryemmahmood/glyph2025/Glyph2025/a1/a1_42.jpg,A1,False,-1,-1,0
/kaggle/input/datasets/maryemmahmood/glyph2025/Glyph2025/u6/u6_31.png,U6,False,-1,-1,136
/kaggle/input/datasets/maryemmahmood/glyph2025/Glyph2025/q3/q3_16.png,Q3,False,-1,-1,113
/kaggle/input/datasets/maryemmahmood/glyph2025/Glyph2025/g17/220222_g17.png,G17,True,22,222,51
/kaggle/input/datasets/maryemmahmood/glyph2025/Glyph2025/g17/050023_g17.png,G17,True,5,23,51
/kaggle/input/datasets/maryemmahmood/glyph2025/Glyph2025/n35/220097_n35.png,N35,True,22,97,94
/kaggle/input/datasets/maryemmahmood/glyph2025/Glyph2025/d35/d35_23.png,D35,False,-1,-1,16
/kaggle/input/datasets/maryemmahmood/glyph2025/Glyph2025/d28/d28_78.png,D28,False,-1,-1,15
/kaggle/input/datasets/maryemmahmood/glyph2025/Glyph2025/g35/030402_g35.png,G35,True,3,402,53
/kaggle/input/datasets/maryemmahmood/glyph2025/Glyph2025/d58/d58_103.png,D58,False,-1,-1,28
/kaggle/input/datasets/maryemmahmood/glyph2025/Glyph2025/d21/d21_187.png,D21,False,-1,-1,14
/kaggle/input/datasets/maryemmahmood/glyph2025/Glyph2025/m17/m17_51.png,M17,False,-1,-1,73
/kaggle/input/datasets/maryemmahmood/glyph2025/Glyph2025/o34/o34_33.png,O34,False,-1,-1,103
/kaggle/input/datasets/maryemmahmood/glyph2025/Glyph2025/o34/050046_o34.png,O34,True,5,46,103
/kaggle/input/datasets/maryemmahmood/glyph2025/Glyph2025/a40/a40_24.jpg,A40,False,-1,-1,6
/kaggle/input/datasets/maryemmahmood/glyph2025/Glyph2025/s29/s29_99.jpg,S29,False,-1,-1,124
/kaggle/input/datasets/maryemmahmood/glyph2025/Glyph2025/n29/050155_n29.png,N29,True,5,155,90
/kaggle/input/datasets/maryemmahmood/glyph2025/Glyph2025/v30/v30_125.png,V30,False,-1,-1,144
/kaggle/input/datasets/maryemmahmood/glyph2025/Glyph2025/d37/d37_51.jpg,D37,False,-1,-1,18
/kaggle/input/datasets/maryemmahmood/glyph2025/Glyph2025/d4/d4_97.jpg,D4,False,-1,-1,20
/kaggle/input/datasets/maryemmahmood/glyph2025/Glyph2025/n26/n26_3.jpg,N26,False,-1,-1,89
/kaggle/input/datasets/maryemmahmood/glyph2025/Glyph2025/s29/s29_166.png,S29,False,-1,-1,124
/kaggle/input/datasets/maryemmahmood/glyph2025/Glyph2025/d21/d21_132.png,D21,False,-1,-1,14
/kaggle/input/datasets/maryemmahmood/glyph2025/Glyph2025/m23/230345_m23.png,M23,True,23,345,78
/kaggle/input/datasets/maryemmahmood/glyph2025/Glyph2025/m17/390078_m17.png,M17,True,39,78,73
/kaggle/input/datasets/maryemmahmood/glyph2025/Glyph2025/g4/200169_g4.png,G4,True,20,169,58
/kaggle/input/datasets/maryemmahmood/glyph2025/Glyph2025/g5/410345_g5.png,G5,True,41,345,61
/kaggle/input/datasets/maryemmahmood/glyph2025/Glyph2025/d36/d36_26.png,D36,False,-1,-1,17
/kaggle/input/datasets/maryemmahmood/glyph2025/Glyph2025/r4/r4_66.png,R4,False,-1,-1,116
/kaggle/input/datasets/maryemmahmood/glyph2025/Glyph2025/i9/i9_3.png,I9,False,-1,-1,68
/kaggle/input/datasets/maryemmahmood/glyph2025/Glyph2025/o1/o1_97.jpg,O1,False,-1,-1,100
/kaggle/input/datasets/maryemmahmood/glyph2025/Glyph2025/i9/050057_i9.png,I9,True,5,57,68
/kaggle/input/datasets/maryemmahmood/glyph2025/Glyph2025/f31/f31_55.png,F31,False,-1,-1,43
/kaggle/input/datasets/maryemmahmood/glyph2025/Glyph2025/e1/e1_3.png,E1,False,-1,-1,30
/kaggle/input/datasets/maryemmahmood/glyph2025/Glyph2025/v30/v30_2.png,V30,False,-1,-1,144
/kaggle/input/datasets/maryemmahmood/glyph2025/Glyph2025/m17/m17_437.png,M17,False,-1,-1,73
/kaggle/input/datasets/maryemmahmood/glyph2025/Glyph2025/d55/d55_29.png,D55,False,-1,-1,26
/kaggle/input/datasets/maryemmahmood/glyph2025/Glyph2025/v28/v28_131.png,V28,False,-1,-1,142
/kaggle/input/datasets/maryemmahmood/glyph2025/Glyph2025/v10/v10_15.png,V10,False,-1,-1,139
/kaggle/input/datasets/maryemmahmood/glyph2025/Glyph2025/d55/d55_26.jpg,D55,False,-1,-1,26
/kaggle/input/datasets/maryemmahmood/glyph2025/Glyph2025/d46/d46_12.jpg,D46,False,-1,-1,23
/kaggle/input/datasets/maryemmahmood/glyph2025/Glyph2025/w24/w24_1.png,W24,False,-1,-1,157
/kaggle/input/datasets/maryemmahmood/glyph2025/Glyph2025/d56/210164_d56.png,D56,True,21,164,27
/kaggle/input/datasets/maryemmahmood/glyph2025/Glyph2025/q3/q3_53.jpg,Q3,False,-1,-1,113
/kaggle/input/datasets/maryemmahmood/glyph2025/Glyph2025/d21/d21_230.png,D21,False,-1,-1,14
/kaggle/input/datasets/maryemmahmood/glyph2025/Glyph2025/m17/m17_227.png,M17,False,-1,-1,73
/kaggle/input/datasets/maryemmahmood/glyph2025/Glyph2025/g37/g37_7.png,G37,False,-1,-1,55
/kaggle/input/datasets/maryemmahmood/glyph2025/Glyph2025/d21/d21_103.jpg,D21,False,-1,-1,14
/kaggle/input/datasets/maryemmahmood/glyph2025/Glyph2025/n26/n26_4.jpg,N26,False,-1,-1,89
/kaggle/input/datasets/maryemmahmood/glyph2025/Glyph2025/d4/d4_117.png,D4,False,-1,-1,20
/kaggle/input/datasets/maryemmahmood/glyph2025/Glyph2025/s29/230015_s29.png,S29,True,23,15,124
/kaggle/input/datasets/maryemmahmood/glyph2025/Glyph2025/o1/o1_114.png,O1,False,-1,-1,100
/kaggle/input/datasets/maryemmahmood/glyph2025/Glyph2025/n25/n25_26.png,N25,False,-1,-1,88
/kaggle/input/datasets/maryemmahmood/glyph2025/Glyph2025/v13/v13_70.png,V13,False,-1,-1,140
/kaggle/input/datasets/maryemmahmood/glyph2025/Glyph2025/u6/u6_24.png,U6,False,-1,-1,136
/kaggle/input/datasets/maryemmahmood/glyph2025/Glyph2025/d4/d4_171.png,D4,False,-1,-1,20
/kaggle/input/datasets/maryemmahmood/glyph2025/Glyph2025/n35/n35_187.jpg,N35,False,-1,-1,94
/kaggle/input/datasets/maryemmahmood/glyph2025/Glyph2025/m17/090211_m17.png,M17,True,9,211,73
/kaggle/input/datasets/maryemmahmood/glyph2025/Glyph2025/w19/w19_23.png,W19,False,-1,-1,154
/kaggle/input/datasets/maryemmahmood/glyph2025/Glyph2025/d58/d58_87.png,D58,False,-1,-1,28
/kaggle/input/datasets/maryemmahmood/glyph2025/Glyph2025/e1/e1_10.jpg,E1,False,-1,-1,30
/kaggle/input/datasets/maryemmahmood/glyph2025/Glyph2025/g17/g17_116.png,G17,False,-1,-1,51
/kaggle/input/datasets/maryemmahmood/glyph2025/Glyph2025/q2/q2_13.png,Q2,False,-1,-1,112
/kaggle/input/datasets/maryemmahmood/glyph2025/Glyph2025/d58/d58_45.jpg,D58,False,-1,-1,28
/kaggle/input/datasets/maryemmahmood/glyph2025/Glyph2025/d2/d2_50.jpg,D2,False,-1,-1,13
/kaggle/input/datasets/maryemmahmood/glyph2025/Glyph2025/a50/a50_5.jpg,A50,False,-1,-1,8
/kaggle/input/datasets/maryemmahmood/glyph2025/Glyph2025/m23/m23_20.png,M23,False,-1,-1,78
/kaggle/input/datasets/maryemmahmood/glyph2025/Glyph2025/v13/050413_v13.png,V13,True,5,413,140
/kaggle/input/datasets/maryemmahmood/glyph2025/Glyph2025/x1/220261_x1.png,X1,True,22,261,160
/kaggle/input/datasets/maryemmahmood/glyph2025/Glyph2025/o1/o1_6.jpg,O1,False,-1,-1,100
/kaggle/input/datasets/maryemmahmood/glyph2025/Glyph2025/d21/d21_150.jpg,D21,False,-1,-1,14
/kaggle/input/datasets/maryemmahmood/glyph2025/Glyph2025/s29/200110_s29.png,S29,True,20,110,124
/kaggle/input/datasets/maryemmahmood/glyph2025/Glyph2025/f31/f31_6.jpg,F31,False,-1,-1,43
/kaggle/input/datasets/maryemmahmood/glyph2025/Glyph2025/d36/d36_145.png,D36,False,-1,-1,17
/kaggle/input/datasets/maryemmahmood/glyph2025/Glyph2025/x1/x1_424.png,X1,False,-1,-1,160
/kaggle/input/datasets/maryemmahmood/glyph2025/Glyph2025/g43/200186_g43.png,G43,True,20,186,60
/kaggle/input/datasets/maryemmahmood/glyph2025/Glyph2025/w19/w19_18.png,W19,False,-1,-1,154
/kaggle/input/datasets/maryemmahmood/glyph2025/Glyph2025/aa15/aa15_9.png,AA15,False,-1,-1,10
/kaggle/input/datasets/maryemmahmood/glyph2025/Glyph2025/g43/g43_90.png,G43,False,-1,-1,60
/kaggle/input/datasets/maryemmahmood/glyph2025/Glyph2025/s29/s29_120.png,S29,False,-1,-1,124
/kaggle/input/datasets/maryemmahmood/glyph2025/Glyph2025/n35/n35_8.png,N35,False,-1,-1,94
/kaggle/input/datasets/maryemmahmood/glyph2025/Glyph2025/d21/d21_49.png,D21,False,-1,-1,14
/kaggle/input/datasets/maryemmahmood/glyph2025/Glyph2025/m17/050384_m17.png,M17,True,5,384,73
/kaggle/input/datasets/maryemmahmood/glyph2025/Glyph2025/g43/030097_g43.png,G43,True,3,97,60
/kaggle/input/datasets/maryemmahmood/glyph2025/Glyph2025/u15/u15_6.png,U15,False,-1,-1,133
/kaggle/input/datasets/maryemmahmood/glyph2025/Glyph2025/v28/390230_v28.png,V28,True,39,230,142
/kaggle/input/datasets/maryemmahmood/glyph2025/Glyph2025/s19/s19_13.png,S19,False,-1,-1,119
/kaggle/input/datasets/maryemmahmood/glyph2025/Glyph2025/y1/y1_128.png,Y1,False,-1,-1,163
/kaggle/input/datasets/maryemmahmood/glyph2025/Glyph2025/i9/i9_255.jpg,I9,False,-1,-1,68
/kaggle/input/datasets/maryemmahmood/glyph2025/Glyph2025/f35/f35_31.png,F35,False,-1,-1,46
/kaggle/input/datasets/maryemmahmood/glyph2025/Glyph2025/g43/030292_g43.png,G43,True,3,292,60
/kaggle/input/datasets/maryemmahmood/glyph2025/Glyph2025/n35/210330_n35.png,N35,True,21,330,94
/kaggle/input/datasets/maryemmahmood/glyph2025/Glyph2025/n35/n35_535.png,N35,False,-1,-1,94
/kaggle/input/datasets/maryemmahmood/glyph2025/Glyph2025/d4/210250_d4.png,D4,True,21,250,20
/kaggle/input/datasets/maryemmahmood/glyph2025/Glyph2025/d1/050271_d1.png,D1,True,5,271,12
/kaggle/input/datasets/maryemmahmood/glyph2025/Glyph2025/z2/z2_1.png,Z2,False,-1,-1,171
/kaggle/input/datasets/maryemmahmood/glyph2025/Glyph2025/m17/050388_m17.png,M17,True,5,388,73
/kaggle/input/datasets/maryemmahmood/glyph2025/Glyph2025/o34/o34_73.png,O34,False,-1,-1,103
/kaggle/input/datasets/maryemmahmood/glyph2025/Glyph2025/x1/x1_178.png,X1,False,-1,-1,160
/kaggle/input/datasets/maryemmahmood/glyph2025/Glyph2025/x1/x1_37.png,X1,False,-1,-1,160
/kaggle/input/datasets/maryemmahmood/glyph2025/Glyph2025/v30/v30_138.png,V30,False,-1,-1,144
/kaggle/input/datasets/maryemmahmood/glyph2025/Glyph2025/d36/d36_93.png,D36,False,-1,-1,17
/kaggle/input/datasets/maryemmahmood/glyph2025/Glyph2025/n35/390383_n35.png,N35,True,39,383,94
/kaggle/input/datasets/maryemmahmood/glyph2025/Glyph2025/n35/n35_419.png,N35,False,-1,-1,94
/kaggle/input/datasets/maryemmahmood/glyph2025/Glyph2025/d58/410241_d58.png,D58,True,41,241,28
/kaggle/input/datasets/maryemmahmood/glyph2025/Glyph2025/n33/n33_166.png,N33,False,-1,-1,92
/kaggle/input/datasets/maryemmahmood/glyph2025/Glyph2025/f31/f31_13.png,F31,False,-1,-1,43
/kaggle/input/datasets/maryemmahmood/glyph2025/Glyph2025/n35/030166_n35.png,N35,True,3,166,94
/kaggle/input/datasets/maryemmahmood/glyph2025/Glyph2025/y5/y5_8.png,Y5,False,-1,-1,167
/kaggle/input/datasets/maryemmahmood/glyph2025/Glyph2025/x1/x1_12.png,X1,False,-1,-1,160
/kaggle/input/datasets/maryemmahmood/glyph2025/Glyph2025/x1/x1_350.png,X1,False,-1,-1,160
/kaggle/input/datasets/maryemmahmood/glyph2025/Glyph2025/x1/x1_104.png,X1,False,-1,-1,160
/kaggle/input/datasets/maryemmahmood/glyph2025/Glyph2025/m17/m17_331.png,M17,False,-1,-1,73
/kaggle/input/datasets/maryemmahmood/glyph2025/Glyph2025/d2/d2_36.jpg,D2,False,-1,-1,13
/kaggle/input/datasets/maryemmahmood/glyph2025/Glyph2025/m17/m17_161.png,M17,False,-1,-1,73
/kaggle/input/datasets/maryemmahmood/glyph2025/Glyph2025/x1/x1_208.png,X1,False,-1,-1,160
/kaggle/input/datasets/maryemmahmood/glyph2025/Glyph2025/a1/a1_32.jpg,A1,False,-1,-1,0
/kaggle/input/datasets/maryemmahmood/glyph2025/Glyph2025/n35/n35_65.png,N35,False,-1,-1,94
/kaggle/input/datasets/maryemmahmood/glyph2025/Glyph2025/x1/210244_x1.png,X1,True,21,244,160
/kaggle/input/datasets/maryemmahmood/glyph2025/Glyph2025/i9/i9_146.png,I9,False,-1,-1,68
/kaggle/input/datasets/maryemmahmood/glyph2025/Glyph2025/s29/s29_52.jpg,S29,False,-1,-1,124
/kaggle/input/datasets/maryemmahmood/glyph2025/Glyph2025/r8/r8_107.png,R8,False,-1,-1,118
/kaggle/input/datasets/maryemmahmood/glyph2025/Glyph2025/s34/s34_110.png,S34,False,-1,-1,126
/kaggle/input/datasets/maryemmahmood/glyph2025/Glyph2025/o1/o1_21.jpg,O1,False,-1,-1,100
/kaggle/input/datasets/maryemmahmood/glyph2025/Glyph2025/d36/d36_105.png,D36,False,-1,-1,17
/kaggle/input/datasets/maryemmahmood/glyph2025/Glyph2025/u7/u7_48.png,U7,False,-1,-1,137
/kaggle/input/datasets/maryemmahmood/glyph2025/Glyph2025/m23/m23_129.png,M23,False,-1,-1,78
/kaggle/input/datasets/maryemmahmood/glyph2025/Glyph2025/g5/390191_g5.png,G5,True,39,191,61
/kaggle/input/datasets/maryemmahmood/glyph2025/Glyph2025/o49/o49_29.jpg,O49,False,-1,-1,105
/kaggle/input/datasets/maryemmahmood/glyph2025/Glyph2025/d21/d21_294.png,D21,False,-1,-1,14
/kaggle/input/datasets/maryemmahmood/glyph2025/Glyph2025/x1/x1_209.png,X1,False,-1,-1,160
/kaggle/input/datasets/maryemmahmood/glyph2025/Glyph2025/d21/d21_336.jpg,D21,False,-1,-1,14
/kaggle/input/datasets/maryemmahmood/glyph2025/Glyph2025/s34/s34_44.png,S34,False,-1,-1,126
/kaggle/input/datasets/maryemmahmood/glyph2025/Glyph2025/v7/v7_9.png,V7,False,-1,-1,148
/kaggle/input/datasets/maryemmahmood/glyph2025/Glyph2025/s29/s29_153.png,S29,False,-1,-1,124
/kaggle/input/datasets/maryemmahmood/glyph2025/Glyph2025/l1/l1_14.png,L1,False,-1,-1,69
/kaggle/input/datasets/maryemmahmood/glyph2025/Glyph2025/g43/030255_g43.png,G43,True,3,255,60
/kaggle/input/datasets/maryemmahmood/glyph2025/Glyph2025/v30/v30_96.jpg,V30,False,-1,-1,144
/kaggle/input/datasets/maryemmahmood/glyph2025/Glyph2025/m17/220234_m17.png,M17,True,22,234,73
/kaggle/input/datasets/maryemmahmood/glyph2025/Glyph2025/m17/210269_m17.png,M17,True,21,269,73
/kaggle/input/datasets/maryemmahmood/glyph2025/Glyph2025/x1/x1_54.png,X1,False,-1,-1,160
/kaggle/input/datasets/maryemmahmood/glyph2025/Glyph2025/o1/o1_28.png,O1,False,-1,-1,100
/kaggle/input/datasets/maryemmahmood/glyph2025/Glyph2025/v31/390311_v31.png,V31,True,39,311,145
/kaggle/input/datasets/maryemmahmood/glyph2025/Glyph2025/m17/m17_356.png,M17,False,-1,-1,73
/kaggle/input/datasets/maryemmahmood/glyph2025/Glyph2025/n35/n35_51.jpg,N35,False,-1,-1,94
/kaggle/input/datasets/maryemmahmood/glyph2025/Glyph2025/x1/x1_215.png,X1,False,-1,-1,160
/kaggle/input/datasets/maryemmahmood/glyph2025/Glyph2025/o49/o49_46.png,O49,False,-1,-1,105
/kaggle/input/datasets/maryemmahmood/glyph2025/Glyph2025/x1/x1_57.jpg,X1,False,-1,-1,160
/kaggle/input/datasets/maryemmahmood/glyph2025/Glyph2025/d35/390386_d35.png,D35,True,39,386,16
/kaggle/input/datasets/maryemmahmood/glyph2025/Glyph2025/i9/i9_207.png,I9,False,-1,-1,68
/kaggle/input/datasets/maryemmahmood/glyph2025/Glyph2025/m3/m3_13.png,M3,False,-1,-1,80
/kaggle/input/datasets/maryemmahmood/glyph2025/Glyph2025/v30/v30_214.png,V30,False,-1,-1,144
/kaggle/input/datasets/maryemmahmood/glyph2025/Glyph2025/d4/210042_d4.png,D4,True,21,42,20
/kaggle/input/datasets/maryemmahmood/glyph2025/Glyph2025/s24/s24_4.png,S24,False,-1,-1,121
/kaggle/input/datasets/maryemmahmood/glyph2025/Glyph2025/v30/v30_200.png,V30,False,-1,-1,144
/kaggle/input/datasets/maryemmahmood/glyph2025/Glyph2025/m17/m17_271.png,M17,False,-1,-1,73
/kaggle/input/datasets/maryemmahmood/glyph2025/Glyph2025/i9/220018_i9.png,I9,True,22,18,68
/kaggle/input/datasets/maryemmahmood/glyph2025/Glyph2025/n35/n35_355.png,N35,False,-1,-1,94
/kaggle/input/datasets/maryemmahmood/glyph2025/Glyph2025/m17/050022_m17.png,M17,True,5,22,73
/kaggle/input/datasets/maryemmahmood/glyph2025/Glyph2025/v31/210243_v31.png,V31,True,21,243,145
/kaggle/input/datasets/maryemmahmood/glyph2025/Glyph2025/u1/u1_19.jpg,U1,False,-1,-1,132
/kaggle/input/datasets/maryemmahmood/glyph2025/Glyph2025/r4/r4_32.png,R4,False,-1,-1,116
/kaggle/input/datasets/maryemmahmood/glyph2025/Glyph2025/h6/h6_31.png,H6,False,-1,-1,63
/kaggle/input/datasets/maryemmahmood/glyph2025/Glyph2025/s34/s34_118.png,S34,False,-1,-1,126
/kaggle/input/datasets/maryemmahmood/glyph2025/Glyph2025/d2/d2_81.png,D2,False,-1,-1,13
/kaggle/input/datasets/maryemmahmood/glyph2025/Glyph2025/x1/x1_381.png,X1,False,-1,-1,160
/kaggle/input/datasets/maryemmahmood/glyph2025/Glyph2025/v31/220223_v31.png,V31,True,22,223,145
/kaggle/input/datasets/maryemmahmood/glyph2025/Glyph2025/x1/230087_x1.png,X1,True,23,87,160
/kaggle/input/datasets/maryemmahmood/glyph2025/Glyph2025/s34/s34_49.png,S34,False,-1,-1,126
/kaggle/input/datasets/maryemmahmood/glyph2025/Glyph2025/m17/m17_102.png,M17,False,-1,-1,73
/kaggle/input/datasets/maryemmahmood/glyph2025/Glyph2025/n35/090321_n35.png,N35,True,9,321,94
/kaggle/input/datasets/maryemmahmood/glyph2025/Glyph2025/g17/g17_119.jpg,G17,False,-1,-1,51
/kaggle/input/datasets/maryemmahmood/glyph2025/Glyph2025/g25/g25_3.png,G25,False,-1,-1,52
/kaggle/input/datasets/maryemmahmood/glyph2025/Glyph2025/w25/090204_w25.png,W25,True,9,204,158
/kaggle/input/datasets/maryemmahmood/glyph2025/Glyph2025/s21/s21_43.png,S21,False,-1,-1,120
/kaggle/input/datasets/maryemmahmood/glyph2025/Glyph2025/r8/r8_33.png,R8,False,-1,-1,118
/kaggle/input/datasets/maryemmahmood/glyph2025/Glyph2025/f4/f4_14.jpg,F4,False,-1,-1,48
/kaggle/input/datasets/maryemmahmood/glyph2025/Glyph2025/u1/230183_u1.png,U1,True,23,183,132
/kaggle/input/datasets/maryemmahmood/glyph2025/Glyph2025/n35/410203_n35.png,N35,True,41,203,94
/kaggle/input/datasets/maryemmahmood/glyph2025/Glyph2025/aa15/aa15_80.png,AA15,False,-1,-1,10
/kaggle/input/datasets/maryemmahmood/glyph2025/Glyph2025/m17/m17_231.png,M17,False,-1,-1,73
/kaggle/input/datasets/maryemmahmood/glyph2025/Glyph2025/g1/g1_6.png,G1,False,-1,-1,49
/kaggle/input/datasets/maryemmahmood/glyph2025/Glyph2025/m17/230174_m17.png,M17,True,23,174,73
/kaggle/input/datasets/maryemmahmood/glyph2025/Glyph2025/d36/d36_159.png,D36,False,-1,-1,17
/kaggle/input/datasets/maryemmahmood/glyph2025/Glyph2025/d4/d4_24.png,D4,False,-1,-1,20
/kaggle/input/datasets/maryemmahmood/glyph2025/Glyph2025/n29/050050_n29.png,N29,True,5,50,90
/kaggle/input/datasets/maryemmahmood/glyph2025/Glyph2025/s21/s21_19.png,S21,False,-1,-1,120
/kaggle/input/datasets/maryemmahmood/glyph2025/Glyph2025/x1/050058_x1.png,X1,True,5,58,160
/kaggle/input/datasets/maryemmahmood/glyph2025/Glyph2025/f1/f1_24.png,F1,False,-1,-1,37
/kaggle/input/datasets/maryemmahmood/glyph2025/Glyph2025/x8/x8_52.png,X8,False,-1,-1,162
/kaggle/input/datasets/maryemmahmood/glyph2025/Glyph2025/x1/x1_155.png,X1,False,-1,-1,160
/kaggle/input/datasets/maryemmahmood/glyph2025/Glyph2025/d58/d58_116.jpg,D58,False,-1,-1,28
/kaggle/input/datasets/maryemmahmood/glyph2025/Glyph2025/m22/m22_4.png,M22,False,-1,-1,77
/kaggle/input/datasets/maryemmahmood/glyph2025/Glyph2025/m12/m12_9.png,M12,False,-1,-1,71
/kaggle/input/datasets/maryemmahmood/glyph2025/Glyph2025/d37/d37_6.png,D37,False,-1,-1,18
/kaggle/input/datasets/maryemmahmood/glyph2025/Glyph2025/a1/a1_88.png,A1,False,-1,-1,0
/kaggle/input/datasets/maryemmahmood/glyph2025/Glyph2025/o50/030008_o50.png,O50,True,3,8,106
/kaggle/input/datasets/maryemmahmood/glyph2025/Glyph2025/z11/090086_z11.png,Z11,True,9,86,169
/kaggle/input/datasets/maryemmahmood/glyph2025/Glyph2025/n35/n35_173.png,N35,False,-1,-1,94
/kaggle/input/datasets/maryemmahmood/glyph2025/Glyph2025/f4/f4_2.png,F4,False,-1,-1,48
/kaggle/input/datasets/maryemmahmood/glyph2025/Glyph2025/e34/090199_e34.png,E34,True,9,199,34
/kaggle/input/datasets/maryemmahmood/glyph2025/Glyph2025/g43/090124_g43.png,G43,True,9,124,60
/kaggle/input/datasets/maryemmahmood/glyph2025/Glyph2025/r8/r8_125.jpg,R8,False,-1,-1,118
/kaggle/input/datasets/maryemmahmood/glyph2025/Glyph2025/n35/210293_n35.png,N35,True,21,293,94
/kaggle/input/datasets/maryemmahmood/glyph2025/Glyph2025/d37/d37_43.jpg,D37,False,-1,-1,18
/kaggle/input/datasets/maryemmahmood/glyph2025/Glyph2025/d46/d46_33.jpg,D46,False,-1,-1,23
/kaggle/input/datasets/maryemmahmood/glyph2025/Glyph2025/a1/a1_46.jpg,A1,False,-1,-1,0
/kaggle/input/datasets/maryemmahmood/glyph2025/Glyph2025/v31/v31_53.jpg,V31,False,-1,-1,145
/kaggle/input/datasets/maryemmahmood/glyph2025/Glyph2025/s19/s19_8.jpg,S19,False,-1,-1,119
/kaggle/input/datasets/maryemmahmood/glyph2025/Glyph2025/x1/x1_286.png,X1,False,-1,-1,160
/kaggle/input/datasets/maryemmahmood/glyph2025/Glyph2025/r8/090084_r8.png,R8,True,9,84,118
/kaggle/input/datasets/maryemmahmood/glyph2025/Glyph2025/o1/o1_94.png,O1,False,-1,-1,100
/kaggle/input/datasets/maryemmahmood/glyph2025/Glyph2025/m17/m17_162.jpg,M17,False,-1,-1,73
/kaggle/input/datasets/maryemmahmood/glyph2025/Glyph2025/v28/v28_59.png,V28,False,-1,-1,142
/kaggle/input/datasets/maryemmahmood/glyph2025/Glyph2025/v30/v30_104.png,V30,False,-1,-1,144
/kaggle/input/datasets/maryemmahmood/glyph2025/Glyph2025/d46/d46_88.jpg,D46,False,-1,-1,23
/kaggle/input/datasets/maryemmahmood/glyph2025/Glyph2025/v31/v31_113.png,V31,False,-1,-1,145
/kaggle/input/datasets/maryemmahmood/glyph2025/Glyph2025/y4/y4_25.png,Y4,False,-1,-1,166
/kaggle/input/datasets/maryemmahmood/glyph2025/Glyph2025/v1/v1_2.png,V1,False,-1,-1,138
/kaggle/input/datasets/maryemmahmood/glyph2025/Glyph2025/o1/o1_68.png,O1,False,-1,-1,100
/kaggle/input/datasets/maryemmahmood/glyph2025/Glyph2025/s21/s21_48.png,S21,False,-1,-1,120
/kaggle/input/datasets/maryemmahmood/glyph2025/Glyph2025/v30/v30_246.jpg,V30,False,-1,-1,144
/kaggle/input/datasets/maryemmahmood/glyph2025/Glyph2025/f39/f39_18.jpg,F39,False,-1,-1,47
/kaggle/input/datasets/maryemmahmood/glyph2025/Glyph2025/w22/w22_7.png,W22,False,-1,-1,155
/kaggle/input/datasets/maryemmahmood/glyph2025/Glyph2025/g43/g43_91.jpg,G43,False,-1,-1,60
/kaggle/input/datasets/maryemmahmood/glyph2025/Glyph2025/d21/030371_d21.png,D21,True,3,371,14
/kaggle/input/datasets/maryemmahmood/glyph2025/Glyph2025/a1/a1_160.jpg,A1,False,-1,-1,0
/kaggle/input/datasets/maryemmahmood/glyph2025/Glyph2025/d55/d55_30.png,D55,False,-1,-1,26
/kaggle/input/datasets/maryemmahmood/glyph2025/Glyph2025/d4/d4_147.png,D4,False,-1,-1,20
/kaggle/input/datasets/maryemmahmood/glyph2025/Glyph2025/s3/s3_25.png,S3,False,-1,-1,125
/kaggle/input/datasets/maryemmahmood/glyph2025/Glyph2025/e34/090209_e34.png,E34,True,9,209,34
/kaggle/input/datasets/maryemmahmood/glyph2025/Glyph2025/w11/w11_15.jpg,W11,False,-1,-1,149
/kaggle/input/datasets/maryemmahmood/glyph2025/Glyph2025/m17/m17_474.png,M17,False,-1,-1,73
/kaggle/input/datasets/maryemmahmood/glyph2025/Glyph2025/g43/g43_102.jpg,G43,False,-1,-1,60
/kaggle/input/datasets/maryemmahmood/glyph2025/Glyph2025/m17/m17_198.png,M17,False,-1,-1,73
/kaggle/input/datasets/maryemmahmood/glyph2025/Glyph2025/u1/210351_u1.png,U1,True,21,351,132
/kaggle/input/datasets/maryemmahmood/glyph2025/Glyph2025/d21/d21_16.png,D21,False,-1,-1,14
/kaggle/input/datasets/maryemmahmood/glyph2025/Glyph2025/o49/o49_9.jpg,O49,False,-1,-1,105
/kaggle/input/datasets/maryemmahmood/glyph2025/Glyph2025/x1/x1_62.png,X1,False,-1,-1,160
/kaggle/input/datasets/maryemmahmood/glyph2025/Glyph2025/n35/050437_n35.png,N35,True,5,437,94
/kaggle/input/datasets/maryemmahmood/glyph2025/Glyph2025/w17/w17_35.jpg,W17,False,-1,-1,152
/kaggle/input/datasets/maryemmahmood/glyph2025/Glyph2025/e34/e34_26.png,E34,False,-1,-1,34
/kaggle/input/datasets/maryemmahmood/glyph2025/Glyph2025/g43/g43_158.png,G43,False,-1,-1,60
/kaggle/input/datasets/maryemmahmood/glyph2025/Glyph2025/f31/f31_15.png,F31,False,-1,-1,43
/kaggle/input/datasets/maryemmahmood/glyph2025/Glyph2025/v31/v31_25.png,V31,False,-1,-1,145
/kaggle/input/datasets/maryemmahmood/glyph2025/Glyph2025/n35/220421_n35.png,N35,True,22,421,94
/kaggle/input/datasets/maryemmahmood/glyph2025/Glyph2025/i9/i9_26.png,I9,False,-1,-1,68
/kaggle/input/datasets/maryemmahmood/glyph2025/Glyph2025/a1/a1_128.jpg,A1,False,-1,-1,0
/kaggle/input/datasets/maryemmahmood/glyph2025/Glyph2025/d2/d2_4.png,D2,False,-1,-1,13
/kaggle/input/datasets/maryemmahmood/glyph2025/Glyph2025/q3/q3_69.png,Q3,False,-1,-1,113
/kaggle/input/datasets/maryemmahmood/glyph2025/Glyph2025/x1/x1_142.png,X1,False,-1,-1,160
/kaggle/input/datasets/maryemmahmood/glyph2025/Glyph2025/d54/220231_d54.png,D54,True,22,231,25
/kaggle/input/datasets/maryemmahmood/glyph2025/Glyph2025/o34/o34_13.png,O34,False,-1,-1,103
/kaggle/input/datasets/maryemmahmood/glyph2025/Glyph2025/i10/i10_40.png,I10,False,-1,-1,66
/kaggle/input/datasets/maryemmahmood/glyph2025/Glyph2025/r8/r8_154.png,R8,False,-1,-1,118
/kaggle/input/datasets/maryemmahmood/glyph2025/Glyph2025/m17/090017_m17.png,M17,True,9,17,73
/kaggle/input/datasets/maryemmahmood/glyph2025/Glyph2025/r4/r4_95.png,R4,False,-1,-1,116
/kaggle/input/datasets/maryemmahmood/glyph2025/Glyph2025/f35/f35_90.png,F35,False,-1,-1,46
/kaggle/input/datasets/maryemmahmood/glyph2025/Glyph2025/u1/050048_u1.png,U1,True,5,48,132
/kaggle/input/datasets/maryemmahmood/glyph2025/Glyph2025/r14/r14_16.jpg,R14,False,-1,-1,115
/kaggle/input/datasets/maryemmahmood/glyph2025/Glyph2025/r4/r4_10.png,R4,False,-1,-1,116
/kaggle/input/datasets/maryemmahmood/glyph2025/Glyph2025/n31/030403_n31.png,N31,True,3,403,91
/kaggle/input/datasets/maryemmahmood/glyph2025/Glyph2025/f39/f39_2.jpg,F39,False,-1,-1,47
/kaggle/input/datasets/maryemmahmood/glyph2025/Glyph2025/m17/410305_m17.png,M17,True,41,305,73
/kaggle/input/datasets/maryemmahmood/glyph2025/Glyph2025/n29/230154_n29.png,N29,True,23,154,90
/kaggle/input/datasets/maryemmahmood/glyph2025/Glyph2025/s29/s29_202.jpg,S29,False,-1,-1,124
/kaggle/input/datasets/maryemmahmood/glyph2025/Glyph2025/f31/f31_38.png,F31,False,-1,-1,43
/kaggle/input/datasets/maryemmahmood/glyph2025/Glyph2025/y1/y1_101.png,Y1,False,-1,-1,163
/kaggle/input/datasets/maryemmahmood/glyph2025/Glyph2025/r14/r14_6.png,R14,False,-1,-1,115
/kaggle/input/datasets/maryemmahmood/glyph2025/Glyph2025/m17/050107_m17.png,M17,True,5,107,73
/kaggle/input/datasets/maryemmahmood/glyph2025/Glyph2025/e34/e34_17.png,E34,False,-1,-1,34
/kaggle/input/datasets/maryemmahmood/glyph2025/Glyph2025/v31/390013_v31.png,V31,True,39,13,145
/kaggle/input/datasets/maryemmahmood/glyph2025/Glyph2025/x1/x1_43.png,X1,False,-1,-1,160
/kaggle/input/datasets/maryemmahmood/glyph2025/Glyph2025/o34/o34_47.png,O34,False,-1,-1,103
/kaggle/input/datasets/maryemmahmood/glyph2025/Glyph2025/r14/r14_11.png,R14,False,-1,-1,115
/kaggle/input/datasets/maryemmahmood/glyph2025/Glyph2025/n35/n35_425.png,N35,False,-1,-1,94
/kaggle/input/datasets/maryemmahmood/glyph2025/Glyph2025/d54/d54_7.png,D54,False,-1,-1,25
/kaggle/input/datasets/maryemmahmood/glyph2025/Glyph2025/s29/230307_s29.png,S29,True,23,307,124
/kaggle/input/datasets/maryemmahmood/glyph2025/Glyph2025/r11/r11_5.png,R11,False,-1,-1,114
/kaggle/input/datasets/maryemmahmood/glyph2025/Glyph2025/q1/q1_58.png,Q1,False,-1,-1,111
/kaggle/input/datasets/maryemmahmood/glyph2025/Glyph2025/g14/g14_18.png,G14,False,-1,-1,50
/kaggle/input/datasets/maryemmahmood/glyph2025/Glyph2025/d46/d46_66.png,D46,False,-1,-1,23
/kaggle/input/datasets/maryemmahmood/glyph2025/Glyph2025/r14/r14_23.png,R14,False,-1,-1,115
/kaggle/input/datasets/maryemmahmood/glyph2025/Glyph2025/s40/s40_1.png,S40,False,-1,-1,128
/kaggle/input/datasets/maryemmahmood/glyph2025/Glyph2025/t22/210074_t22.png,T22,True,21,74,130
/kaggle/input/datasets/maryemmahmood/glyph2025/Glyph2025/n33/n33_28.png,N33,False,-1,-1,92
/kaggle/input/datasets/maryemmahmood/glyph2025/Glyph2025/z7/z7_2.png,Z7,False,-1,-1,174
/kaggle/input/datasets/maryemmahmood/glyph2025/Glyph2025/d36/d36_143.jpg,D36,False,-1,-1,17
/kaggle/input/datasets/maryemmahmood/glyph2025/Glyph2025/m17/030342_m17.png,M17,True,3,342,73
/kaggle/input/datasets/maryemmahmood/glyph2025/Glyph2025/n35/200150_n35.png,N35,True,20,150,94
/kaggle/input/datasets/maryemmahmood/glyph2025/Glyph2025/o34/230107_o34.png,O34,True,23,107,103
/kaggle/input/datasets/maryemmahmood/glyph2025/Glyph2025/a1/a1_124.jpg,A1,False,-1,-1,0
/kaggle/input/datasets/maryemmahmood/glyph2025/Glyph2025/n35/n35_2.png,N35,False,-1,-1,94
/kaggle/input/datasets/maryemmahmood/glyph2025/Glyph2025/f1/f1_69.jpg,F1,False,-1,-1,37
/kaggle/input/datasets/maryemmahmood/glyph2025/Glyph2025/m17/390220_m17.png,M17,True,39,220,73
/kaggle/input/datasets/maryemmahmood/glyph2025/Glyph2025/n31/090167_n31.png,N31,True,9,167,91
/kaggle/input/datasets/maryemmahmood/glyph2025/Glyph2025/d21/230393_d21.png,D21,True,23,393,14
/kaggle/input/datasets/maryemmahmood/glyph2025/Glyph2025/w24/w24_26.jpg,W24,False,-1,-1,157
/kaggle/input/datasets/maryemmahmood/glyph2025/Glyph2025/o49/o49_77.png,O49,False,-1,-1,105
/kaggle/input/datasets/maryemmahmood/glyph2025/Glyph2025/m2/m2_7.png,M2,False,-1,-1,75
/kaggle/input/datasets/maryemmahmood/glyph2025/Glyph2025/m18/m18_15.png,M18,False,-1,-1,74
/kaggle/input/datasets/maryemmahmood/glyph2025/Glyph2025/n35/090131_n35.png,N35,True,9,131,94
/kaggle/input/datasets/maryemmahmood/glyph2025/Glyph2025/m17/m17_410.png,M17,False,-1,-1,73
/kaggle/input/datasets/maryemmahmood/glyph2025/Glyph2025/g14/g14_10.png,G14,False,-1,-1,50
/kaggle/input/datasets/maryemmahmood/glyph2025/Glyph2025/d45/d45_8.jpg,D45,False,-1,-1,22
/kaggle/input/datasets/maryemmahmood/glyph2025/Glyph2025/s29/220347_s29.png,S29,True,22,347,124
/kaggle/input/datasets/maryemmahmood/glyph2025/Glyph2025/u7/u7_26.png,U7,False,-1,-1,137
/kaggle/input/datasets/maryemmahmood/glyph2025/Glyph2025/u6/u6_22.png,U6,False,-1,-1,136
/kaggle/input/datasets/maryemmahmood/glyph2025/Glyph2025/x1/x1_333.png,X1,False,-1,-1,160
/kaggle/input/datasets/maryemmahmood/glyph2025/Glyph2025/m17/200059_m17.png,M17,True,20,59,73
/kaggle/input/datasets/maryemmahmood/glyph2025/Glyph2025/d21/d21_201.png,D21,False,-1,-1,14
/kaggle/input/datasets/maryemmahmood/glyph2025/Glyph2025/a1/a1_148.png,A1,False,-1,-1,0
/kaggle/input/datasets/maryemmahmood/glyph2025/Glyph2025/v28/v28_137.png,V28,False,-1,-1,142
/kaggle/input/datasets/maryemmahmood/glyph2025/Glyph2025/g43/g43_98.jpg,G43,False,-1,-1,60
/kaggle/input/datasets/maryemmahmood/glyph2025/Glyph2025/m23/230269_m23.png,M23,True,23,269,78
/kaggle/input/datasets/maryemmahmood/glyph2025/Glyph2025/o4/210136_o4.png,O4,True,21,136,104
/kaggle/input/datasets/maryemmahmood/glyph2025/Glyph2025/d28/230065_d28.png,D28,True,23,65,15
/kaggle/input/datasets/maryemmahmood/glyph2025/Glyph2025/f35/f35_91.png,F35,False,-1,-1,46
/kaggle/input/datasets/maryemmahmood/glyph2025/Glyph2025/e34/410221_e34.png,E34,True,41,221,34
/kaggle/input/datasets/maryemmahmood/glyph2025/Glyph2025/x1/050172_x1.png,X1,True,5,172,160
/kaggle/input/datasets/maryemmahmood/glyph2025/Glyph2025/w25/220030_w25.png,W25,True,22,30,158
/kaggle/input/datasets/maryemmahmood/glyph2025/Glyph2025/i9/i9_116.png,I9,False,-1,-1,68
/kaggle/input/datasets/maryemmahmood/glyph2025/Glyph2025/s34/s34_97.png,S34,False,-1,-1,126
/kaggle/input/datasets/maryemmahmood/glyph2025/Glyph2025/x1/x1_10.jpg,X1,False,-1,-1,160
/kaggle/input/datasets/maryemmahmood/glyph2025/Glyph2025/d37/d37_141.png,D37,False,-1,-1,18
/kaggle/input/datasets/maryemmahmood/glyph2025/Glyph2025/g38/g38_1.png,G38,False,-1,-1,56
/kaggle/input/datasets/maryemmahmood/glyph2025/Glyph2025/g43/g43_86.jpg,G43,False,-1,-1,60
/kaggle/input/datasets/maryemmahmood/glyph2025/Glyph2025/n35/n35_504.png,N35,False,-1,-1,94
/kaggle/input/datasets/maryemmahmood/glyph2025/Glyph2025/x1/x1_426.png,X1,False,-1,-1,160
/kaggle/input/datasets/maryemmahmood/glyph2025/Glyph2025/n35/n35_308.png,N35,False,-1,-1,94
/kaggle/input/datasets/maryemmahmood/glyph2025/Glyph2025/y2/030334_y2.png,Y2,True,3,334,164
/kaggle/input/datasets/maryemmahmood/glyph2025/Glyph2025/g5/390315_g5.png,G5,True,39,315,61
/kaggle/input/datasets/maryemmahmood/glyph2025/Glyph2025/z1/050081_z1.png,Z1,True,5,81,168
/kaggle/input/datasets/maryemmahmood/glyph2025/Glyph2025/x1/x1_94.png,X1,False,-1,-1,160
/kaggle/input/datasets/maryemmahmood/glyph2025/Glyph2025/q1/q1_149.png,Q1,False,-1,-1,111
/kaggle/input/datasets/maryemmahmood/glyph2025/Glyph2025/n37/410165_n37.png,N37,True,41,165,96
/kaggle/input/datasets/maryemmahmood/glyph2025/Glyph2025/y1/y1_26.jpg,Y1,False,-1,-1,163
/kaggle/input/datasets/maryemmahmood/glyph2025/Glyph2025/q3/030219_q3.png,Q3,True,3,219,113
/kaggle/input/datasets/maryemmahmood/glyph2025/Glyph2025/d36/d36_17.jpg,D36,False,-1,-1,17
/kaggle/input/datasets/maryemmahmood/glyph2025/Glyph2025/d52/d52_2.jpg,D52,False,-1,-1,24
/kaggle/input/datasets/maryemmahmood/glyph2025/Glyph2025/m17/m17_469.png,M17,False,-1,-1,73
/kaggle/input/datasets/maryemmahmood/glyph2025/Glyph2025/m17/m17_33.jpg,M17,False,-1,-1,73
/kaggle/input/datasets/maryemmahmood/glyph2025/Glyph2025/s29/s29_18.jpg,S29,False,-1,-1,124
/kaggle/input/datasets/maryemmahmood/glyph2025/Glyph2025/r4/r4_3.png,R4,False,-1,-1,116
/kaggle/input/datasets/maryemmahmood/glyph2025/Glyph2025/a1/a1_62.jpg,A1,False,-1,-1,0
/kaggle/input/datasets/maryemmahmood/glyph2025/Glyph2025/n35/n35_468.png,N35,False,-1,-1,94
/kaggle/input/datasets/maryemmahmood/glyph2025/Glyph2025/d35/d35_4.jpg,D35,False,-1,-1,16
/kaggle/input/datasets/maryemmahmood/glyph2025/Glyph2025/s29/s29_28.png,S29,False,-1,-1,124
/kaggle/input/datasets/maryemmahmood/glyph2025/Glyph2025/s24/s24_5.png,S24,False,-1,-1,121
/kaggle/input/datasets/maryemmahmood/glyph2025/Glyph2025/d36/d36_13.png,D36,False,-1,-1,17
/kaggle/input/datasets/maryemmahmood/glyph2025/Glyph2025/d46/210126_d46.png,D46,True,21,126,23
/kaggle/input/datasets/maryemmahmood/glyph2025/Glyph2025/r4/r4_96.png,R4,False,-1,-1,116
/kaggle/input/datasets/maryemmahmood/glyph2025/Glyph2025/o34/o34_10.png,O34,False,-1,-1,103
/kaggle/input/datasets/maryemmahmood/glyph2025/Glyph2025/d46/d46_2.png,D46,False,-1,-1,23
/kaggle/input/datasets/maryemmahmood/glyph2025/Glyph2025/d4/d4_173.png,D4,False,-1,-1,20
/kaggle/input/datasets/maryemmahmood/glyph2025/Glyph2025/r14/r14_8.png,R14,False,-1,-1,115
/kaggle/input/datasets/maryemmahmood/glyph2025/Glyph2025/n35/210290_n35.png,N35,True,21,290,94
/kaggle/input/datasets/maryemmahmood/glyph2025/Glyph2025/e34/e34_31.png,E34,False,-1,-1,34
/kaggle/input/datasets/maryemmahmood/glyph2025/Glyph2025/v13/050013_v13.png,V13,True,5,13,140
/kaggle/input/datasets/maryemmahmood/glyph2025/Glyph2025/g36/g36_37.jpg,G36,False,-1,-1,54
/kaggle/input/datasets/maryemmahmood/glyph2025/Glyph2025/o1/o1_121.png,O1,False,-1,-1,100
/kaggle/input/datasets/maryemmahmood/glyph2025/Glyph2025/f35/f35_120.png,F35,False,-1,-1,46
/kaggle/input/datasets/maryemmahmood/glyph2025/Glyph2025/d46/d46_55.png,D46,False,-1,-1,23
/kaggle/input/datasets/maryemmahmood/glyph2025/Glyph2025/x1/x1_228.png,X1,False,-1,-1,160
/kaggle/input/datasets/maryemmahmood/glyph2025/Glyph2025/i9/i9_269.png,I9,False,-1,-1,68
/kaggle/input/datasets/maryemmahmood/glyph2025/Glyph2025/m12/m12_48.jpg,M12,False,-1,-1,71
/kaggle/input/datasets/maryemmahmood/glyph2025/Glyph2025/n35/090010_n35.png,N35,True,9,10,94
/kaggle/input/datasets/maryemmahmood/glyph2025/Glyph2025/g43/410181_g43.png,G43,True,41,181,60
/kaggle/input/datasets/maryemmahmood/glyph2025/Glyph2025/m12/m12_31.png,M12,False,-1,-1,71
/kaggle/input/datasets/maryemmahmood/glyph2025/Glyph2025/d2/d2_51.png,D2,False,-1,-1,13
/kaggle/input/datasets/maryemmahmood/glyph2025/Glyph2025/g43/g43_157.png,G43,False,-1,-1,60
/kaggle/input/datasets/maryemmahmood/glyph2025/Glyph2025/u1/200370_u1.png,U1,True,20,370,132
/kaggle/input/datasets/maryemmahmood/glyph2025/Glyph2025/v31/090417_v31.png,V31,True,9,417,145
/kaggle/input/datasets/maryemmahmood/glyph2025/Glyph2025/q3/q3_55.png,Q3,False,-1,-1,113
/kaggle/input/datasets/maryemmahmood/glyph2025/Glyph2025/g36/g36_36.jpg,G36,False,-1,-1,54
/kaggle/input/datasets/maryemmahmood/glyph2025/Glyph2025/w19/w19_19.png,W19,False,-1,-1,154
/kaggle/input/datasets/maryemmahmood/glyph2025/Glyph2025/o49/o49_89.png,O49,False,-1,-1,105
/kaggle/input/datasets/maryemmahmood/glyph2025/Glyph2025/d46/d46_87.jpg,D46,False,-1,-1,23
/kaggle/input/datasets/maryemmahmood/glyph2025/Glyph2025/g17/g17_64.jpg,G17,False,-1,-1,51
/kaggle/input/datasets/maryemmahmood/glyph2025/Glyph2025/h6/h6_25.png,H6,False,-1,-1,63
/kaggle/input/datasets/maryemmahmood/glyph2025/Glyph2025/d21/d21_194.png,D21,False,-1,-1,14
/kaggle/input/datasets/maryemmahmood/glyph2025/Glyph2025/n35/n35_318.png,N35,False,-1,-1,94
/kaggle/input/datasets/maryemmahmood/glyph2025/Glyph2025/n35/n35_71.png,N35,False,-1,-1,94
/kaggle/input/datasets/maryemmahmood/glyph2025/Glyph2025/z9/z9_4.png,Z9,False,-1,-1,175
/kaggle/input/datasets/maryemmahmood/glyph2025/Glyph2025/d28/d28_33.png,D28,False,-1,-1,15
/kaggle/input/datasets/maryemmahmood/glyph2025/Glyph2025/o1/o1_7.png,O1,False,-1,-1,100
/kaggle/input/datasets/maryemmahmood/glyph2025/Glyph2025/v31/030455_v31.png,V31,True,3,455,145
/kaggle/input/datasets/maryemmahmood/glyph2025/Glyph2025/v30/v30_161.png,V30,False,-1,-1,144
/kaggle/input/datasets/maryemmahmood/glyph2025/Glyph2025/u6/u6_37.png,U6,False,-1,-1,136
/kaggle/input/datasets/maryemmahmood/glyph2025/Glyph2025/v13/200175_v13.png,V13,True,20,175,140
/kaggle/input/datasets/maryemmahmood/glyph2025/Glyph2025/z1/050255_z1.png,Z1,True,5,255,168
/kaggle/input/datasets/maryemmahmood/glyph2025/Glyph2025/n8/n8_1.jpg,N8,False,-1,-1,99
/kaggle/input/datasets/maryemmahmood/glyph2025/Glyph2025/m17/m17_350.png,M17,False,-1,-1,73
/kaggle/input/datasets/maryemmahmood/glyph2025/Glyph2025/n35/n35_343.png,N35,False,-1,-1,94
/kaggle/input/datasets/maryemmahmood/glyph2025/Glyph2025/d56/d56_3.png,D56,False,-1,-1,27
/kaggle/input/datasets/maryemmahmood/glyph2025/Glyph2025/d21/390244_d21.png,D21,True,39,244,14
/kaggle/input/datasets/maryemmahmood/glyph2025/Glyph2025/q1/q1_9.png,Q1,False,-1,-1,111
/kaggle/input/datasets/maryemmahmood/glyph2025/Glyph2025/d37/d37_89.png,D37,False,-1,-1,18
/kaggle/input/datasets/maryemmahmood/glyph2025/Glyph2025/a1/a1_81.png,A1,False,-1,-1,0
/kaggle/input/datasets/maryemmahmood/glyph2025/Glyph2025/z1/230007_z1.png,Z1,True,23,7,168
/kaggle/input/datasets/maryemmahmood/glyph2025/Glyph2025/x1/x1_56.png,X1,False,-1,-1,160
/kaggle/input/datasets/maryemmahmood/glyph2025/Glyph2025/m12/m12_19.png,M12,False,-1,-1,71
/kaggle/input/datasets/maryemmahmood/glyph2025/Glyph2025/v28/v28_97.png,V28,False,-1,-1,142
/kaggle/input/datasets/maryemmahmood/glyph2025/Glyph2025/d21/d21_115.png,D21,False,-1,-1,14
/kaggle/input/datasets/maryemmahmood/glyph2025/Glyph2025/d58/050284_d58.png,D58,True,5,284,28
/kaggle/input/datasets/maryemmahmood/glyph2025/Glyph2025/l1/l1_3.png,L1,False,-1,-1,69
/kaggle/input/datasets/maryemmahmood/glyph2025/Glyph2025/n33/n33_109.png,N33,False,-1,-1,92
/kaggle/input/datasets/maryemmahmood/glyph2025/Glyph2025/m17/m17_289.png,M17,False,-1,-1,73
/kaggle/input/datasets/maryemmahmood/glyph2025/Glyph2025/d4/d4_201.png,D4,False,-1,-1,20
/kaggle/input/datasets/maryemmahmood/glyph2025/Glyph2025/v28/v28_23.png,V28,False,-1,-1,142
/kaggle/input/datasets/maryemmahmood/glyph2025/Glyph2025/g38/g38_27.png,G38,False,-1,-1,56
/kaggle/input/datasets/maryemmahmood/glyph2025/Glyph2025/f35/f35_133.png,F35,False,-1,-1,46
/kaggle/input/datasets/maryemmahmood/glyph2025/Glyph2025/w17/w17_10.png,W17,False,-1,-1,152
/kaggle/input/datasets/maryemmahmood/glyph2025/Glyph2025/g5/g5_8.png,G5,False,-1,-1,61
/kaggle/input/datasets/maryemmahmood/glyph2025/Glyph2025/s29/s29_145.png,S29,False,-1,-1,124
/kaggle/input/datasets/maryemmahmood/glyph2025/Glyph2025/s29/050135_s29.png,S29,True,5,135,124
/kaggle/input/datasets/maryemmahmood/glyph2025/Glyph2025/m17/m17_71.png,M17,False,-1,-1,73
/kaggle/input/datasets/maryemmahmood/glyph2025/Glyph2025/g43/210357_g43.png,G43,True,21,357,60
/kaggle/input/datasets/maryemmahmood/glyph2025/Glyph2025/d21/d21_114.png,D21,False,-1,-1,14
/kaggle/input/datasets/maryemmahmood/glyph2025/Glyph2025/v13/v13_35.png,V13,False,-1,-1,140
/kaggle/input/datasets/maryemmahmood/glyph2025/Glyph2025/n37/410121_n37.png,N37,True,41,121,96
/kaggle/input/datasets/maryemmahmood/glyph2025/Glyph2025/d37/d37_57.png,D37,False,-1,-1,18
/kaggle/input/datasets/maryemmahmood/glyph2025/Glyph2025/r8/230423_r8.png,R8,True,23,423,118
/kaggle/input/datasets/maryemmahmood/glyph2025/Glyph2025/h1/h1_14.jpg,H1,False,-1,-1,62
/kaggle/input/datasets/maryemmahmood/glyph2025/Glyph2025/f31/f31_14.png,F31,False,-1,-1,43
/kaggle/input/datasets/maryemmahmood/glyph2025/Glyph2025/d35/230316_d35.png,D35,True,23,316,16
/kaggle/input/datasets/maryemmahmood/glyph2025/Glyph2025/i9/i9_139.png,I9,False,-1,-1,68
/kaggle/input/datasets/maryemmahmood/glyph2025/Glyph2025/aa15/aa15_34.png,AA15,False,-1,-1,10
/kaggle/input/datasets/maryemmahmood/glyph2025/Glyph2025/v13/v13_34.jpg,V13,False,-1,-1,140
/kaggle/input/datasets/maryemmahmood/glyph2025/Glyph2025/x1/x1_313.png,X1,False,-1,-1,160
/kaggle/input/datasets/maryemmahmood/glyph2025/Glyph2025/n5/220061_n5.png,N5,True,22,61,98
/kaggle/input/datasets/maryemmahmood/glyph2025/Glyph2025/v31/410009_v31.png,V31,True,41,9,145
/kaggle/input/datasets/maryemmahmood/glyph2025/Glyph2025/m17/m17_312.png,M17,False,-1,-1,73
/kaggle/input/datasets/maryemmahmood/glyph2025/Glyph2025/s27/s27_14.png,S27,False,-1,-1,122
/kaggle/input/datasets/maryemmahmood/glyph2025/Glyph2025/n14/n14_23.png,N14,False,-1,-1,84
/kaggle/input/datasets/maryemmahmood/glyph2025/Glyph2025/v13/v13_79.jpg,V13,False,-1,-1,140
/kaggle/input/datasets/maryemmahmood/glyph2025/Glyph2025/i10/i10_41.png,I10,False,-1,-1,66
/kaggle/input/datasets/maryemmahmood/glyph2025/Glyph2025/n35/090023_n35.png,N35,True,9,23,94
/kaggle/input/datasets/maryemmahmood/glyph2025/Glyph2025/m17/030142_m17.png,M17,True,3,142,73
/kaggle/input/datasets/maryemmahmood/glyph2025/Glyph2025/x1/x1_184.png,X1,False,-1,-1,160
/kaggle/input/datasets/maryemmahmood/glyph2025/Glyph2025/n35/n35_3.png,N35,False,-1,-1,94
/kaggle/input/datasets/maryemmahmood/glyph2025/Glyph2025/n14/n14_21.png,N14,False,-1,-1,84
/kaggle/input/datasets/maryemmahmood/glyph2025/Glyph2025/d36/d36_78.png,D36,False,-1,-1,17
/kaggle/input/datasets/maryemmahmood/glyph2025/Glyph2025/x1/x1_59.png,X1,False,-1,-1,160
/kaggle/input/datasets/maryemmahmood/glyph2025/Glyph2025/x1/x1_6.png,X1,False,-1,-1,160
/kaggle/input/datasets/maryemmahmood/glyph2025/Glyph2025/g17/220215_g17.png,G17,True,22,215,51
/kaggle/input/datasets/maryemmahmood/glyph2025/Glyph2025/l2/l2_5.png,L2,False,-1,-1,70
/kaggle/input/datasets/maryemmahmood/glyph2025/Glyph2025/o1/o1_72.png,O1,False,-1,-1,100
/kaggle/input/datasets/maryemmahmood/glyph2025/Glyph2025/n14/n14_16.jpg,N14,False,-1,-1,84
/kaggle/input/datasets/maryemmahmood/glyph2025/Glyph2025/m17/m17_215.jpg,M17,False,-1,-1,73
/kaggle/input/datasets/maryemmahmood/glyph2025/Glyph2025/s34/s34_65.png,S34,False,-1,-1,126
/kaggle/input/datasets/maryemmahmood/glyph2025/Glyph2025/x1/x1_8.png,X1,False,-1,-1,160
/kaggle/input/datasets/maryemmahmood/glyph2025/Glyph2025/d21/d21_335.jpg,D21,False,-1,-1,14
/kaggle/input/datasets/maryemmahmood/glyph2025/Glyph2025/m17/390036_m17.png,M17,True,39,36,73
/kaggle/input/datasets/maryemmahmood/glyph2025/Glyph2025/n35/090416_n35.png,N35,True,9,416,94
/kaggle/input/datasets/maryemmahmood/glyph2025/Glyph2025/s40/s40_14.png,S40,False,-1,-1,128
/kaggle/input/datasets/maryemmahmood/glyph2025/Glyph2025/g25/g25_1.jpg,G25,False,-1,-1,52
/kaggle/input/datasets/maryemmahmood/glyph2025/Glyph2025/g43/g43_29.jpg,G43,False,-1,-1,60
/kaggle/input/datasets/maryemmahmood/glyph2025/Glyph2025/e34/090130_e34.png,E34,True,9,130,34
/kaggle/input/datasets/maryemmahmood/glyph2025/Glyph2025/m23/m23_5.png,M23,False,-1,-1,78
/kaggle/input/datasets/maryemmahmood/glyph2025/Glyph2025/f34/f34_1.png,F34,False,-1,-1,45
/kaggle/input/datasets/maryemmahmood/glyph2025/Glyph2025/s29/s29_40.jpg,S29,False,-1,-1,124
/kaggle/input/datasets/maryemmahmood/glyph2025/Glyph2025/x1/x1_438.png,X1,False,-1,-1,160
/kaggle/input/datasets/maryemmahmood/glyph2025/Glyph2025/u6/u6_26.png,U6,False,-1,-1,136
/kaggle/input/datasets/maryemmahmood/glyph2025/Glyph2025/v28/v28_17.png,V28,False,-1,-1,142
/kaggle/input/datasets/maryemmahmood/glyph2025/Glyph2025/m17/m17_307.png,M17,False,-1,-1,73
/kaggle/input/datasets/maryemmahmood/glyph2025/Glyph2025/f39/f39_24.png,F39,False,-1,-1,47
/kaggle/input/datasets/maryemmahmood/glyph2025/Glyph2025/o49/o49_92.png,O49,False,-1,-1,105
/kaggle/input/datasets/maryemmahmood/glyph2025/Glyph2025/d28/230055_d28.png,D28,True,23,55,15
/kaggle/input/datasets/maryemmahmood/glyph2025/Glyph2025/i10/410267_i10.png,I10,True,41,267,66
/kaggle/input/datasets/maryemmahmood/glyph2025/Glyph2025/g40/030229_g40.png,G40,True,3,229,59
/kaggle/input/datasets/maryemmahmood/glyph2025/Glyph2025/d36/d36_126.jpg,D36,False,-1,-1,17
/kaggle/input/datasets/maryemmahmood/glyph2025/Glyph2025/x1/x1_99.png,X1,False,-1,-1,160
/kaggle/input/datasets/maryemmahmood/glyph2025/Glyph2025/s38/s38_15.jpg,S38,False,-1,-1,127
/kaggle/input/datasets/maryemmahmood/glyph2025/Glyph2025/x1/x1_221.png,X1,False,-1,-1,160
/kaggle/input/datasets/maryemmahmood/glyph2025/Glyph2025/d58/d58_70.png,D58,False,-1,-1,28
/kaggle/input/datasets/maryemmahmood/glyph2025/Glyph2025/v28/v28_21.jpg,V28,False,-1,-1,142
/kaggle/input/datasets/maryemmahmood/glyph2025/Glyph2025/z1/050078_z1.png,Z1,True,5,78,168
/kaggle/input/datasets/maryemmahmood/glyph2025/Glyph2025/v28/210032_v28.png,V28,True,21,32,142
/kaggle/input/datasets/maryemmahmood/glyph2025/Glyph2025/a1/a1_144.jpg,A1,False,-1,-1,0
/kaggle/input/datasets/maryemmahmood/glyph2025/Glyph2025/x1/200052_x1.png,X1,True,20,52,160
/kaggle/input/datasets/maryemmahmood/glyph2025/Glyph2025/e34/210084_e34.png,E34,True,21,84,34
/kaggle/input/datasets/maryemmahmood/glyph2025/Glyph2025/n1/n1_50.png,N1,False,-1,-1,83
/kaggle/input/datasets/maryemmahmood/glyph2025/Glyph2025/m17/m17_163.png,M17,False,-1,-1,73
/kaggle/input/datasets/maryemmahmood/glyph2025/Glyph2025/e7/e7_7.jpg,E7,False,-1,-1,35
/kaggle/input/datasets/maryemmahmood/glyph2025/Glyph2025/m12/m12_46.jpg,M12,False,-1,-1,71
/kaggle/input/datasets/maryemmahmood/glyph2025/Glyph2025/w24/w24_8.jpg,W24,False,-1,-1,157
/kaggle/input/datasets/maryemmahmood/glyph2025/Glyph2025/n35/090382_n35.png,N35,True,9,382,94
/kaggle/input/datasets/maryemmahmood/glyph2025/Glyph2025/l1/l1_20.png,L1,False,-1,-1,69
/kaggle/input/datasets/maryemmahmood/glyph2025/Glyph2025/e16/e16_5.png,E16,False,-1,-1,32
/kaggle/input/datasets/maryemmahmood/glyph2025/Glyph2025/n35/410218_n35.png,N35,True,41,218,94
/kaggle/input/datasets/maryemmahmood/glyph2025/Glyph2025/z1/z1_54.png,Z1,False,-1,-1,168
/kaggle/input/datasets/maryemmahmood/glyph2025/Glyph2025/d40/d40_5.png,D40,False,-1,-1,21
/kaggle/input/datasets/maryemmahmood/glyph2025/Glyph2025/i9/i9_251.png,I9,False,-1,-1,68
/kaggle/input/datasets/maryemmahmood/glyph2025/Glyph2025/v28/v28_147.png,V28,False,-1,-1,142
/kaggle/input/datasets/maryemmahmood/glyph2025/Glyph2025/n36/n36_2.png,N36,False,-1,-1,95
/kaggle/input/datasets/maryemmahmood/glyph2025/Glyph2025/x1/x1_1.png,X1,False,-1,-1,160
/kaggle/input/datasets/maryemmahmood/glyph2025/Glyph2025/e1/e1_11.png,E1,False,-1,-1,30
/kaggle/input/datasets/maryemmahmood/glyph2025/Glyph2025/q3/q3_125.jpg,Q3,False,-1,-1,113
/kaggle/input/datasets/maryemmahmood/glyph2025/Glyph2025/g43/390252_g43.png,G43,True,39,252,60
/kaggle/input/datasets/maryemmahmood/glyph2025/Glyph2025/r8/r8_99.png,R8,False,-1,-1,118
/kaggle/input/datasets/maryemmahmood/glyph2025/Glyph2025/s29/s29_72.png,S29,False,-1,-1,124
/kaggle/input/datasets/maryemmahmood/glyph2025/Glyph2025/v13/v13_3.jpg,V13,False,-1,-1,140
/kaggle/input/datasets/maryemmahmood/glyph2025/Glyph2025/q3/030222_q3.png,Q3,True,3,222,113
/kaggle/input/datasets/maryemmahmood/glyph2025/Glyph2025/y5/y5_28.png,Y5,False,-1,-1,167
/kaggle/input/datasets/maryemmahmood/glyph2025/Glyph2025/i9/i9_101.png,I9,False,-1,-1,68
/kaggle/input/datasets/maryemmahmood/glyph2025/Glyph2025/y1/y1_47.png,Y1,False,-1,-1,163
/kaggle/input/datasets/maryemmahmood/glyph2025/Glyph2025/v31/030429_v31.png,V31,True,3,429,145
/kaggle/input/datasets/maryemmahmood/glyph2025/Glyph2025/m17/m17_113.png,M17,False,-1,-1,73
/kaggle/input/datasets/maryemmahmood/glyph2025/Glyph2025/x1/x1_280.png,X1,False,-1,-1,160
/kaggle/input/datasets/maryemmahmood/glyph2025/Glyph2025/a40/a40_27.jpg,A40,False,-1,-1,6
/kaggle/input/datasets/maryemmahmood/glyph2025/Glyph2025/n18/220106_n18.png,N18,True,22,106,86
/kaggle/input/datasets/maryemmahmood/glyph2025/Glyph2025/x1/x1_119.png,X1,False,-1,-1,160
/kaggle/input/datasets/maryemmahmood/glyph2025/Glyph2025/d21/d21_354.png,D21,False,-1,-1,14
/kaggle/input/datasets/maryemmahmood/glyph2025/Glyph2025/s29/410162_s29.png,S29,True,41,162,124
/kaggle/input/datasets/maryemmahmood/glyph2025/Glyph2025/e9/050391_e9.png,E9,True,5,391,36
/kaggle/input/datasets/maryemmahmood/glyph2025/Glyph2025/d1/d1_2.png,D1,False,-1,-1,12
/kaggle/input/datasets/maryemmahmood/glyph2025/Glyph2025/s34/s34_85.png,S34,False,-1,-1,126
/kaggle/input/datasets/maryemmahmood/glyph2025/Glyph2025/o50/230070_o50.png,O50,True,23,70,106
/kaggle/input/datasets/maryemmahmood/glyph2025/Glyph2025/d4/d4_142.png,D4,False,-1,-1,20
/kaggle/input/datasets/maryemmahmood/glyph2025/Glyph2025/f35/f35_65.jpg,F35,False,-1,-1,46
/kaggle/input/datasets/maryemmahmood/glyph2025/Glyph2025/m23/m23_65.png,M23,False,-1,-1,78
/kaggle/input/datasets/maryemmahmood/glyph2025/Glyph2025/g1/g1_1.png,G1,False,-1,-1,49
/kaggle/input/datasets/maryemmahmood/glyph2025/Glyph2025/g43/g43_145.jpg,G43,False,-1,-1,60
/kaggle/input/datasets/maryemmahmood/glyph2025/Glyph2025/r4/r4_61.jpg,R4,False,-1,-1,116
/kaggle/input/datasets/maryemmahmood/glyph2025/Glyph2025/q1/q1_89.png,Q1,False,-1,-1,111
/kaggle/input/datasets/maryemmahmood/glyph2025/Glyph2025/s3/s3_3.png,S3,False,-1,-1,125
/kaggle/input/datasets/maryemmahmood/glyph2025/Glyph2025/d21/d21_43.png,D21,False,-1,-1,14
/kaggle/input/datasets/maryemmahmood/glyph2025/Glyph2025/f35/f35_121.png,F35,False,-1,-1,46
/kaggle/input/datasets/maryemmahmood/glyph2025/Glyph2025/v30/v30_261.png,V30,False,-1,-1,144
/kaggle/input/datasets/maryemmahmood/glyph2025/Glyph2025/n8/n8_4.png,N8,False,-1,-1,99
/kaggle/input/datasets/maryemmahmood/glyph2025/Glyph2025/g43/210346_g43.png,G43,True,21,346,60
/kaggle/input/datasets/maryemmahmood/glyph2025/Glyph2025/e34/090067_e34.png,E34,True,9,67,34
/kaggle/input/datasets/maryemmahmood/glyph2025/Glyph2025/m17/030408_m17.png,M17,True,3,408,73
/kaggle/input/datasets/maryemmahmood/glyph2025/Glyph2025/e34/220253_e34.png,E34,True,22,253,34
/kaggle/input/datasets/maryemmahmood/glyph2025/Glyph2025/d28/d28_53.png,D28,False,-1,-1,15
/kaggle/input/datasets/maryemmahmood/glyph2025/Glyph2025/h6/h6_4.png,H6,False,-1,-1,63
/kaggle/input/datasets/maryemmahmood/glyph2025/Glyph2025/g43/090234_g43.png,G43,True,9,234,60
/kaggle/input/datasets/maryemmahmood/glyph2025/Glyph2025/f32/f32_14.png,F32,False,-1,-1,44
/kaggle/input/datasets/maryemmahmood/glyph2025/Glyph2025/f31/f31_42.png,F31,False,-1,-1,43
/kaggle/input/datasets/maryemmahmood/glyph2025/Glyph2025/f31/f31_47.png,F31,False,-1,-1,43
/kaggle/input/datasets/maryemmahmood/glyph2025/Glyph2025/g17/220013_g17.png,G17,True,22,13,51
/kaggle/input/datasets/maryemmahmood/glyph2025/Glyph2025/m23/m23_159.png,M23,False,-1,-1,78
/kaggle/input/datasets/maryemmahmood/glyph2025/Glyph2025/n1/n1_35.png,N1,False,-1,-1,83
/kaggle/input/datasets/maryemmahmood/glyph2025/Glyph2025/s34/s34_34.png,S34,False,-1,-1,126
/kaggle/input/datasets/maryemmahmood/glyph2025/Glyph2025/d58/d58_27.png,D58,False,-1,-1,28
/kaggle/input/datasets/maryemmahmood/glyph2025/Glyph2025/d2/390400_d2.png,D2,True,39,400,13
/kaggle/input/datasets/maryemmahmood/glyph2025/Glyph2025/n35/n35_207.png,N35,False,-1,-1,94
/kaggle/input/datasets/maryemmahmood/glyph2025/Glyph2025/x1/x1_419.png,X1,False,-1,-1,160
/kaggle/input/datasets/maryemmahmood/glyph2025/Glyph2025/q1/q1_5.png,Q1,False,-1,-1,111
/kaggle/input/datasets/maryemmahmood/glyph2025/Glyph2025/aa15/aa15_83.png,AA15,False,-1,-1,10
/kaggle/input/datasets/maryemmahmood/glyph2025/Glyph2025/f1/f1_56.png,F1,False,-1,-1,37
/kaggle/input/datasets/maryemmahmood/glyph2025/Glyph2025/g17/090250_g17.png,G17,True,9,250,51
/kaggle/input/datasets/maryemmahmood/glyph2025/Glyph2025/m17/m17_462.png,M17,False,-1,-1,73
/kaggle/input/datasets/maryemmahmood/glyph2025/Glyph2025/f32/f32_10.png,F32,False,-1,-1,44
/kaggle/input/datasets/maryemmahmood/glyph2025/Glyph2025/m17/m17_23.jpg,M17,False,-1,-1,73
/kaggle/input/datasets/maryemmahmood/glyph2025/Glyph2025/y4/y4_24.jpg,Y4,False,-1,-1,166
/kaggle/input/datasets/maryemmahmood/glyph2025/Glyph2025/n35/n35_298.jpg,N35,False,-1,-1,94
/kaggle/input/datasets/maryemmahmood/glyph2025/Glyph2025/v30/v30_19.jpg,V30,False,-1,-1,144
/kaggle/input/datasets/maryemmahmood/glyph2025/Glyph2025/d2/d2_75.png,D2,False,-1,-1,13
/kaggle/input/datasets/maryemmahmood/glyph2025/Glyph2025/o50/390143_o50.png,O50,True,39,143,106
/kaggle/input/datasets/maryemmahmood/glyph2025/Glyph2025/x1/x1_105.png,X1,False,-1,-1,160
/kaggle/input/datasets/maryemmahmood/glyph2025/Glyph2025/x1/x1_136.jpg,X1,False,-1,-1,160
/kaggle/input/datasets/maryemmahmood/glyph2025/Glyph2025/aa15/aa15_69.png,AA15,False,-1,-1,10
/kaggle/input/datasets/maryemmahmood/glyph2025/Glyph2025/m23/m23_106.png,M23,False,-1,-1,78
/kaggle/input/datasets/maryemmahmood/glyph2025/Glyph2025/x8/x8_33.jpg,X8,False,-1,-1,162
/kaggle/input/datasets/maryemmahmood/glyph2025/Glyph2025/s21/s21_44.png,S21,False,-1,-1,120
/kaggle/input/datasets/maryemmahmood/glyph2025/Glyph2025/i9/i9_213.png,I9,False,-1,-1,68
/kaggle/input/datasets/maryemmahmood/glyph2025/Glyph2025/s29/410214_s29.png,S29,True,41,214,124
/kaggle/input/datasets/maryemmahmood/glyph2025/Glyph2025/u1/u1_29.jpg,U1,False,-1,-1,132
/kaggle/input/datasets/maryemmahmood/glyph2025/Glyph2025/o1/o1_2.jpg,O1,False,-1,-1,100
/kaggle/input/datasets/maryemmahmood/glyph2025/Glyph2025/x1/050146_x1.png,X1,True,5,146,160
/kaggle/input/datasets/maryemmahmood/glyph2025/Glyph2025/u7/u7_27.jpg,U7,False,-1,-1,137
/kaggle/input/datasets/maryemmahmood/glyph2025/Glyph2025/i9/i9_31.png,I9,False,-1,-1,68
/kaggle/input/datasets/maryemmahmood/glyph2025/Glyph2025/o4/230221_o4.png,O4,True,23,221,104
/kaggle/input/datasets/maryemmahmood/glyph2025/Glyph2025/n33/n33_11.jpg,N33,False,-1,-1,92
/kaggle/input/datasets/maryemmahmood/glyph2025/Glyph2025/n35/n35_470.png,N35,False,-1,-1,94
/kaggle/input/datasets/maryemmahmood/glyph2025/Glyph2025/v13/v13_15.jpg,V13,False,-1,-1,140
/kaggle/input/datasets/maryemmahmood/glyph2025/Glyph2025/z1/z1_47.png,Z1,False,-1,-1,168
/kaggle/input/datasets/maryemmahmood/glyph2025/Glyph2025/o50/210055_o50.png,O50,True,21,55,106
/kaggle/input/datasets/maryemmahmood/glyph2025/Glyph2025/o50/o50_5.png,O50,False,-1,-1,106
/kaggle/input/datasets/maryemmahmood/glyph2025/Glyph2025/v31/v31_58.jpg,V31,False,-1,-1,145
/kaggle/input/datasets/maryemmahmood/glyph2025/Glyph2025/e34/e34_24.png,E34,False,-1,-1,34
/kaggle/input/datasets/maryemmahmood/glyph2025/Glyph2025/x1/210189_x1.png,X1,True,21,189,160
/kaggle/input/datasets/maryemmahmood/glyph2025/Glyph2025/o1/o1_140.png,O1,False,-1,-1,100
/kaggle/input/datasets/maryemmahmood/glyph2025/Glyph2025/v30/v30_160.png,V30,False,-1,-1,144
/kaggle/input/datasets/maryemmahmood/glyph2025/Glyph2025/n36/n36_17.png,N36,False,-1,-1,95
/kaggle/input/datasets/maryemmahmood/glyph2025/Glyph2025/n35/n35_270.png,N35,False,-1,-1,94
/kaggle/input/datasets/maryemmahmood/glyph2025/Glyph2025/g43/g43_28.png,G43,False,-1,-1,60
/kaggle/input/datasets/maryemmahmood/glyph2025/Glyph2025/x1/x1_272.png,X1,False,-1,-1,160
/kaggle/input/datasets/maryemmahmood/glyph2025/Glyph2025/n35/n35_125.png,N35,False,-1,-1,94
/kaggle/input/datasets/maryemmahmood/glyph2025/Glyph2025/i15/i15_4.png,I15,False,-1,-1,67
/kaggle/input/datasets/maryemmahmood/glyph2025/Glyph2025/i9/210309_i9.png,I9,True,21,309,68
/kaggle/input/datasets/maryemmahmood/glyph2025/Glyph2025/v30/v30_11.png,V30,False,-1,-1,144
/kaggle/input/datasets/maryemmahmood/glyph2025/Glyph2025/s29/410259_s29.png,S29,True,41,259,124
/kaggle/input/datasets/maryemmahmood/glyph2025/Glyph2025/d28/d28_9.png,D28,False,-1,-1,15
/kaggle/input/datasets/maryemmahmood/glyph2025/Glyph2025/i9/i9_1.png,I9,False,-1,-1,68
/kaggle/input/datasets/maryemmahmood/glyph2025/Glyph2025/n18/n18_6.png,N18,False,-1,-1,86
/kaggle/input/datasets/maryemmahmood/glyph2025/Glyph2025/x1/x1_15.jpg,X1,False,-1,-1,160
/kaggle/input/datasets/maryemmahmood/glyph2025/Glyph2025/d4/d4_181.png,D4,False,-1,-1,20
/kaggle/input/datasets/maryemmahmood/glyph2025/Glyph2025/d46/220275_d46.png,D46,True,22,275,23
/kaggle/input/datasets/maryemmahmood/glyph2025/Glyph2025/g43/230403_g43.png,G43,True,23,403,60
/kaggle/input/datasets/maryemmahmood/glyph2025/Glyph2025/n35/n35_450.png,N35,False,-1,-1,94
/kaggle/input/datasets/maryemmahmood/glyph2025/Glyph2025/d35/390175_d35.png,D35,True,39,175,16
/kaggle/input/datasets/maryemmahmood/glyph2025/Glyph2025/x1/x1_28.png,X1,False,-1,-1,160
/kaggle/input/datasets/maryemmahmood/glyph2025/Glyph2025/r4/r4_123.png,R4,False,-1,-1,116
/kaggle/input/datasets/maryemmahmood/glyph2025/Glyph2025/u1/u1_1.png,U1,False,-1,-1,132
/kaggle/input/datasets/maryemmahmood/glyph2025/Glyph2025/q3/q3_115.png,Q3,False,-1,-1,113
/kaggle/input/datasets/maryemmahmood/glyph2025/Glyph2025/v31/v31_123.png,V31,False,-1,-1,145
/kaggle/input/datasets/maryemmahmood/glyph2025/Glyph2025/m23/m23_105.png,M23,False,-1,-1,78
/kaggle/input/datasets/maryemmahmood/glyph2025/Glyph2025/m12/m12_59.png,M12,False,-1,-1,71
/kaggle/input/datasets/maryemmahmood/glyph2025/Glyph2025/m23/m23_29.jpg,M23,False,-1,-1,78
/kaggle/input/datasets/maryemmahmood/glyph2025/Glyph2025/z1/z1_16.png,Z1,False,-1,-1,168
/kaggle/input/datasets/maryemmahmood/glyph2025/Glyph2025/g17/g17_18.jpg,G17,False,-1,-1,51
/kaggle/input/datasets/maryemmahmood/glyph2025/Glyph2025/m23/m23_30.jpg,M23,False,-1,-1,78
/kaggle/input/datasets/maryemmahmood/glyph2025/Glyph2025/v31/390201_v31.png,V31,True,39,201,145
/kaggle/input/datasets/maryemmahmood/glyph2025/Glyph2025/d21/d21_83.jpg,D21,False,-1,-1,14
/kaggle/input/datasets/maryemmahmood/glyph2025/Glyph2025/u7/u7_29.jpg,U7,False,-1,-1,137
/kaggle/input/datasets/maryemmahmood/glyph2025/Glyph2025/o1/o1_23.png,O1,False,-1,-1,100
/kaggle/input/datasets/maryemmahmood/glyph2025/Glyph2025/m17/050396_m17.png,M17,True,5,396,73
/kaggle/input/datasets/maryemmahmood/glyph2025/Glyph2025/o49/o49_45.png,O49,False,-1,-1,105
/kaggle/input/datasets/maryemmahmood/glyph2025/Glyph2025/g43/090306_g43.png,G43,True,9,306,60
/kaggle/input/datasets/maryemmahmood/glyph2025/Glyph2025/d45/d45_11.png,D45,False,-1,-1,22
/kaggle/input/datasets/maryemmahmood/glyph2025/Glyph2025/d21/d21_162.jpg,D21,False,-1,-1,14
/kaggle/input/datasets/maryemmahmood/glyph2025/Glyph2025/d58/d58_81.png,D58,False,-1,-1,28
/kaggle/input/datasets/maryemmahmood/glyph2025/Glyph2025/x1/x1_255.png,X1,False,-1,-1,160
/kaggle/input/datasets/maryemmahmood/glyph2025/Glyph2025/m29/220113_m29.png,M29,True,22,113,79
/kaggle/input/datasets/maryemmahmood/glyph2025/Glyph2025/d35/410258_d35.png,D35,True,41,258,16
/kaggle/input/datasets/maryemmahmood/glyph2025/Glyph2025/w22/w22_6.png,W22,False,-1,-1,155
/kaggle/input/datasets/maryemmahmood/glyph2025/Glyph2025/n35/030315_n35.png,N35,True,3,315,94
/kaggle/input/datasets/maryemmahmood/glyph2025/Glyph2025/n26/n26_8.png,N26,False,-1,-1,89
/kaggle/input/datasets/maryemmahmood/glyph2025/Glyph2025/d46/230294_d46.png,D46,True,23,294,23
/kaggle/input/datasets/maryemmahmood/glyph2025/Glyph2025/g5/030130_g5.png,G5,True,3,130,61
/kaggle/input/datasets/maryemmahmood/glyph2025/Glyph2025/u1/u1_25.jpg,U1,False,-1,-1,132
/kaggle/input/datasets/maryemmahmood/glyph2025/Glyph2025/m17/m17_467.png,M17,False,-1,-1,73
/kaggle/input/datasets/maryemmahmood/glyph2025/Glyph2025/s29/230331_s29.png,S29,True,23,331,124
/kaggle/input/datasets/maryemmahmood/glyph2025/Glyph2025/d21/d21_56.png,D21,False,-1,-1,14
/kaggle/input/datasets/maryemmahmood/glyph2025/Glyph2025/n35/n35_454.jpg,N35,False,-1,-1,94
/kaggle/input/datasets/maryemmahmood/glyph2025/Glyph2025/g43/090295_g43.png,G43,True,9,295,60
/kaggle/input/datasets/maryemmahmood/glyph2025/Glyph2025/x1/050386_x1.png,X1,True,5,386,160
/kaggle/input/datasets/maryemmahmood/glyph2025/Glyph2025/m3/m3_17.png,M3,False,-1,-1,80
/kaggle/input/datasets/maryemmahmood/glyph2025/Glyph2025/x1/210046_x1.png,X1,True,21,46,160
/kaggle/input/datasets/maryemmahmood/glyph2025/Glyph2025/o3/o3_9.jpg,O3,False,-1,-1,102
/kaggle/input/datasets/maryemmahmood/glyph2025/Glyph2025/r8/r8_140.png,R8,False,-1,-1,118
/kaggle/input/datasets/maryemmahmood/glyph2025/Glyph2025/m17/390083_m17.png,M17,True,39,83,73
/kaggle/input/datasets/maryemmahmood/glyph2025/Glyph2025/m17/m17_400.png,M17,False,-1,-1,73
/kaggle/input/datasets/maryemmahmood/glyph2025/Glyph2025/d4/d4_105.png,D4,False,-1,-1,20
/kaggle/input/datasets/maryemmahmood/glyph2025/Glyph2025/f34/200193_f34.png,F34,True,20,193,45
/kaggle/input/datasets/maryemmahmood/glyph2025/Glyph2025/g17/030282_g17.png,G17,True,3,282,51
/kaggle/input/datasets/maryemmahmood/glyph2025/Glyph2025/a1/a1_64.jpg,A1,False,-1,-1,0
/kaggle/input/datasets/maryemmahmood/glyph2025/Glyph2025/y1/y1_3.jpg,Y1,False,-1,-1,163
/kaggle/input/datasets/maryemmahmood/glyph2025/Glyph2025/m17/m17_325.png,M17,False,-1,-1,73
/kaggle/input/datasets/maryemmahmood/glyph2025/Glyph2025/f35/f35_140.png,F35,False,-1,-1,46
/kaggle/input/datasets/maryemmahmood/glyph2025/Glyph2025/g43/230310_g43.png,G43,True,23,310,60
/kaggle/input/datasets/maryemmahmood/glyph2025/Glyph2025/m17/m17_19.png,M17,False,-1,-1,73
/kaggle/input/datasets/maryemmahmood/glyph2025/Glyph2025/n35/090141_n35.png,N35,True,9,141,94
/kaggle/input/datasets/maryemmahmood/glyph2025/Glyph2025/s29/s29_179.jpg,S29,False,-1,-1,124
/kaggle/input/datasets/maryemmahmood/glyph2025/Glyph2025/v1/v1_12.jpg,V1,False,-1,-1,138
/kaggle/input/datasets/maryemmahmood/glyph2025/Glyph2025/r4/r4_2.png,R4,False,-1,-1,116
/kaggle/input/datasets/maryemmahmood/glyph2025/Glyph2025/m17/m17_478.png,M17,False,-1,-1,73
/kaggle/input/datasets/maryemmahmood/glyph2025/Glyph2025/d46/220312_d46.png,D46,True,22,312,23
/kaggle/input/datasets/maryemmahmood/glyph2025/Glyph2025/m17/m17_220.png,M17,False,-1,-1,73
/kaggle/input/datasets/maryemmahmood/glyph2025/Glyph2025/m17/m17_323.png,M17,False,-1,-1,73
/kaggle/input/datasets/maryemmahmood/glyph2025/Glyph2025/d21/d21_200.png,D21,False,-1,-1,14
/kaggle/input/datasets/maryemmahmood/glyph2025/Glyph2025/i9/i9_9.png,I9,False,-1,-1,68
/kaggle/input/datasets/maryemmahmood/glyph2025/Glyph2025/e34/220209_e34.png,E34,True,22,209,34
/kaggle/input/datasets/maryemmahmood/glyph2025/Glyph2025/u7/410047_u7.png,U7,True,41,47,137
/kaggle/input/datasets/maryemmahmood/glyph2025/Glyph2025/r11/r11_10.jpg,R11,False,-1,-1,114
/kaggle/input/datasets/maryemmahmood/glyph2025/Glyph2025/d1/050254_d1.png,D1,True,5,254,12
/kaggle/input/datasets/maryemmahmood/glyph2025/Glyph2025/n33/n33_114.png,N33,False,-1,-1,92
/kaggle/input/datasets/maryemmahmood/glyph2025/Glyph2025/d4/d4_44.jpg,D4,False,-1,-1,20
/kaggle/input/datasets/maryemmahmood/glyph2025/Glyph2025/g17/g17_101.jpg,G17,False,-1,-1,51
/kaggle/input/datasets/maryemmahmood/glyph2025/Glyph2025/m17/m17_50.png,M17,False,-1,-1,73
/kaggle/input/datasets/maryemmahmood/glyph2025/Glyph2025/f12/f12_9.png,F12,False,-1,-1,38
/kaggle/input/datasets/maryemmahmood/glyph2025/Glyph2025/g25/410186_g25.png,G25,True,41,186,52
/kaggle/input/datasets/maryemmahmood/glyph2025/Glyph2025/n1/050143_n1.png,N1,True,5,143,83
/kaggle/input/datasets/maryemmahmood/glyph2025/Glyph2025/f1/f1_46.png,F1,False,-1,-1,37
/kaggle/input/datasets/maryemmahmood/glyph2025/Glyph2025/o50/200005_o50.png,O50,True,20,5,106
/kaggle/input/datasets/maryemmahmood/glyph2025/Glyph2025/d21/d21_136.jpg,D21,False,-1,-1,14
/kaggle/input/datasets/maryemmahmood/glyph2025/Glyph2025/z11/z11_21.png,Z11,False,-1,-1,169
/kaggle/input/datasets/maryemmahmood/glyph2025/Glyph2025/u33/230099_u33.png,U33,True,23,99,135
/kaggle/input/datasets/maryemmahmood/glyph2025/Glyph2025/n35/n35_333.png,N35,False,-1,-1,94
/kaggle/input/datasets/maryemmahmood/glyph2025/Glyph2025/x1/x1_63.png,X1,False,-1,-1,160
/kaggle/input/datasets/maryemmahmood/glyph2025/Glyph2025/v13/v13_36.png,V13,False,-1,-1,140
/kaggle/input/datasets/maryemmahmood/glyph2025/Glyph2025/n37/200371_n37.png,N37,True,20,371,96
/kaggle/input/datasets/maryemmahmood/glyph2025/Glyph2025/x1/x1_81.png,X1,False,-1,-1,160
/kaggle/input/datasets/maryemmahmood/glyph2025/Glyph2025/v20/v20_14.png,V20,False,-1,-1,141
/kaggle/input/datasets/maryemmahmood/glyph2025/Glyph2025/d37/d37_140.png,D37,False,-1,-1,18
/kaggle/input/datasets/maryemmahmood/glyph2025/Glyph2025/aa15/aa15_8.png,AA15,False,-1,-1,10
/kaggle/input/datasets/maryemmahmood/glyph2025/Glyph2025/n33/n33_148.jpg,N33,False,-1,-1,92
/kaggle/input/datasets/maryemmahmood/glyph2025/Glyph2025/e34/030396_e34.png,E34,True,3,396,34
/kaggle/input/datasets/maryemmahmood/glyph2025/Glyph2025/a1/a1_100.jpg,A1,False,-1,-1,0
/kaggle/input/datasets/maryemmahmood/glyph2025/Glyph2025/s34/s34_11.jpg,S34,False,-1,-1,126
/kaggle/input/datasets/maryemmahmood/glyph2025/Glyph2025/z1/z1_29.png,Z1,False,-1,-1,168
/kaggle/input/datasets/maryemmahmood/glyph2025/Glyph2025/d36/d36_132.png,D36,False,-1,-1,17
/kaggle/input/datasets/maryemmahmood/glyph2025/Glyph2025/b1/b1_35.jpg,B1,False,-1,-1,11
/kaggle/input/datasets/maryemmahmood/glyph2025/Glyph2025/n26/n26_9.png,N26,False,-1,-1,89
/kaggle/input/datasets/maryemmahmood/glyph2025/Glyph2025/q3/030244_q3.png,Q3,True,3,244,113
/kaggle/input/datasets/maryemmahmood/glyph2025/Glyph2025/g17/g17_88.jpg,G17,False,-1,-1,51
/kaggle/input/datasets/maryemmahmood/glyph2025/Glyph2025/n35/n35_329.png,N35,False,-1,-1,94
/kaggle/input/datasets/maryemmahmood/glyph2025/Glyph2025/o1/o1_79.png,O1,False,-1,-1,100
/kaggle/input/datasets/maryemmahmood/glyph2025/Glyph2025/r14/r14_17.png,R14,False,-1,-1,115
/kaggle/input/datasets/maryemmahmood/glyph2025/Glyph2025/e7/e7_4.jpg,E7,False,-1,-1,35
/kaggle/input/datasets/maryemmahmood/glyph2025/Glyph2025/x8/x8_28.png,X8,False,-1,-1,162
/kaggle/input/datasets/maryemmahmood/glyph2025/Glyph2025/d21/200070_d21.png,D21,True,20,70,14
/kaggle/input/datasets/maryemmahmood/glyph2025/Glyph2025/n35/n35_53.png,N35,False,-1,-1,94
/kaggle/input/datasets/maryemmahmood/glyph2025/Glyph2025/aa15/aa15_25.png,AA15,False,-1,-1,10
/kaggle/input/datasets/maryemmahmood/glyph2025/Glyph2025/n35/090218_n35.png,N35,True,9,218,94
/kaggle/input/datasets/maryemmahmood/glyph2025/Glyph2025/v31/v31_92.png,V31,False,-1,-1,145
/kaggle/input/datasets/maryemmahmood/glyph2025/Glyph2025/s29/s29_162.png,S29,False,-1,-1,124
/kaggle/input/datasets/maryemmahmood/glyph2025/Glyph2025/d21/d21_15.png,D21,False,-1,-1,14
/kaggle/input/datasets/maryemmahmood/glyph2025/Glyph2025/v13/200340_v13.png,V13,True,20,340,140
/kaggle/input/datasets/maryemmahmood/glyph2025/Glyph2025/z3/z3_5.jpg,Z3,False,-1,-1,172
/kaggle/input/datasets/maryemmahmood/glyph2025/Glyph2025/o49/o49_16.png,O49,False,-1,-1,105
/kaggle/input/datasets/maryemmahmood/glyph2025/Glyph2025/q1/q1_21.jpg,Q1,False,-1,-1,111
/kaggle/input/datasets/maryemmahmood/glyph2025/Glyph2025/y5/y5_30.jpg,Y5,False,-1,-1,167
/kaggle/input/datasets/maryemmahmood/glyph2025/Glyph2025/n36/n36_18.png,N36,False,-1,-1,95
/kaggle/input/datasets/maryemmahmood/glyph2025/Glyph2025/d60/d60_23.png,D60,False,-1,-1,29
/kaggle/input/datasets/maryemmahmood/glyph2025/Glyph2025/i9/230044_i9.png,I9,True,23,44,68
/kaggle/input/datasets/maryemmahmood/glyph2025/Glyph2025/d28/d28_84.png,D28,False,-1,-1,15
/kaggle/input/datasets/maryemmahmood/glyph2025/Glyph2025/m3/m3_7.jpg,M3,False,-1,-1,80
/kaggle/input/datasets/maryemmahmood/glyph2025/Glyph2025/n36/n36_19.png,N36,False,-1,-1,95
/kaggle/input/datasets/maryemmahmood/glyph2025/Glyph2025/o6/o6_8.png,O6,False,-1,-1,107
/kaggle/input/datasets/maryemmahmood/glyph2025/Glyph2025/m17/090128_m17.png,M17,True,9,128,73
/kaggle/input/datasets/maryemmahmood/glyph2025/Glyph2025/u7/u7_66.png,U7,False,-1,-1,137
/kaggle/input/datasets/maryemmahmood/glyph2025/Glyph2025/o50/030247_o50.png,O50,True,3,247,106
/kaggle/input/datasets/maryemmahmood/glyph2025/Glyph2025/d36/d36_27.png,D36,False,-1,-1,17
/kaggle/input/datasets/maryemmahmood/glyph2025/Glyph2025/n35/n35_323.png,N35,False,-1,-1,94
/kaggle/input/datasets/maryemmahmood/glyph2025/Glyph2025/g17/090123_g17.png,G17,True,9,123,51
/kaggle/input/datasets/maryemmahmood/glyph2025/Glyph2025/s29/s29_177.png,S29,False,-1,-1,124
/kaggle/input/datasets/maryemmahmood/glyph2025/Glyph2025/a50/a50_3.jpg,A50,False,-1,-1,8
/kaggle/input/datasets/maryemmahmood/glyph2025/Glyph2025/g5/g5_1.png,G5,False,-1,-1,61
/kaggle/input/datasets/maryemmahmood/glyph2025/Glyph2025/i9/410318_i9.png,I9,True,41,318,68
/kaggle/input/datasets/maryemmahmood/glyph2025/Glyph2025/d21/d21_102.png,D21,False,-1,-1,14
/kaggle/input/datasets/maryemmahmood/glyph2025/Glyph2025/i9/i9_177.png,I9,False,-1,-1,68
/kaggle/input/datasets/maryemmahmood/glyph2025/Glyph2025/u33/u33_13.png,U33,False,-1,-1,135
/kaggle/input/datasets/maryemmahmood/glyph2025/Glyph2025/d58/d58_41.png,D58,False,-1,-1,28
/kaggle/input/datasets/maryemmahmood/glyph2025/Glyph2025/v28/v28_15.png,V28,False,-1,-1,142
/kaggle/input/datasets/maryemmahmood/glyph2025/Glyph2025/f31/f31_34.png,F31,False,-1,-1,43
/kaggle/input/datasets/maryemmahmood/glyph2025/Glyph2025/r8/r8_98.png,R8,False,-1,-1,118
/kaggle/input/datasets/maryemmahmood/glyph2025/Glyph2025/m17/230151_m17.png,M17,True,23,151,73
/kaggle/input/datasets/maryemmahmood/glyph2025/Glyph2025/v30/v30_88.png,V30,False,-1,-1,144
/kaggle/input/datasets/maryemmahmood/glyph2025/Glyph2025/d2/220416_d2.png,D2,True,22,416,13
/kaggle/input/datasets/maryemmahmood/glyph2025/Glyph2025/r4/r4_67.png,R4,False,-1,-1,116
/kaggle/input/datasets/maryemmahmood/glyph2025/Glyph2025/m22/m22_3.png,M22,False,-1,-1,77
/kaggle/input/datasets/maryemmahmood/glyph2025/Glyph2025/x1/x1_374.jpg,X1,False,-1,-1,160
/kaggle/input/datasets/maryemmahmood/glyph2025/Glyph2025/o1/o1_42.jpg,O1,False,-1,-1,100
/kaggle/input/datasets/maryemmahmood/glyph2025/Glyph2025/m23/m23_44.jpg,M23,False,-1,-1,78
/kaggle/input/datasets/maryemmahmood/glyph2025/Glyph2025/g38/g38_17.png,G38,False,-1,-1,56
/kaggle/input/datasets/maryemmahmood/glyph2025/Glyph2025/m23/m23_155.png,M23,False,-1,-1,78
/kaggle/input/datasets/maryemmahmood/glyph2025/Glyph2025/x1/x1_347.png,X1,False,-1,-1,160
/kaggle/input/datasets/maryemmahmood/glyph2025/Glyph2025/x1/x1_385.png,X1,False,-1,-1,160
/kaggle/input/datasets/maryemmahmood/glyph2025/Glyph2025/v30/v30_137.jpg,V30,False,-1,-1,144
/kaggle/input/datasets/maryemmahmood/glyph2025/Glyph2025/s34/s34_84.jpg,S34,False,-1,-1,126
/kaggle/input/datasets/maryemmahmood/glyph2025/Glyph2025/i10/090330_i10.png,I10,True,9,330,66
/kaggle/input/datasets/maryemmahmood/glyph2025/Glyph2025/m17/410277_m17.png,M17,True,41,277,73
/kaggle/input/datasets/maryemmahmood/glyph2025/Glyph2025/s34/410057_s34.png,S34,True,41,57,126
/kaggle/input/datasets/maryemmahmood/glyph2025/Glyph2025/g35/050007_g35.png,G35,True,5,7,53
/kaggle/input/datasets/maryemmahmood/glyph2025/Glyph2025/w19/w19_20.png,W19,False,-1,-1,154
/kaggle/input/datasets/maryemmahmood/glyph2025/Glyph2025/n35/n35_390.png,N35,False,-1,-1,94
/kaggle/input/datasets/maryemmahmood/glyph2025/Glyph2025/v7/v7_6.png,V7,False,-1,-1,148
/kaggle/input/datasets/maryemmahmood/glyph2025/Glyph2025/i10/210052_i10.png,I10,True,21,52,66
/kaggle/input/datasets/maryemmahmood/glyph2025/Glyph2025/o50/230262_o50.png,O50,True,23,262,106
/kaggle/input/datasets/maryemmahmood/glyph2025/Glyph2025/w24/w24_5.jpg,W24,False,-1,-1,157
/kaggle/input/datasets/maryemmahmood/glyph2025/Glyph2025/d58/d58_16.jpg,D58,False,-1,-1,28
/kaggle/input/datasets/maryemmahmood/glyph2025/Glyph2025/o34/210101_o34.png,O34,True,21,101,103
/kaggle/input/datasets/maryemmahmood/glyph2025/Glyph2025/g17/g17_4.jpg,G17,False,-1,-1,51
/kaggle/input/datasets/maryemmahmood/glyph2025/Glyph2025/n35/050237_n35.png,N35,True,5,237,94
/kaggle/input/datasets/maryemmahmood/glyph2025/Glyph2025/y3/030333_y3.png,Y3,True,3,333,165
/kaggle/input/datasets/maryemmahmood/glyph2025/Glyph2025/f26/f26_11.png,F26,False,-1,-1,42
/kaggle/input/datasets/maryemmahmood/glyph2025/Glyph2025/d36/d36_34.png,D36,False,-1,-1,17
/kaggle/input/datasets/maryemmahmood/glyph2025/Glyph2025/m23/m23_134.png,M23,False,-1,-1,78
/kaggle/input/datasets/maryemmahmood/glyph2025/Glyph2025/x8/x8_1.png,X8,False,-1,-1,162
/kaggle/input/datasets/maryemmahmood/glyph2025/Glyph2025/m23/m23_107.jpg,M23,False,-1,-1,78
/kaggle/input/datasets/maryemmahmood/glyph2025/Glyph2025/g17/390124_g17.png,G17,True,39,124,51
/kaggle/input/datasets/maryemmahmood/glyph2025/Glyph2025/o50/220388_o50.png,O50,True,22,388,106
/kaggle/input/datasets/maryemmahmood/glyph2025/Glyph2025/v30/v30_211.png,V30,False,-1,-1,144
/kaggle/input/datasets/maryemmahmood/glyph2025/Glyph2025/s29/390112_s29.png,S29,True,39,112,124
/kaggle/input/datasets/maryemmahmood/glyph2025/Glyph2025/d39/d39_6.png,D39,False,-1,-1,19
/kaggle/input/datasets/maryemmahmood/glyph2025/Glyph2025/v13/050104_v13.png,V13,True,5,104,140
/kaggle/input/datasets/maryemmahmood/glyph2025/Glyph2025/n36/n36_15.png,N36,False,-1,-1,95
/kaggle/input/datasets/maryemmahmood/glyph2025/Glyph2025/s29/220335_s29.png,S29,True,22,335,124
/kaggle/input/datasets/maryemmahmood/glyph2025/Glyph2025/f35/f35_26.png,F35,False,-1,-1,46
/kaggle/input/datasets/maryemmahmood/glyph2025/Glyph2025/d4/d4_177.jpg,D4,False,-1,-1,20
/kaggle/input/datasets/maryemmahmood/glyph2025/Glyph2025/o49/o49_58.png,O49,False,-1,-1,105
/kaggle/input/datasets/maryemmahmood/glyph2025/Glyph2025/x1/x1_211.png,X1,False,-1,-1,160
/kaggle/input/datasets/maryemmahmood/glyph2025/Glyph2025/m17/220211_m17.png,M17,True,22,211,73
/kaggle/input/datasets/maryemmahmood/glyph2025/Glyph2025/d21/d21_257.png,D21,False,-1,-1,14
/kaggle/input/datasets/maryemmahmood/glyph2025/Glyph2025/f26/f26_4.png,F26,False,-1,-1,42
/kaggle/input/datasets/maryemmahmood/glyph2025/Glyph2025/n35/n35_169.png,N35,False,-1,-1,94
/kaggle/input/datasets/maryemmahmood/glyph2025/Glyph2025/g43/410278_g43.png,G43,True,41,278,60
/kaggle/input/datasets/maryemmahmood/glyph2025/Glyph2025/m17/390084_m17.png,M17,True,39,84,73
/kaggle/input/datasets/maryemmahmood/glyph2025/Glyph2025/a1/a1_61.jpg,A1,False,-1,-1,0
/kaggle/input/datasets/maryemmahmood/glyph2025/Glyph2025/n33/n33_61.png,N33,False,-1,-1,92
/kaggle/input/datasets/maryemmahmood/glyph2025/Glyph2025/g17/g17_51.jpg,G17,False,-1,-1,51
/kaggle/input/datasets/maryemmahmood/glyph2025/Glyph2025/n33/n33_37.png,N33,False,-1,-1,92
/kaggle/input/datasets/maryemmahmood/glyph2025/Glyph2025/g43/090366_g43.png,G43,True,9,366,60
/kaggle/input/datasets/maryemmahmood/glyph2025/Glyph2025/d1/d1_18.png,D1,False,-1,-1,12
/kaggle/input/datasets/maryemmahmood/glyph2025/Glyph2025/n33/n33_18.png,N33,False,-1,-1,92
/kaggle/input/datasets/maryemmahmood/glyph2025/Glyph2025/n35/390388_n35.png,N35,True,39,388,94
/kaggle/input/datasets/maryemmahmood/glyph2025/Glyph2025/x8/x8_146.png,X8,False,-1,-1,162
/kaggle/input/datasets/maryemmahmood/glyph2025/Glyph2025/n35/n35_337.png,N35,False,-1,-1,94
/kaggle/input/datasets/maryemmahmood/glyph2025/Glyph2025/m23/m23_28.jpg,M23,False,-1,-1,78
/kaggle/input/datasets/maryemmahmood/glyph2025/Glyph2025/d35/410382_d35.png,D35,True,41,382,16
/kaggle/input/datasets/maryemmahmood/glyph2025/Glyph2025/n35/n35_467.jpg,N35,False,-1,-1,94
/kaggle/input/datasets/maryemmahmood/glyph2025/Glyph2025/s29/s29_147.png,S29,False,-1,-1,124
/kaggle/input/datasets/maryemmahmood/glyph2025/Glyph2025/f39/f39_27.jpg,F39,False,-1,-1,47
/kaggle/input/datasets/maryemmahmood/glyph2025/Glyph2025/d21/d21_326.png,D21,False,-1,-1,14
/kaggle/input/datasets/maryemmahmood/glyph2025/Glyph2025/s34/s34_76.png,S34,False,-1,-1,126
/kaggle/input/datasets/maryemmahmood/glyph2025/Glyph2025/g17/220287_g17.png,G17,True,22,287,51
/kaggle/input/datasets/maryemmahmood/glyph2025/Glyph2025/q1/q1_65.png,Q1,False,-1,-1,111
/kaggle/input/datasets/maryemmahmood/glyph2025/Glyph2025/s34/s34_4.png,S34,False,-1,-1,126
/kaggle/input/datasets/maryemmahmood/glyph2025/Glyph2025/v28/v28_10.jpg,V28,False,-1,-1,142
/kaggle/input/datasets/maryemmahmood/glyph2025/Glyph2025/r4/r4_33.png,R4,False,-1,-1,116
/kaggle/input/datasets/maryemmahmood/glyph2025/Glyph2025/r8/r8_92.png,R8,False,-1,-1,118
/kaggle/input/datasets/maryemmahmood/glyph2025/Glyph2025/d21/d21_157.png,D21,False,-1,-1,14
/kaggle/input/datasets/maryemmahmood/glyph2025/Glyph2025/m3/m3_4.png,M3,False,-1,-1,80
/kaggle/input/datasets/maryemmahmood/glyph2025/Glyph2025/n1/n1_11.png,N1,False,-1,-1,83
/kaggle/input/datasets/maryemmahmood/glyph2025/Glyph2025/n26/n26_26.png,N26,False,-1,-1,89
/kaggle/input/datasets/maryemmahmood/glyph2025/Glyph2025/q3/q3_119.png,Q3,False,-1,-1,113
/kaggle/input/datasets/maryemmahmood/glyph2025/Glyph2025/o4/o4_4.jpg,O4,False,-1,-1,104
/kaggle/input/datasets/maryemmahmood/glyph2025/Glyph2025/r14/r14_15.png,R14,False,-1,-1,115
/kaggle/input/datasets/maryemmahmood/glyph2025/Glyph2025/s38/s38_20.png,S38,False,-1,-1,127
/kaggle/input/datasets/maryemmahmood/glyph2025/Glyph2025/o1/o1_102.png,O1,False,-1,-1,100
/kaggle/input/datasets/maryemmahmood/glyph2025/Glyph2025/a42/a42_6.png,A42,False,-1,-1,7
/kaggle/input/datasets/maryemmahmood/glyph2025/Glyph2025/o4/o4_16.jpg,O4,False,-1,-1,104
/kaggle/input/datasets/maryemmahmood/glyph2025/Glyph2025/r4/r4_6.jpg,R4,False,-1,-1,116
/kaggle/input/datasets/maryemmahmood/glyph2025/Glyph2025/n35/n35_500.jpg,N35,False,-1,-1,94
/kaggle/input/datasets/maryemmahmood/glyph2025/Glyph2025/m18/220220_m18.png,M18,True,22,220,74
/kaggle/input/datasets/maryemmahmood/glyph2025/Glyph2025/n18/410246_n18.png,N18,True,41,246,86
/kaggle/input/datasets/maryemmahmood/glyph2025/Glyph2025/n35/090008_n35.png,N35,True,9,8,94
/kaggle/input/datasets/maryemmahmood/glyph2025/Glyph2025/i9/i9_228.png,I9,False,-1,-1,68
/kaggle/input/datasets/maryemmahmood/glyph2025/Glyph2025/z3/z3_4.png,Z3,False,-1,-1,172
/kaggle/input/datasets/maryemmahmood/glyph2025/Glyph2025/g38/g38_4.png,G38,False,-1,-1,56
/kaggle/input/datasets/maryemmahmood/glyph2025/Glyph2025/n35/n35_324.png,N35,False,-1,-1,94
/kaggle/input/datasets/maryemmahmood/glyph2025/Glyph2025/u33/u33_15.png,U33,False,-1,-1,135
/kaggle/input/datasets/maryemmahmood/glyph2025/Glyph2025/a1/a1_106.jpg,A1,False,-1,-1,0
/kaggle/input/datasets/maryemmahmood/glyph2025/Glyph2025/g17/g17_77.jpg,G17,False,-1,-1,51
/kaggle/input/datasets/maryemmahmood/glyph2025/Glyph2025/n33/n33_15.png,N33,False,-1,-1,92
/kaggle/input/datasets/maryemmahmood/glyph2025/Glyph2025/l2/l2_19.png,L2,False,-1,-1,70
/kaggle/input/datasets/maryemmahmood/glyph2025/Glyph2025/o49/o49_100.png,O49,False,-1,-1,105
/kaggle/input/datasets/maryemmahmood/glyph2025/Glyph2025/v31/v31_26.jpg,V31,False,-1,-1,145
/kaggle/input/datasets/maryemmahmood/glyph2025/Glyph2025/q1/090039_q1.png,Q1,True,9,39,111
/kaggle/input/datasets/maryemmahmood/glyph2025/Glyph2025/n35/n35_473.png,N35,False,-1,-1,94
/kaggle/input/datasets/maryemmahmood/glyph2025/Glyph2025/y1/y1_85.png,Y1,False,-1,-1,163
/kaggle/input/datasets/maryemmahmood/glyph2025/Glyph2025/v7/230150_v7.png,V7,True,23,150,148
/kaggle/input/datasets/maryemmahmood/glyph2025/Glyph2025/s29/390385_s29.png,S29,True,39,385,124
/kaggle/input/datasets/maryemmahmood/glyph2025/Glyph2025/g35/410178_g35.png,G35,True,41,178,53
/kaggle/input/datasets/maryemmahmood/glyph2025/Glyph2025/s21/s21_26.png,S21,False,-1,-1,120
/kaggle/input/datasets/maryemmahmood/glyph2025/Glyph2025/n35/200046_n35.png,N35,True,20,46,94
/kaggle/input/datasets/maryemmahmood/glyph2025/Glyph2025/n35/220345_n35.png,N35,True,22,345,94
/kaggle/input/datasets/maryemmahmood/glyph2025/Glyph2025/i9/i9_239.png,I9,False,-1,-1,68
/kaggle/input/datasets/maryemmahmood/glyph2025/Glyph2025/h6/h6_19.jpg,H6,False,-1,-1,63
/kaggle/input/datasets/maryemmahmood/glyph2025/Glyph2025/d46/030058_d46.png,D46,True,3,58,23
/kaggle/input/datasets/maryemmahmood/glyph2025/Glyph2025/x1/090166_x1.png,X1,True,9,166,160
/kaggle/input/datasets/maryemmahmood/glyph2025/Glyph2025/x1/090089_x1.png,X1,True,9,89,160
/kaggle/input/datasets/maryemmahmood/glyph2025/Glyph2025/d36/d36_32.jpg,D36,False,-1,-1,17
/kaggle/input/datasets/maryemmahmood/glyph2025/Glyph2025/h1/h1_28.png,H1,False,-1,-1,62
/kaggle/input/datasets/maryemmahmood/glyph2025/Glyph2025/d58/390262_d58.png,D58,True,39,262,28
/kaggle/input/datasets/maryemmahmood/glyph2025/Glyph2025/d21/200257_d21.png,D21,True,20,257,14
/kaggle/input/datasets/maryemmahmood/glyph2025/Glyph2025/x1/x1_232.png,X1,False,-1,-1,160
/kaggle/input/datasets/maryemmahmood/glyph2025/Glyph2025/u7/u7_61.png,U7,False,-1,-1,137
/kaggle/input/datasets/maryemmahmood/glyph2025/Glyph2025/f39/f39_35.jpg,F39,False,-1,-1,47
/kaggle/input/datasets/maryemmahmood/glyph2025/Glyph2025/d46/d46_65.png,D46,False,-1,-1,23
/kaggle/input/datasets/maryemmahmood/glyph2025/Glyph2025/v31/390035_v31.png,V31,True,39,35,145
/kaggle/input/datasets/maryemmahmood/glyph2025/Glyph2025/n35/390064_n35.png,N35,True,39,64,94
/kaggle/input/datasets/maryemmahmood/glyph2025/Glyph2025/x1/090219_x1.png,X1,True,9,219,160
/kaggle/input/datasets/maryemmahmood/glyph2025/Glyph2025/d37/d37_28.jpg,D37,False,-1,-1,18
/kaggle/input/datasets/maryemmahmood/glyph2025/Glyph2025/n35/n35_263.png,N35,False,-1,-1,94
/kaggle/input/datasets/maryemmahmood/glyph2025/Glyph2025/m17/050364_m17.png,M17,True,5,364,73
/kaggle/input/datasets/maryemmahmood/glyph2025/Glyph2025/g43/220232_g43.png,G43,True,22,232,60
/kaggle/input/datasets/maryemmahmood/glyph2025/Glyph2025/u23/u23_20.png,U23,False,-1,-1,134
/kaggle/input/datasets/maryemmahmood/glyph2025/Glyph2025/v1/v1_28.png,V1,False,-1,-1,138
/kaggle/input/datasets/maryemmahmood/glyph2025/Glyph2025/w14/w14_11.jpg,W14,False,-1,-1,150
/kaggle/input/datasets/maryemmahmood/glyph2025/Glyph2025/n35/n35_50.png,N35,False,-1,-1,94
/kaggle/input/datasets/maryemmahmood/glyph2025/Glyph2025/i15/i15_7.png,I15,False,-1,-1,67
/kaggle/input/datasets/maryemmahmood/glyph2025/Glyph2025/n35/n35_412.png,N35,False,-1,-1,94
/kaggle/input/datasets/maryemmahmood/glyph2025/Glyph2025/e23/e23_1.png,E23,False,-1,-1,33
/kaggle/input/datasets/maryemmahmood/glyph2025/Glyph2025/y4/y4_7.jpg,Y4,False,-1,-1,166
/kaggle/input/datasets/maryemmahmood/glyph2025/Glyph2025/p8/030169_p8.png,P8,True,3,169,110
/kaggle/input/datasets/maryemmahmood/glyph2025/Glyph2025/w24/030250_w24.png,W24,True,3,250,157
/kaggle/input/datasets/maryemmahmood/glyph2025/Glyph2025/i9/i9_46.png,I9,False,-1,-1,68
/kaggle/input/datasets/maryemmahmood/glyph2025/Glyph2025/z1/210252_z1.png,Z1,True,21,252,168
/kaggle/input/datasets/maryemmahmood/glyph2025/Glyph2025/v7/v7_10.png,V7,False,-1,-1,148
/kaggle/input/datasets/maryemmahmood/glyph2025/Glyph2025/g17/g17_102.png,G17,False,-1,-1,51
/kaggle/input/datasets/maryemmahmood/glyph2025/Glyph2025/r8/r8_158.png,R8,False,-1,-1,118
/kaggle/input/datasets/maryemmahmood/glyph2025/Glyph2025/m17/090396_m17.png,M17,True,9,396,73
/kaggle/input/datasets/maryemmahmood/glyph2025/Glyph2025/d21/410282_d21.png,D21,True,41,282,14
/kaggle/input/datasets/maryemmahmood/glyph2025/Glyph2025/d58/d58_75.png,D58,False,-1,-1,28
/kaggle/input/datasets/maryemmahmood/glyph2025/Glyph2025/m17/090237_m17.png,M17,True,9,237,73
/kaggle/input/datasets/maryemmahmood/glyph2025/Glyph2025/a40/a40_17.png,A40,False,-1,-1,6
/kaggle/input/datasets/maryemmahmood/glyph2025/Glyph2025/v13/v13_31.png,V13,False,-1,-1,140
/kaggle/input/datasets/maryemmahmood/glyph2025/Glyph2025/f35/f35_111.png,F35,False,-1,-1,46
/kaggle/input/datasets/maryemmahmood/glyph2025/Glyph2025/d1/d1_24.png,D1,False,-1,-1,12
/kaggle/input/datasets/maryemmahmood/glyph2025/Glyph2025/n35/n35_267.png,N35,False,-1,-1,94
/kaggle/input/datasets/maryemmahmood/glyph2025/Glyph2025/b1/b1_43.jpg,B1,False,-1,-1,11
/kaggle/input/datasets/maryemmahmood/glyph2025/Glyph2025/r8/050239_r8.png,R8,True,5,239,118
/kaggle/input/datasets/maryemmahmood/glyph2025/Glyph2025/f31/f31_64.jpg,F31,False,-1,-1,43
/kaggle/input/datasets/maryemmahmood/glyph2025/Glyph2025/d46/410315_d46.png,D46,True,41,315,23
/kaggle/input/datasets/maryemmahmood/glyph2025/Glyph2025/d2/d2_11.jpg,D2,False,-1,-1,13
/kaggle/input/datasets/maryemmahmood/glyph2025/Glyph2025/e34/090355_e34.png,E34,True,9,355,34
/kaggle/input/datasets/maryemmahmood/glyph2025/Glyph2025/o1/o1_141.png,O1,False,-1,-1,100
/kaggle/input/datasets/maryemmahmood/glyph2025/Glyph2025/d21/d21_235.jpg,D21,False,-1,-1,14
/kaggle/input/datasets/maryemmahmood/glyph2025/Glyph2025/d21/050442_d21.png,D21,True,5,442,14
/kaggle/input/datasets/maryemmahmood/glyph2025/Glyph2025/d4/d4_159.png,D4,False,-1,-1,20
/kaggle/input/datasets/maryemmahmood/glyph2025/Glyph2025/g43/g43_153.jpg,G43,False,-1,-1,60
/kaggle/input/datasets/maryemmahmood/glyph2025/Glyph2025/d21/210130_d21.png,D21,True,21,130,14
/kaggle/input/datasets/maryemmahmood/glyph2025/Glyph2025/n16/n16_2.png,N16,False,-1,-1,85
/kaggle/input/datasets/maryemmahmood/glyph2025/Glyph2025/w19/w19_17.jpg,W19,False,-1,-1,154
/kaggle/input/datasets/maryemmahmood/glyph2025/Glyph2025/z1/z1_35.png,Z1,False,-1,-1,168
/kaggle/input/datasets/maryemmahmood/glyph2025/Glyph2025/n35/200219_n35.png,N35,True,20,219,94
/kaggle/input/datasets/maryemmahmood/glyph2025/Glyph2025/u6/u6_9.png,U6,False,-1,-1,136
/kaggle/input/datasets/maryemmahmood/glyph2025/Glyph2025/m17/230322_m17.png,M17,True,23,322,73
/kaggle/input/datasets/maryemmahmood/glyph2025/Glyph2025/i10/i10_14.jpg,I10,False,-1,-1,66
/kaggle/input/datasets/maryemmahmood/glyph2025/Glyph2025/i9/i9_319.png,I9,False,-1,-1,68
/kaggle/input/datasets/maryemmahmood/glyph2025/Glyph2025/d39/d39_1.png,D39,False,-1,-1,19
/kaggle/input/datasets/maryemmahmood/glyph2025/Glyph2025/d46/d46_22.jpg,D46,False,-1,-1,23
/kaggle/input/datasets/maryemmahmood/glyph2025/Glyph2025/v31/410309_v31.png,V31,True,41,309,145
/kaggle/input/datasets/maryemmahmood/glyph2025/Glyph2025/m17/m17_87.jpg,M17,False,-1,-1,73
/kaggle/input/datasets/maryemmahmood/glyph2025/Glyph2025/i9/i9_149.png,I9,False,-1,-1,68
/kaggle/input/datasets/maryemmahmood/glyph2025/Glyph2025/v7/v7_2.png,V7,False,-1,-1,148
/kaggle/input/datasets/maryemmahmood/glyph2025/Glyph2025/n33/n33_91.png,N33,False,-1,-1,92
/kaggle/input/datasets/maryemmahmood/glyph2025/Glyph2025/f31/f31_11.png,F31,False,-1,-1,43
/kaggle/input/datasets/maryemmahmood/glyph2025/Glyph2025/aa15/aa15_41.png,AA15,False,-1,-1,10
/kaggle/input/datasets/maryemmahmood/glyph2025/Glyph2025/aa15/aa15_66.png,AA15,False,-1,-1,10
/kaggle/input/datasets/maryemmahmood/glyph2025/Glyph2025/h1/h1_5.png,H1,False,-1,-1,62
/kaggle/input/datasets/maryemmahmood/glyph2025/Glyph2025/m18/410151_m18.png,M18,True,41,151,74
/kaggle/input/datasets/maryemmahmood/glyph2025/Glyph2025/m17/090050_m17.png,M17,True,9,50,73
/kaggle/input/datasets/maryemmahmood/glyph2025/Glyph2025/d1/d1_4.jpg,D1,False,-1,-1,12
/kaggle/input/datasets/maryemmahmood/glyph2025/Glyph2025/n35/n35_87.jpg,N35,False,-1,-1,94
/kaggle/input/datasets/maryemmahmood/glyph2025/Glyph2025/d37/d37_100.png,D37,False,-1,-1,18
/kaggle/input/datasets/maryemmahmood/glyph2025/Glyph2025/d4/d4_19.png,D4,False,-1,-1,20
/kaggle/input/datasets/maryemmahmood/glyph2025/Glyph2025/y3/y3_5.png,Y3,False,-1,-1,165
/kaggle/input/datasets/maryemmahmood/glyph2025/Glyph2025/q2/q2_2.png,Q2,False,-1,-1,112
/kaggle/input/datasets/maryemmahmood/glyph2025/Glyph2025/a1/a1_95.jpg,A1,False,-1,-1,0
/kaggle/input/datasets/maryemmahmood/glyph2025/Glyph2025/v31/v31_46.jpg,V31,False,-1,-1,145
/kaggle/input/datasets/maryemmahmood/glyph2025/Glyph2025/m17/m17_267.png,M17,False,-1,-1,73
/kaggle/input/datasets/maryemmahmood/glyph2025/Glyph2025/m17/220328_m17.png,M17,True,22,328,73
/kaggle/input/datasets/maryemmahmood/glyph2025/Glyph2025/x1/050117_x1.png,X1,True,5,117,160
/kaggle/input/datasets/maryemmahmood/glyph2025/Glyph2025/n1/n1_77.png,N1,False,-1,-1,83
/kaggle/input/datasets/maryemmahmood/glyph2025/Glyph2025/m42/m42_9.jpg,M42,False,-1,-1,81
/kaggle/input/datasets/maryemmahmood/glyph2025/Glyph2025/x1/x1_332.png,X1,False,-1,-1,160
/kaggle/input/datasets/maryemmahmood/glyph2025/Glyph2025/x1/230304_x1.png,X1,True,23,304,160
/kaggle/input/datasets/maryemmahmood/glyph2025/Glyph2025/d54/410271_d54.png,D54,True,41,271,25
/kaggle/input/datasets/maryemmahmood/glyph2025/Glyph2025/q1/q1_48.png,Q1,False,-1,-1,111
/kaggle/input/datasets/maryemmahmood/glyph2025/Glyph2025/o50/390032_o50.png,O50,True,39,32,106
/kaggle/input/datasets/maryemmahmood/glyph2025/Glyph2025/d21/220120_d21.png,D21,True,22,120,14
/kaggle/input/datasets/maryemmahmood/glyph2025/Glyph2025/v28/030043_v28.png,V28,True,3,43,142
/kaggle/input/datasets/maryemmahmood/glyph2025/Glyph2025/o49/o49_76.png,O49,False,-1,-1,105
/kaggle/input/datasets/maryemmahmood/glyph2025/Glyph2025/d36/390166_d36.png,D36,True,39,166,17
/kaggle/input/datasets/maryemmahmood/glyph2025/Glyph2025/o50/230096_o50.png,O50,True,23,96,106
/kaggle/input/datasets/maryemmahmood/glyph2025/Glyph2025/w22/w22_5.png,W22,False,-1,-1,155
/kaggle/input/datasets/maryemmahmood/glyph2025/Glyph2025/g43/g43_17.jpg,G43,False,-1,-1,60
/kaggle/input/datasets/maryemmahmood/glyph2025/Glyph2025/i9/030270_i9.png,I9,True,3,270,68
/kaggle/input/datasets/maryemmahmood/glyph2025/Glyph2025/v28/v28_28.png,V28,False,-1,-1,142
/kaggle/input/datasets/maryemmahmood/glyph2025/Glyph2025/g43/g43_132.png,G43,False,-1,-1,60
/kaggle/input/datasets/maryemmahmood/glyph2025/Glyph2025/n35/n35_196.png,N35,False,-1,-1,94
/kaggle/input/datasets/maryemmahmood/glyph2025/Glyph2025/v10/v10_2.jpg,V10,False,-1,-1,139
/kaggle/input/datasets/maryemmahmood/glyph2025/Glyph2025/i9/i9_244.png,I9,False,-1,-1,68
/kaggle/input/datasets/maryemmahmood/glyph2025/Glyph2025/m17/m17_425.png,M17,False,-1,-1,73
/kaggle/input/datasets/maryemmahmood/glyph2025/Glyph2025/y5/y5_39.jpg,Y5,False,-1,-1,167
/kaggle/input/datasets/maryemmahmood/glyph2025/Glyph2025/w24/200141_w24.png,W24,True,20,141,157
/kaggle/input/datasets/maryemmahmood/glyph2025/Glyph2025/v31/390167_v31.png,V31,True,39,167,145
/kaggle/input/datasets/maryemmahmood/glyph2025/Glyph2025/n35/030052_n35.png,N35,True,3,52,94
/kaggle/input/datasets/maryemmahmood/glyph2025/Glyph2025/d21/d21_214.png,D21,False,-1,-1,14
/kaggle/input/datasets/maryemmahmood/glyph2025/Glyph2025/m3/m3_10.png,M3,False,-1,-1,80
/kaggle/input/datasets/maryemmahmood/glyph2025/Glyph2025/g17/g17_68.jpg,G17,False,-1,-1,51
/kaggle/input/datasets/maryemmahmood/glyph2025/Glyph2025/i9/210170_i9.png,I9,True,21,170,68
/kaggle/input/datasets/maryemmahmood/glyph2025/Glyph2025/q3/q3_5.jpg,Q3,False,-1,-1,113
/kaggle/input/datasets/maryemmahmood/glyph2025/Glyph2025/l1/l1_23.png,L1,False,-1,-1,69
/kaggle/input/datasets/maryemmahmood/glyph2025/Glyph2025/w11/w11_13.png,W11,False,-1,-1,149
/kaggle/input/datasets/maryemmahmood/glyph2025/Glyph2025/g36/g36_39.jpg,G36,False,-1,-1,54
/kaggle/input/datasets/maryemmahmood/glyph2025/Glyph2025/a1/a1_157.jpg,A1,False,-1,-1,0
/kaggle/input/datasets/maryemmahmood/glyph2025/Glyph2025/d4/d4_8.png,D4,False,-1,-1,20
/kaggle/input/datasets/maryemmahmood/glyph2025/Glyph2025/d36/d36_133.png,D36,False,-1,-1,17
/kaggle/input/datasets/maryemmahmood/glyph2025/Glyph2025/m23/m23_33.png,M23,False,-1,-1,78
/kaggle/input/datasets/maryemmahmood/glyph2025/Glyph2025/s29/s29_195.jpg,S29,False,-1,-1,124
/kaggle/input/datasets/maryemmahmood/glyph2025/Glyph2025/f4/f4_7.png,F4,False,-1,-1,48
/kaggle/input/datasets/maryemmahmood/glyph2025/Glyph2025/m17/m17_20.jpg,M17,False,-1,-1,73
/kaggle/input/datasets/maryemmahmood/glyph2025/Glyph2025/d54/d54_16.jpg,D54,False,-1,-1,25
/kaggle/input/datasets/maryemmahmood/glyph2025/Glyph2025/i9/i9_295.jpg,I9,False,-1,-1,68
/kaggle/input/datasets/maryemmahmood/glyph2025/Glyph2025/m17/m17_120.jpg,M17,False,-1,-1,73
/kaggle/input/datasets/maryemmahmood/glyph2025/Glyph2025/v31/050024_v31.png,V31,True,5,24,145
/kaggle/input/datasets/maryemmahmood/glyph2025/Glyph2025/m17/390150_m17.png,M17,True,39,150,73
/kaggle/input/datasets/maryemmahmood/glyph2025/Glyph2025/g17/210210_g17.png,G17,True,21,210,51
/kaggle/input/datasets/maryemmahmood/glyph2025/Glyph2025/d4/d4_233.png,D4,False,-1,-1,20
/kaggle/input/datasets/maryemmahmood/glyph2025/Glyph2025/s34/s34_101.jpg,S34,False,-1,-1,126
/kaggle/input/datasets/maryemmahmood/glyph2025/Glyph2025/i9/i9_272.png,I9,False,-1,-1,68
/kaggle/input/datasets/maryemmahmood/glyph2025/Glyph2025/v30/v30_171.png,V30,False,-1,-1,144
/kaggle/input/datasets/maryemmahmood/glyph2025/Glyph2025/e34/210094_e34.png,E34,True,21,94,34
/kaggle/input/datasets/maryemmahmood/glyph2025/Glyph2025/n35/n35_514.png,N35,False,-1,-1,94
/kaggle/input/datasets/maryemmahmood/glyph2025/Glyph2025/v1/v1_24.png,V1,False,-1,-1,138
/kaggle/input/datasets/maryemmahmood/glyph2025/Glyph2025/n35/410046_n35.png,N35,True,41,46,94
/kaggle/input/datasets/maryemmahmood/glyph2025/Glyph2025/o34/o34_69.png,O34,False,-1,-1,103
/kaggle/input/datasets/maryemmahmood/glyph2025/Glyph2025/v30/v30_150.png,V30,False,-1,-1,144
/kaggle/input/datasets/maryemmahmood/glyph2025/Glyph2025/v28/v28_85.png,V28,False,-1,-1,142
/kaggle/input/datasets/maryemmahmood/glyph2025/Glyph2025/u7/u7_38.jpg,U7,False,-1,-1,137
/kaggle/input/datasets/maryemmahmood/glyph2025/Glyph2025/m23/220381_m23.png,M23,True,22,381,78
/kaggle/input/datasets/maryemmahmood/glyph2025/Glyph2025/g17/g17_65.png,G17,False,-1,-1,51
/kaggle/input/datasets/maryemmahmood/glyph2025/Glyph2025/q3/q3_100.png,Q3,False,-1,-1,113
/kaggle/input/datasets/maryemmahmood/glyph2025/Glyph2025/v28/220425_v28.png,V28,True,22,425,142
/kaggle/input/datasets/maryemmahmood/glyph2025/Glyph2025/h6/h6_21.png,H6,False,-1,-1,63
/kaggle/input/datasets/maryemmahmood/glyph2025/Glyph2025/y5/y5_62.png,Y5,False,-1,-1,167
/kaggle/input/datasets/maryemmahmood/glyph2025/Glyph2025/w24/w24_2.png,W24,False,-1,-1,157
/kaggle/input/datasets/maryemmahmood/glyph2025/Glyph2025/s29/s29_64.png,S29,False,-1,-1,124
/kaggle/input/datasets/maryemmahmood/glyph2025/Glyph2025/f13/090116_f13.png,F13,True,9,116,39
/kaggle/input/datasets/maryemmahmood/glyph2025/Glyph2025/d4/d4_30.jpg,D4,False,-1,-1,20
/kaggle/input/datasets/maryemmahmood/glyph2025/Glyph2025/w25/200055_w25.png,W25,True,20,55,158
/kaggle/input/datasets/maryemmahmood/glyph2025/Glyph2025/f1/f1_66.png,F1,False,-1,-1,37
/kaggle/input/datasets/maryemmahmood/glyph2025/Glyph2025/d46/d46_15.jpg,D46,False,-1,-1,23
/kaggle/input/datasets/maryemmahmood/glyph2025/Glyph2025/e23/200066_e23.png,E23,True,20,66,33
/kaggle/input/datasets/maryemmahmood/glyph2025/Glyph2025/g43/410099_g43.png,G43,True,41,99,60
/kaggle/input/datasets/maryemmahmood/glyph2025/Glyph2025/z4/z4_11.png,Z4,False,-1,-1,173
/kaggle/input/datasets/maryemmahmood/glyph2025/Glyph2025/d40/d40_6.png,D40,False,-1,-1,21
/kaggle/input/datasets/maryemmahmood/glyph2025/Glyph2025/v30/v30_120.png,V30,False,-1,-1,144
/kaggle/input/datasets/maryemmahmood/glyph2025/Glyph2025/r8/r8_88.png,R8,False,-1,-1,118
/kaggle/input/datasets/maryemmahmood/glyph2025/Glyph2025/d45/d45_21.png,D45,False,-1,-1,22
/kaggle/input/datasets/maryemmahmood/glyph2025/Glyph2025/n25/n25_29.png,N25,False,-1,-1,88
/kaggle/input/datasets/maryemmahmood/glyph2025/Glyph2025/n35/n35_376.png,N35,False,-1,-1,94
/kaggle/input/datasets/maryemmahmood/glyph2025/Glyph2025/g43/g43_159.png,G43,False,-1,-1,60
/kaggle/input/datasets/maryemmahmood/glyph2025/Glyph2025/v13/030311_v13.png,V13,True,3,311,140
/kaggle/input/datasets/maryemmahmood/glyph2025/Glyph2025/d21/030181_d21.png,D21,True,3,181,14
/kaggle/input/datasets/maryemmahmood/glyph2025/Glyph2025/u15/390147_u15.png,U15,True,39,147,133
/kaggle/input/datasets/maryemmahmood/glyph2025/Glyph2025/y5/y5_68.png,Y5,False,-1,-1,167
/kaggle/input/datasets/maryemmahmood/glyph2025/Glyph2025/i9/i9_307.png,I9,False,-1,-1,68
/kaggle/input/datasets/maryemmahmood/glyph2025/Glyph2025/g43/200197_g43.png,G43,True,20,197,60
/kaggle/input/datasets/maryemmahmood/glyph2025/Glyph2025/d46/d46_81.jpg,D46,False,-1,-1,23
/kaggle/input/datasets/maryemmahmood/glyph2025/Glyph2025/x8/x8_142.jpg,X8,False,-1,-1,162
/kaggle/input/datasets/maryemmahmood/glyph2025/Glyph2025/y1/y1_53.png,Y1,False,-1,-1,163
/kaggle/input/datasets/maryemmahmood/glyph2025/Glyph2025/n35/n35_10.png,N35,False,-1,-1,94
/kaggle/input/datasets/maryemmahmood/glyph2025/Glyph2025/n35/n35_261.png,N35,False,-1,-1,94
/kaggle/input/datasets/maryemmahmood/glyph2025/Glyph2025/m17/m17_336.png,M17,False,-1,-1,73
/kaggle/input/datasets/maryemmahmood/glyph2025/Glyph2025/f35/f35_59.png,F35,False,-1,-1,46
/kaggle/input/datasets/maryemmahmood/glyph2025/Glyph2025/g35/090340_g35.png,G35,True,9,340,53
/kaggle/input/datasets/maryemmahmood/glyph2025/Glyph2025/z1/z1_39.png,Z1,False,-1,-1,168
/kaggle/input/datasets/maryemmahmood/glyph2025/Glyph2025/m17/050131_m17.png,M17,True,5,131,73
/kaggle/input/datasets/maryemmahmood/glyph2025/Glyph2025/y4/y4_1.png,Y4,False,-1,-1,166
/kaggle/input/datasets/maryemmahmood/glyph2025/Glyph2025/s29/s29_22.png,S29,False,-1,-1,124
/kaggle/input/datasets/maryemmahmood/glyph2025/Glyph2025/m17/090101_m17.png,M17,True,9,101,73
/kaggle/input/datasets/maryemmahmood/glyph2025/Glyph2025/g17/g17_13.png,G17,False,-1,-1,51
/kaggle/input/datasets/maryemmahmood/glyph2025/Glyph2025/v31/220353_v31.png,V31,True,22,353,145
/kaggle/input/datasets/maryemmahmood/glyph2025/Glyph2025/i9/220023_i9.png,I9,True,22,23,68
/kaggle/input/datasets/maryemmahmood/glyph2025/Glyph2025/d58/d58_46.png,D58,False,-1,-1,28
/kaggle/input/datasets/maryemmahmood/glyph2025/Glyph2025/d2/d2_18.jpg,D2,False,-1,-1,13
/kaggle/input/datasets/maryemmahmood/glyph2025/Glyph2025/d35/220230_d35.png,D35,True,22,230,16
/kaggle/input/datasets/maryemmahmood/glyph2025/Glyph2025/v13/v13_76.jpg,V13,False,-1,-1,140
/kaggle/input/datasets/maryemmahmood/glyph2025/Glyph2025/d4/d4_3.jpg,D4,False,-1,-1,20
/kaggle/input/datasets/maryemmahmood/glyph2025/Glyph2025/x1/x1_291.png,X1,False,-1,-1,160
/kaggle/input/datasets/maryemmahmood/glyph2025/Glyph2025/g43/g43_6.jpg,G43,False,-1,-1,60
/kaggle/input/datasets/maryemmahmood/glyph2025/Glyph2025/f34/200131_f34.png,F34,True,20,131,45
/kaggle/input/datasets/maryemmahmood/glyph2025/Glyph2025/i9/i9_70.jpg,I9,False,-1,-1,68
/kaggle/input/datasets/maryemmahmood/glyph2025/Glyph2025/m17/m17_334.png,M17,False,-1,-1,73
/kaggle/input/datasets/maryemmahmood/glyph2025/Glyph2025/g17/090185_g17.png,G17,True,9,185,51
/kaggle/input/datasets/maryemmahmood/glyph2025/Glyph2025/n35/n35_466.png,N35,False,-1,-1,94
/kaggle/input/datasets/maryemmahmood/glyph2025/Glyph2025/n33/n33_129.png,N33,False,-1,-1,92
/kaggle/input/datasets/maryemmahmood/glyph2025/Glyph2025/m18/m18_6.jpg,M18,False,-1,-1,74
/kaggle/input/datasets/maryemmahmood/glyph2025/Glyph2025/x1/x1_163.jpg,X1,False,-1,-1,160
/kaggle/input/datasets/maryemmahmood/glyph2025/Glyph2025/f1/f1_59.png,F1,False,-1,-1,37
/kaggle/input/datasets/maryemmahmood/glyph2025/Glyph2025/a40/a40_20.jpg,A40,False,-1,-1,6
/kaggle/input/datasets/maryemmahmood/glyph2025/Glyph2025/s29/410132_s29.png,S29,True,41,132,124
/kaggle/input/datasets/maryemmahmood/glyph2025/Glyph2025/m17/220050_m17.png,M17,True,22,50,73
/kaggle/input/datasets/maryemmahmood/glyph2025/Glyph2025/n35/390102_n35.png,N35,True,39,102,94
/kaggle/input/datasets/maryemmahmood/glyph2025/Glyph2025/n8/n8_11.png,N8,False,-1,-1,99
/kaggle/input/datasets/maryemmahmood/glyph2025/Glyph2025/d21/390254_d21.png,D21,True,39,254,14
/kaggle/input/datasets/maryemmahmood/glyph2025/Glyph2025/d35/220342_d35.png,D35,True,22,342,16
/kaggle/input/datasets/maryemmahmood/glyph2025/Glyph2025/o1/o1_51.png,O1,False,-1,-1,100
/kaggle/input/datasets/maryemmahmood/glyph2025/Glyph2025/n37/220151_n37.png,N37,True,22,151,96
/kaggle/input/datasets/maryemmahmood/glyph2025/Glyph2025/n25/n25_15.png,N25,False,-1,-1,88
/kaggle/input/datasets/maryemmahmood/glyph2025/Glyph2025/v28/v28_46.png,V28,False,-1,-1,142
/kaggle/input/datasets/maryemmahmood/glyph2025/Glyph2025/f1/f1_52.png,F1,False,-1,-1,37
/kaggle/input/datasets/maryemmahmood/glyph2025/Glyph2025/w17/w17_28.png,W17,False,-1,-1,152
/kaggle/input/datasets/maryemmahmood/glyph2025/Glyph2025/n31/210035_n31.png,N31,True,21,35,91
/kaggle/input/datasets/maryemmahmood/glyph2025/Glyph2025/n33b/n33b_1.png,N33B,False,-1,-1,93
/kaggle/input/datasets/maryemmahmood/glyph2025/Glyph2025/n26/n26_33.jpg,N26,False,-1,-1,89
/kaggle/input/datasets/maryemmahmood/glyph2025/Glyph2025/n1/n1_23.png,N1,False,-1,-1,83
/kaggle/input/datasets/maryemmahmood/glyph2025/Glyph2025/n35/030192_n35.png,N35,True,3,192,94
/kaggle/input/datasets/maryemmahmood/glyph2025/Glyph2025/o1/o1_98.png,O1,False,-1,-1,100
/kaggle/input/datasets/maryemmahmood/glyph2025/Glyph2025/m17/050139_m17.png,M17,True,5,139,73
/kaggle/input/datasets/maryemmahmood/glyph2025/Glyph2025/d4/d4_35.png,D4,False,-1,-1,20
/kaggle/input/datasets/maryemmahmood/glyph2025/Glyph2025/i9/090113_i9.png,I9,True,9,113,68
/kaggle/input/datasets/maryemmahmood/glyph2025/Glyph2025/a42/a42_9.png,A42,False,-1,-1,7
/kaggle/input/datasets/maryemmahmood/glyph2025/Glyph2025/q1/q1_29.jpg,Q1,False,-1,-1,111
/kaggle/input/datasets/maryemmahmood/glyph2025/Glyph2025/n37/090373_n37.png,N37,True,9,373,96
/kaggle/input/datasets/maryemmahmood/glyph2025/Glyph2025/n5/210139_n5.png,N5,True,21,139,98
/kaggle/input/datasets/maryemmahmood/glyph2025/Glyph2025/l1/l1_17.jpg,L1,False,-1,-1,69
/kaggle/input/datasets/maryemmahmood/glyph2025/Glyph2025/o50/220269_o50.png,O50,True,22,269,106
/kaggle/input/datasets/maryemmahmood/glyph2025/Glyph2025/m17/m17_81.jpg,M17,False,-1,-1,73
/kaggle/input/datasets/maryemmahmood/glyph2025/Glyph2025/x1/x1_403.png,X1,False,-1,-1,160
/kaggle/input/datasets/maryemmahmood/glyph2025/Glyph2025/m23/200011_m23.png,M23,True,20,11,78
/kaggle/input/datasets/maryemmahmood/glyph2025/Glyph2025/o34/050324_o34.png,O34,True,5,324,103
/kaggle/input/datasets/maryemmahmood/glyph2025/Glyph2025/g17/090363_g17.png,G17,True,9,363,51
/kaggle/input/datasets/maryemmahmood/glyph2025/Glyph2025/n25/n25_10.png,N25,False,-1,-1,88
/kaggle/input/datasets/maryemmahmood/glyph2025/Glyph2025/o49/390267_o49.png,O49,True,39,267,105
/kaggle/input/datasets/maryemmahmood/glyph2025/Glyph2025/m17/220414_m17.png,M17,True,22,414,73
/kaggle/input/datasets/maryemmahmood/glyph2025/Glyph2025/s19/s19_10.jpg,S19,False,-1,-1,119
/kaggle/input/datasets/maryemmahmood/glyph2025/Glyph2025/d56/050276_d56.png,D56,True,5,276,27
/kaggle/input/datasets/maryemmahmood/glyph2025/Glyph2025/d54/d54_9.png,D54,False,-1,-1,25
/kaggle/input/datasets/maryemmahmood/glyph2025/Glyph2025/g17/g17_30.jpg,G17,False,-1,-1,51
/kaggle/input/datasets/maryemmahmood/glyph2025/Glyph2025/m17/m17_404.png,M17,False,-1,-1,73
/kaggle/input/datasets/maryemmahmood/glyph2025/Glyph2025/q1/q1_122.png,Q1,False,-1,-1,111
/kaggle/input/datasets/maryemmahmood/glyph2025/Glyph2025/o4/o4_20.jpg,O4,False,-1,-1,104
/kaggle/input/datasets/maryemmahmood/glyph2025/Glyph2025/x1/230081_x1.png,X1,True,23,81,160
/kaggle/input/datasets/maryemmahmood/glyph2025/Glyph2025/d55/d55_44.png,D55,False,-1,-1,26
/kaggle/input/datasets/maryemmahmood/glyph2025/Glyph2025/f32/f32_19.jpg,F32,False,-1,-1,44
/kaggle/input/datasets/maryemmahmood/glyph2025/Glyph2025/d37/d37_26.jpg,D37,False,-1,-1,18
/kaggle/input/datasets/maryemmahmood/glyph2025/Glyph2025/e34/210272_e34.png,E34,True,21,272,34
/kaggle/input/datasets/maryemmahmood/glyph2025/Glyph2025/u33/u33_11.png,U33,False,-1,-1,135
/kaggle/input/datasets/maryemmahmood/glyph2025/Glyph2025/n35/210093_n35.png,N35,True,21,93,94
/kaggle/input/datasets/maryemmahmood/glyph2025/Glyph2025/v28/v28_121.png,V28,False,-1,-1,142
/kaggle/input/datasets/maryemmahmood/glyph2025/Glyph2025/d21/220314_d21.png,D21,True,22,314,14
/kaggle/input/datasets/maryemmahmood/glyph2025/Glyph2025/d54/d54_8.png,D54,False,-1,-1,25
/kaggle/input/datasets/maryemmahmood/glyph2025/Glyph2025/e34/220224_e34.png,E34,True,22,224,34
/kaggle/input/datasets/maryemmahmood/glyph2025/Glyph2025/d36/d36_18.png,D36,False,-1,-1,17
/kaggle/input/datasets/maryemmahmood/glyph2025/Glyph2025/d58/d58_11.jpg,D58,False,-1,-1,28
/kaggle/input/datasets/maryemmahmood/glyph2025/Glyph2025/e34/220216_e34.png,E34,True,22,216,34
/kaggle/input/datasets/maryemmahmood/glyph2025/Glyph2025/x1/x1_278.png,X1,False,-1,-1,160
/kaggle/input/datasets/maryemmahmood/glyph2025/Glyph2025/d60/d60_2.png,D60,False,-1,-1,29
/kaggle/input/datasets/maryemmahmood/glyph2025/Glyph2025/d58/d58_122.png,D58,False,-1,-1,28
/kaggle/input/datasets/maryemmahmood/glyph2025/Glyph2025/d21/090243_d21.png,D21,True,9,243,14
/kaggle/input/datasets/maryemmahmood/glyph2025/Glyph2025/r4/r4_85.png,R4,False,-1,-1,116
/kaggle/input/datasets/maryemmahmood/glyph2025/Glyph2025/f35/f35_5.png,F35,False,-1,-1,46
/kaggle/input/datasets/maryemmahmood/glyph2025/Glyph2025/b1/b1_5.png,B1,False,-1,-1,11
/kaggle/input/datasets/maryemmahmood/glyph2025/Glyph2025/g17/g17_67.jpg,G17,False,-1,-1,51
/kaggle/input/datasets/maryemmahmood/glyph2025/Glyph2025/n35/200357_n35.png,N35,True,20,357,94
/kaggle/input/datasets/maryemmahmood/glyph2025/Glyph2025/m17/m17_127.png,M17,False,-1,-1,73
/kaggle/input/datasets/maryemmahmood/glyph2025/Glyph2025/s29/230158_s29.png,S29,True,23,158,124
/kaggle/input/datasets/maryemmahmood/glyph2025/Glyph2025/d2/d2_52.png,D2,False,-1,-1,13
/kaggle/input/datasets/maryemmahmood/glyph2025/Glyph2025/q3/050447_q3.png,Q3,True,5,447,113
/kaggle/input/datasets/maryemmahmood/glyph2025/Glyph2025/m12/m12_67.png,M12,False,-1,-1,71
/kaggle/input/datasets/maryemmahmood/glyph2025/Glyph2025/s29/090157_s29.png,S29,True,9,157,124
/kaggle/input/datasets/maryemmahmood/glyph2025/Glyph2025/g39/390053_g39.png,G39,True,39,53,57
/kaggle/input/datasets/maryemmahmood/glyph2025/Glyph2025/n23/n23_5.png,N23,False,-1,-1,87
/kaggle/input/datasets/maryemmahmood/glyph2025/Glyph2025/n35/200097_n35.png,N35,True,20,97,94
/kaggle/input/datasets/maryemmahmood/glyph2025/Glyph2025/n35/030185_n35.png,N35,True,3,185,94
/kaggle/input/datasets/maryemmahmood/glyph2025/Glyph2025/n35/n35_350.png,N35,False,-1,-1,94
/kaggle/input/datasets/maryemmahmood/glyph2025/Glyph2025/x1/390002_x1.png,X1,True,39,2,160
/kaggle/input/datasets/maryemmahmood/glyph2025/Glyph2025/n35/090339_n35.png,N35,True,9,339,94
/kaggle/input/datasets/maryemmahmood/glyph2025/Glyph2025/g43/390162_g43.png,G43,True,39,162,60
/kaggle/input/datasets/maryemmahmood/glyph2025/Glyph2025/g43/g43_26.jpg,G43,False,-1,-1,60
/kaggle/input/datasets/maryemmahmood/glyph2025/Glyph2025/d21/d21_339.png,D21,False,-1,-1,14
/kaggle/input/datasets/maryemmahmood/glyph2025/Glyph2025/w18/w18_13.png,W18,False,-1,-1,153
/kaggle/input/datasets/maryemmahmood/glyph2025/Glyph2025/x8/x8_58.jpg,X8,False,-1,-1,162
/kaggle/input/datasets/maryemmahmood/glyph2025/Glyph2025/g43/200282_g43.png,G43,True,20,282,60
/kaggle/input/datasets/maryemmahmood/glyph2025/Glyph2025/o50/090249_o50.png,O50,True,9,249,106
/kaggle/input/datasets/maryemmahmood/glyph2025/Glyph2025/o49/o49_75.png,O49,False,-1,-1,105
/kaggle/input/datasets/maryemmahmood/glyph2025/Glyph2025/f31/f31_12.png,F31,False,-1,-1,43
/kaggle/input/datasets/maryemmahmood/glyph2025/Glyph2025/n35/210298_n35.png,N35,True,21,298,94
/kaggle/input/datasets/maryemmahmood/glyph2025/Glyph2025/d21/d21_289.png,D21,False,-1,-1,14
/kaggle/input/datasets/maryemmahmood/glyph2025/Glyph2025/f34/200129_f34.png,F34,True,20,129,45
/kaggle/input/datasets/maryemmahmood/glyph2025/Glyph2025/v28/v28_103.png,V28,False,-1,-1,142
/kaggle/input/datasets/maryemmahmood/glyph2025/Glyph2025/x1/050435_x1.png,X1,True,5,435,160
/kaggle/input/datasets/maryemmahmood/glyph2025/Glyph2025/u23/u23_24.png,U23,False,-1,-1,134
/kaggle/input/datasets/maryemmahmood/glyph2025/Glyph2025/a1/a1_20.jpg,A1,False,-1,-1,0
/kaggle/input/datasets/maryemmahmood/glyph2025/Glyph2025/o4/o4_42.jpg,O4,False,-1,-1,104
/kaggle/input/datasets/maryemmahmood/glyph2025/Glyph2025/v20/v20_1.jpg,V20,False,-1,-1,141
/kaggle/input/datasets/maryemmahmood/glyph2025/Glyph2025/m23/220195_m23.png,M23,True,22,195,78
/kaggle/input/datasets/maryemmahmood/glyph2025/Glyph2025/v13/200023_v13.png,V13,True,20,23,140
/kaggle/input/datasets/maryemmahmood/glyph2025/Glyph2025/m17/090114_m17.png,M17,True,9,114,73
/kaggle/input/datasets/maryemmahmood/glyph2025/Glyph2025/v30/v30_176.jpg,V30,False,-1,-1,144
/kaggle/input/datasets/maryemmahmood/glyph2025/Glyph2025/v30/v30_253.jpg,V30,False,-1,-1,144
/kaggle/input/datasets/maryemmahmood/glyph2025/Glyph2025/d36/220006_d36.png,D36,True,22,6,17
/kaggle/input/datasets/maryemmahmood/glyph2025/Glyph2025/n35/090139_n35.png,N35,True,9,139,94
/kaggle/input/datasets/maryemmahmood/glyph2025/Glyph2025/m12/m12_39.jpg,M12,False,-1,-1,71
/kaggle/input/datasets/maryemmahmood/glyph2025/Glyph2025/o34/o34_37.png,O34,False,-1,-1,103
/kaggle/input/datasets/maryemmahmood/glyph2025/Glyph2025/s29/210334_s29.png,S29,True,21,334,124
/kaggle/input/datasets/maryemmahmood/glyph2025/Glyph2025/d21/d21_94.jpg,D21,False,-1,-1,14
/kaggle/input/datasets/maryemmahmood/glyph2025/Glyph2025/d28/d28_43.jpg,D28,False,-1,-1,15
/kaggle/input/datasets/maryemmahmood/glyph2025/Glyph2025/g43/g43_139.png,G43,False,-1,-1,60
/kaggle/input/datasets/maryemmahmood/glyph2025/Glyph2025/d21/d21_50.png,D21,False,-1,-1,14
/kaggle/input/datasets/maryemmahmood/glyph2025/Glyph2025/e34/230284_e34.png,E34,True,23,284,34
/kaggle/input/datasets/maryemmahmood/glyph2025/Glyph2025/m17/m17_415.png,M17,False,-1,-1,73
/kaggle/input/datasets/maryemmahmood/glyph2025/Glyph2025/v31/v31_4.png,V31,False,-1,-1,145
/kaggle/input/datasets/maryemmahmood/glyph2025/Glyph2025/v31/v31_117.png,V31,False,-1,-1,145
/kaggle/input/datasets/maryemmahmood/glyph2025/Glyph2025/g43/230351_g43.png,G43,True,23,351,60
/kaggle/input/datasets/maryemmahmood/glyph2025/Glyph2025/m23/200184_m23.png,M23,True,20,184,78
/kaggle/input/datasets/maryemmahmood/glyph2025/Glyph2025/o34/o34_38.png,O34,False,-1,-1,103
/kaggle/input/datasets/maryemmahmood/glyph2025/Glyph2025/g43/g43_155.png,G43,False,-1,-1,60
/kaggle/input/datasets/maryemmahmood/glyph2025/Glyph2025/v30/v30_117.png,V30,False,-1,-1,144
/kaggle/input/datasets/maryemmahmood/glyph2025/Glyph2025/x8/x8_4.png,X8,False,-1,-1,162
/kaggle/input/datasets/maryemmahmood/glyph2025/Glyph2025/x1/x1_258.png,X1,False,-1,-1,160
/kaggle/input/datasets/maryemmahmood/glyph2025/Glyph2025/d40/d40_32.png,D40,False,-1,-1,21
/kaggle/input/datasets/maryemmahmood/glyph2025/Glyph2025/d4/d4_152.png,D4,False,-1,-1,20
/kaggle/input/datasets/maryemmahmood/glyph2025/Glyph2025/r4/r4_30.jpg,R4,False,-1,-1,116
/kaggle/input/datasets/maryemmahmood/glyph2025/Glyph2025/d21/d21_66.png,D21,False,-1,-1,14
/kaggle/input/datasets/maryemmahmood/glyph2025/Glyph2025/g17/g17_12.jpg,G17,False,-1,-1,51
/kaggle/input/datasets/maryemmahmood/glyph2025/Glyph2025/f12/f12_3.jpg,F12,False,-1,-1,38
/kaggle/input/datasets/maryemmahmood/glyph2025/Glyph2025/o50/390336_o50.png,O50,True,39,336,106
/kaggle/input/datasets/maryemmahmood/glyph2025/Glyph2025/d40/d40_7.jpg,D40,False,-1,-1,21
/kaggle/input/datasets/maryemmahmood/glyph2025/Glyph2025/m17/m17_114.png,M17,False,-1,-1,73
/kaggle/input/datasets/maryemmahmood/glyph2025/Glyph2025/m44/210156_m44.png,M44,True,21,156,82
/kaggle/input/datasets/maryemmahmood/glyph2025/Glyph2025/d36/d36_99.jpg,D36,False,-1,-1,17
/kaggle/input/datasets/maryemmahmood/glyph2025/Glyph2025/v28/050266_v28.png,V28,True,5,266,142
/kaggle/input/datasets/maryemmahmood/glyph2025/Glyph2025/i10/i10_38.png,I10,False,-1,-1,66
/kaggle/input/datasets/maryemmahmood/glyph2025/Glyph2025/m18/m18_13.png,M18,False,-1,-1,74
/kaggle/input/datasets/maryemmahmood/glyph2025/Glyph2025/n35/220094_n35.png,N35,True,22,94,94
/kaggle/input/datasets/maryemmahmood/glyph2025/Glyph2025/a1/a1_18.jpg,A1,False,-1,-1,0
/kaggle/input/datasets/maryemmahmood/glyph2025/Glyph2025/d35/d35_38.jpg,D35,False,-1,-1,16
/kaggle/input/datasets/maryemmahmood/glyph2025/Glyph2025/aa15/aa15_87.png,AA15,False,-1,-1,10
/kaggle/input/datasets/maryemmahmood/glyph2025/Glyph2025/d35/220284_d35.png,D35,True,22,284,16
/kaggle/input/datasets/maryemmahmood/glyph2025/Glyph2025/m17/m17_83.jpg,M17,False,-1,-1,73
/kaggle/input/datasets/maryemmahmood/glyph2025/Glyph2025/d58/d58_91.png,D58,False,-1,-1,28
/kaggle/input/datasets/maryemmahmood/glyph2025/Glyph2025/d1/410342_d1.png,D1,True,41,342,12
/kaggle/input/datasets/maryemmahmood/glyph2025/Glyph2025/o34/o34_35.png,O34,False,-1,-1,103
/kaggle/input/datasets/maryemmahmood/glyph2025/Glyph2025/q3/q3_114.png,Q3,False,-1,-1,113
/kaggle/input/datasets/maryemmahmood/glyph2025/Glyph2025/m17/090085_m17.png,M17,True,9,85,73
/kaggle/input/datasets/maryemmahmood/glyph2025/Glyph2025/o50/210125_o50.png,O50,True,21,125,106
/kaggle/input/datasets/maryemmahmood/glyph2025/Glyph2025/o34/o34_11.png,O34,False,-1,-1,103
/kaggle/input/datasets/maryemmahmood/glyph2025/Glyph2025/n35/410067_n35.png,N35,True,41,67,94
/kaggle/input/datasets/maryemmahmood/glyph2025/Glyph2025/w24/w24_10.jpg,W24,False,-1,-1,157
/kaggle/input/datasets/maryemmahmood/glyph2025/Glyph2025/g17/410366_g17.png,G17,True,41,366,51
/kaggle/input/datasets/maryemmahmood/glyph2025/Glyph2025/s34/s34_51.png,S34,False,-1,-1,126
/kaggle/input/datasets/maryemmahmood/glyph2025/Glyph2025/w11/w11_9.jpg,W11,False,-1,-1,149
/kaggle/input/datasets/maryemmahmood/glyph2025/Glyph2025/i9/030279_i9.png,I9,True,3,279,68
/kaggle/input/datasets/maryemmahmood/glyph2025/Glyph2025/d40/d40_9.png,D40,False,-1,-1,21
/kaggle/input/datasets/maryemmahmood/glyph2025/Glyph2025/v28/v28_171.png,V28,False,-1,-1,142
/kaggle/input/datasets/maryemmahmood/glyph2025/Glyph2025/a1/a1_114.png,A1,False,-1,-1,0
/kaggle/input/datasets/maryemmahmood/glyph2025/Glyph2025/v31/410343_v31.png,V31,True,41,343,145
/kaggle/input/datasets/maryemmahmood/glyph2025/Glyph2025/n35/030120_n35.png,N35,True,3,120,94
/kaggle/input/datasets/maryemmahmood/glyph2025/Glyph2025/d21/d21_1.png,D21,False,-1,-1,14
/kaggle/input/datasets/maryemmahmood/glyph2025/Glyph2025/o1/210219_o1.png,O1,True,21,219,100
/kaggle/input/datasets/maryemmahmood/glyph2025/Glyph2025/d21/d21_206.png,D21,False,-1,-1,14
/kaggle/input/datasets/maryemmahmood/glyph2025/Glyph2025/n33/n33_70.jpg,N33,False,-1,-1,92
/kaggle/input/datasets/maryemmahmood/glyph2025/Glyph2025/w25/w25_2.jpg,W25,False,-1,-1,158
/kaggle/input/datasets/maryemmahmood/glyph2025/Glyph2025/v31/410389_v31.png,V31,True,41,389,145
/kaggle/input/datasets/maryemmahmood/glyph2025/Glyph2025/s3/s3_6.png,S3,False,-1,-1,125
/kaggle/input/datasets/maryemmahmood/glyph2025/Glyph2025/m17/m17_260.png,M17,False,-1,-1,73
/kaggle/input/datasets/maryemmahmood/glyph2025/Glyph2025/e34/e34_10.png,E34,False,-1,-1,34
/kaggle/input/datasets/maryemmahmood/glyph2025/Glyph2025/x1/x1_185.png,X1,False,-1,-1,160
/kaggle/input/datasets/maryemmahmood/glyph2025/Glyph2025/v20/v20_11.png,V20,False,-1,-1,141
/kaggle/input/datasets/maryemmahmood/glyph2025/Glyph2025/m23/m23_142.png,M23,False,-1,-1,78
/kaggle/input/datasets/maryemmahmood/glyph2025/Glyph2025/x1/030096_x1.png,X1,True,3,96,160
/kaggle/input/datasets/maryemmahmood/glyph2025/Glyph2025/g17/200306_g17.png,G17,True,20,306,51
/kaggle/input/datasets/maryemmahmood/glyph2025/Glyph2025/r8/r8_127.png,R8,False,-1,-1,118
/kaggle/input/datasets/maryemmahmood/glyph2025/Glyph2025/n33/n33_87.png,N33,False,-1,-1,92
/kaggle/input/datasets/maryemmahmood/glyph2025/Glyph2025/z11/z11_2.png,Z11,False,-1,-1,169
/kaggle/input/datasets/maryemmahmood/glyph2025/Glyph2025/m17/230100_m17.png,M17,True,23,100,73
/kaggle/input/datasets/maryemmahmood/glyph2025/Glyph2025/v28/230022_v28.png,V28,True,23,22,142
/kaggle/input/datasets/maryemmahmood/glyph2025/Glyph2025/f1/f1_2.jpg,F1,False,-1,-1,37
/kaggle/input/datasets/maryemmahmood/glyph2025/Glyph2025/v31/390389_v31.png,V31,True,39,389,145
/kaggle/input/datasets/maryemmahmood/glyph2025/Glyph2025/d36/d36_87.png,D36,False,-1,-1,17
/kaggle/input/datasets/maryemmahmood/glyph2025/Glyph2025/g5/230084_g5.png,G5,True,23,84,61
/kaggle/input/datasets/maryemmahmood/glyph2025/Glyph2025/n35/410164_n35.png,N35,True,41,164,94
/kaggle/input/datasets/maryemmahmood/glyph2025/Glyph2025/v13/v13_7.png,V13,False,-1,-1,140
/kaggle/input/datasets/maryemmahmood/glyph2025/Glyph2025/o49/200290_o49.png,O49,True,20,290,105
/kaggle/input/datasets/maryemmahmood/glyph2025/Glyph2025/e34/050362_e34.png,E34,True,5,362,34
/kaggle/input/datasets/maryemmahmood/glyph2025/Glyph2025/d46/d46_37.png,D46,False,-1,-1,23
/kaggle/input/datasets/maryemmahmood/glyph2025/Glyph2025/v13/230234_v13.png,V13,True,23,234,140
/kaggle/input/datasets/maryemmahmood/glyph2025/Glyph2025/g17/200025_g17.png,G17,True,20,25,51
/kaggle/input/datasets/maryemmahmood/glyph2025/Glyph2025/g43/g43_119.jpg,G43,False,-1,-1,60
/kaggle/input/datasets/maryemmahmood/glyph2025/Glyph2025/u7/u7_11.png,U7,False,-1,-1,137
/kaggle/input/datasets/maryemmahmood/glyph2025/Glyph2025/n35/n35_4.png,N35,False,-1,-1,94
/kaggle/input/datasets/maryemmahmood/glyph2025/Glyph2025/v28/230159_v28.png,V28,True,23,159,142
/kaggle/input/datasets/maryemmahmood/glyph2025/Glyph2025/w18/w18_2.png,W18,False,-1,-1,153
/kaggle/input/datasets/maryemmahmood/glyph2025/Glyph2025/x1/x1_102.png,X1,False,-1,-1,160
/kaggle/input/datasets/maryemmahmood/glyph2025/Glyph2025/r8/r8_167.png,R8,False,-1,-1,118
/kaggle/input/datasets/maryemmahmood/glyph2025/Glyph2025/x1/x1_158.jpg,X1,False,-1,-1,160
/kaggle/input/datasets/maryemmahmood/glyph2025/Glyph2025/m17/m17_371.png,M17,False,-1,-1,73
/kaggle/input/datasets/maryemmahmood/glyph2025/Glyph2025/x1/x1_392.png,X1,False,-1,-1,160
/kaggle/input/datasets/maryemmahmood/glyph2025/Glyph2025/n33/n33_135.png,N33,False,-1,-1,92
/kaggle/input/datasets/maryemmahmood/glyph2025/Glyph2025/f35/f35_125.png,F35,False,-1,-1,46
/kaggle/input/datasets/maryemmahmood/glyph2025/Glyph2025/v30/v30_252.jpg,V30,False,-1,-1,144
/kaggle/input/datasets/maryemmahmood/glyph2025/Glyph2025/y2/y2_3.jpg,Y2,False,-1,-1,164
/kaggle/input/datasets/maryemmahmood/glyph2025/Glyph2025/u1/u1_9.jpg,U1,False,-1,-1,132
/kaggle/input/datasets/maryemmahmood/glyph2025/Glyph2025/x1/x1_39.png,X1,False,-1,-1,160
/kaggle/input/datasets/maryemmahmood/glyph2025/Glyph2025/r7/r7_6.png,R7,False,-1,-1,117
/kaggle/input/datasets/maryemmahmood/glyph2025/Glyph2025/x8/x8_20.png,X8,False,-1,-1,162
/kaggle/input/datasets/maryemmahmood/glyph2025/Glyph2025/d21/d21_356.jpg,D21,False,-1,-1,14
/kaggle/input/datasets/maryemmahmood/glyph2025/Glyph2025/f35/f35_79.png,F35,False,-1,-1,46
/kaggle/input/datasets/maryemmahmood/glyph2025/Glyph2025/y4/y4_27.png,Y4,False,-1,-1,166
/kaggle/input/datasets/maryemmahmood/glyph2025/Glyph2025/m23/m23_160.jpg,M23,False,-1,-1,78
/kaggle/input/datasets/maryemmahmood/glyph2025/Glyph2025/q3/210040_q3.png,Q3,True,21,40,113
/kaggle/input/datasets/maryemmahmood/glyph2025/Glyph2025/d4/d4_34.jpg,D4,False,-1,-1,20
/kaggle/input/datasets/maryemmahmood/glyph2025/Glyph2025/s34/s34_74.png,S34,False,-1,-1,126
/kaggle/input/datasets/maryemmahmood/glyph2025/Glyph2025/d36/d36_101.png,D36,False,-1,-1,17
/kaggle/input/datasets/maryemmahmood/glyph2025/Glyph2025/s29/220096_s29.png,S29,True,22,96,124
/kaggle/input/datasets/maryemmahmood/glyph2025/Glyph2025/g17/g17_117.png,G17,False,-1,-1,51
/kaggle/input/datasets/maryemmahmood/glyph2025/Glyph2025/aa15/aa15_24.png,AA15,False,-1,-1,10
/kaggle/input/datasets/maryemmahmood/glyph2025/Glyph2025/f13/f13_1.jpg,F13,False,-1,-1,39
/kaggle/input/datasets/maryemmahmood/glyph2025/Glyph2025/r8/r8_148.png,R8,False,-1,-1,118
/kaggle/input/datasets/maryemmahmood/glyph2025/Glyph2025/r11/r11_18.png,R11,False,-1,-1,114
/kaggle/input/datasets/maryemmahmood/glyph2025/Glyph2025/d60/d60_20.jpg,D60,False,-1,-1,29
/kaggle/input/datasets/maryemmahmood/glyph2025/Glyph2025/i9/i9_218.png,I9,False,-1,-1,68
/kaggle/input/datasets/maryemmahmood/glyph2025/Glyph2025/s29/030009_s29.png,S29,True,3,9,124
/kaggle/input/datasets/maryemmahmood/glyph2025/Glyph2025/q3/q3_109.png,Q3,False,-1,-1,113
/kaggle/input/datasets/maryemmahmood/glyph2025/Glyph2025/m23/230235_m23.png,M23,True,23,235,78
/kaggle/input/datasets/maryemmahmood/glyph2025/Glyph2025/d36/d36_3.png,D36,False,-1,-1,17
/kaggle/input/datasets/maryemmahmood/glyph2025/Glyph2025/d4/d4_27.png,D4,False,-1,-1,20
/kaggle/input/datasets/maryemmahmood/glyph2025/Glyph2025/a1/a1_45.jpg,A1,False,-1,-1,0
/kaggle/input/datasets/maryemmahmood/glyph2025/Glyph2025/n35/n35_108.png,N35,False,-1,-1,94
/kaggle/input/datasets/maryemmahmood/glyph2025/Glyph2025/i10/030209_i10.png,I10,True,3,209,66
/kaggle/input/datasets/maryemmahmood/glyph2025/Glyph2025/x1/090087_x1.png,X1,True,9,87,160
/kaggle/input/datasets/maryemmahmood/glyph2025/Glyph2025/r4/r4_107.png,R4,False,-1,-1,116
/kaggle/input/datasets/maryemmahmood/glyph2025/Glyph2025/i9/390276_i9.png,I9,True,39,276,68
/kaggle/input/datasets/maryemmahmood/glyph2025/Glyph2025/x8/050357_x8.png,X8,True,5,357,162
/kaggle/input/datasets/maryemmahmood/glyph2025/Glyph2025/x8/x8_51.jpg,X8,False,-1,-1,162
/kaggle/input/datasets/maryemmahmood/glyph2025/Glyph2025/d46/030011_d46.png,D46,True,3,11,23
/kaggle/input/datasets/maryemmahmood/glyph2025/Glyph2025/g43/210024_g43.png,G43,True,21,24,60
/kaggle/input/datasets/maryemmahmood/glyph2025/Glyph2025/g39/030149_g39.png,G39,True,3,149,57
/kaggle/input/datasets/maryemmahmood/glyph2025/Glyph2025/n35/210283_n35.png,N35,True,21,283,94
/kaggle/input/datasets/maryemmahmood/glyph2025/Glyph2025/e34/090094_e34.png,E34,True,9,94,34
/kaggle/input/datasets/maryemmahmood/glyph2025/Glyph2025/y1/y1_63.png,Y1,False,-1,-1,163
/kaggle/input/datasets/maryemmahmood/glyph2025/Glyph2025/o3/o3_2.jpg,O3,False,-1,-1,102
/kaggle/input/datasets/maryemmahmood/glyph2025/Glyph2025/x1/030383_x1.png,X1,True,3,383,160
/kaggle/input/datasets/maryemmahmood/glyph2025/Glyph2025/i9/i9_273.png,I9,False,-1,-1,68
/kaggle/input/datasets/maryemmahmood/glyph2025/Glyph2025/o6/o6_6.png,O6,False,-1,-1,107
/kaggle/input/datasets/maryemmahmood/glyph2025/Glyph2025/m12/m12_24.png,M12,False,-1,-1,71
/kaggle/input/datasets/maryemmahmood/glyph2025/Glyph2025/s29/050092_s29.png,S29,True,5,92,124
/kaggle/input/datasets/maryemmahmood/glyph2025/Glyph2025/m23/m23_128.png,M23,False,-1,-1,78
/kaggle/input/datasets/maryemmahmood/glyph2025/Glyph2025/s34/s34_116.png,S34,False,-1,-1,126
/kaggle/input/datasets/maryemmahmood/glyph2025/Glyph2025/d21/200026_d21.png,D21,True,20,26,14
/kaggle/input/datasets/maryemmahmood/glyph2025/Glyph2025/z1/z1_6.png,Z1,False,-1,-1,168
/kaggle/input/datasets/maryemmahmood/glyph2025/Glyph2025/u1/u1_3.jpg,U1,False,-1,-1,132
/kaggle/input/datasets/maryemmahmood/glyph2025/Glyph2025/x8/x8_13.png,X8,False,-1,-1,162
/kaggle/input/datasets/maryemmahmood/glyph2025/Glyph2025/u7/u7_10.png,U7,False,-1,-1,137
/kaggle/input/datasets/maryemmahmood/glyph2025/Glyph2025/i9/200058_i9.png,I9,True,20,58,68
/kaggle/input/datasets/maryemmahmood/glyph2025/Glyph2025/o1/410322_o1.png,O1,True,41,322,100
/kaggle/input/datasets/maryemmahmood/glyph2025/Glyph2025/h1/h1_25.png,H1,False,-1,-1,62
/kaggle/input/datasets/maryemmahmood/glyph2025/Glyph2025/y1/y1_54.png,Y1,False,-1,-1,163
/kaggle/input/datasets/maryemmahmood/glyph2025/Glyph2025/d36/390358_d36.png,D36,True,39,358,17
/kaggle/input/datasets/maryemmahmood/glyph2025/Glyph2025/g17/220343_g17.png,G17,True,22,343,51
/kaggle/input/datasets/maryemmahmood/glyph2025/Glyph2025/s34/s34_87.png,S34,False,-1,-1,126
/kaggle/input/datasets/maryemmahmood/glyph2025/Glyph2025/aa15/aa15_75.png,AA15,False,-1,-1,10
/kaggle/input/datasets/maryemmahmood/glyph2025/Glyph2025/y4/y4_17.png,Y4,False,-1,-1,166
/kaggle/input/datasets/maryemmahmood/glyph2025/Glyph2025/v30/v30_92.jpg,V30,False,-1,-1,144
/kaggle/input/datasets/maryemmahmood/glyph2025/Glyph2025/d21/d21_262.png,D21,False,-1,-1,14
/kaggle/input/datasets/maryemmahmood/glyph2025/Glyph2025/s29/s29_54.jpg,S29,False,-1,-1,124
/kaggle/input/datasets/maryemmahmood/glyph2025/Glyph2025/m23/230017_m23.png,M23,True,23,17,78
/kaggle/input/datasets/maryemmahmood/glyph2025/Glyph2025/n35/050336_n35.png,N35,True,5,336,94
/kaggle/input/datasets/maryemmahmood/glyph2025/Glyph2025/g43/g43_173.png,G43,False,-1,-1,60
/kaggle/input/datasets/maryemmahmood/glyph2025/Glyph2025/n35/090210_n35.png,N35,True,9,210,94
/kaggle/input/datasets/maryemmahmood/glyph2025/Glyph2025/m23/m23_95.png,M23,False,-1,-1,78
/kaggle/input/datasets/maryemmahmood/glyph2025/Glyph2025/m17/m17_17.png,M17,False,-1,-1,73
/kaggle/input/datasets/maryemmahmood/glyph2025/Glyph2025/x1/x1_50.png,X1,False,-1,-1,160
/kaggle/input/datasets/maryemmahmood/glyph2025/Glyph2025/a30/a30_12.png,A30,False,-1,-1,5
/kaggle/input/datasets/maryemmahmood/glyph2025/Glyph2025/g43/g43_97.jpg,G43,False,-1,-1,60
/kaggle/input/datasets/maryemmahmood/glyph2025/Glyph2025/i9/390103_i9.png,I9,True,39,103,68
/kaggle/input/datasets/maryemmahmood/glyph2025/Glyph2025/z1/390338_z1.png,Z1,True,39,338,168
/kaggle/input/datasets/maryemmahmood/glyph2025/Glyph2025/d56/d56_4.png,D56,False,-1,-1,27
/kaggle/input/datasets/maryemmahmood/glyph2025/Glyph2025/g1/220045_g1.png,G1,True,22,45,49
/kaggle/input/datasets/maryemmahmood/glyph2025/Glyph2025/g43/050183_g43.png,G43,True,5,183,60
/kaggle/input/datasets/maryemmahmood/glyph2025/Glyph2025/d36/d36_149.png,D36,False,-1,-1,17
/kaggle/input/datasets/maryemmahmood/glyph2025/Glyph2025/x1/x1_14.png,X1,False,-1,-1,160
/kaggle/input/datasets/maryemmahmood/glyph2025/Glyph2025/d36/d36_138.png,D36,False,-1,-1,17
/kaggle/input/datasets/maryemmahmood/glyph2025/Glyph2025/d4/d4_83.png,D4,False,-1,-1,20
/kaggle/input/datasets/maryemmahmood/glyph2025/Glyph2025/d4/d4_11.png,D4,False,-1,-1,20
/kaggle/input/datasets/maryemmahmood/glyph2025/Glyph2025/y1/y1_112.jpg,Y1,False,-1,-1,163
/kaggle/input/datasets/maryemmahmood/glyph2025/Glyph2025/q2/q2_1.png,Q2,False,-1,-1,112
/kaggle/input/datasets/maryemmahmood/glyph2025/Glyph2025/i9/i9_110.png,I9,False,-1,-1,68
/kaggle/input/datasets/maryemmahmood/glyph2025/Glyph2025/d52/220258_d52.png,D52,True,22,258,24
/kaggle/input/datasets/maryemmahmood/glyph2025/Glyph2025/i9/410191_i9.png,I9,True,41,191,68
/kaggle/input/datasets/maryemmahmood/glyph2025/Glyph2025/m17/210194_m17.png,M17,True,21,194,73
/kaggle/input/datasets/maryemmahmood/glyph2025/Glyph2025/v28/v28_30.jpg,V28,False,-1,-1,142
/kaggle/input/datasets/maryemmahmood/glyph2025/Glyph2025/d4/d4_180.jpg,D4,False,-1,-1,20
/kaggle/input/datasets/maryemmahmood/glyph2025/Glyph2025/d46/d46_27.png,D46,False,-1,-1,23
/kaggle/input/datasets/maryemmahmood/glyph2025/Glyph2025/z1/z1_25.png,Z1,False,-1,-1,168
/kaggle/input/datasets/maryemmahmood/glyph2025/Glyph2025/d21/d21_122.png,D21,False,-1,-1,14
/kaggle/input/datasets/maryemmahmood/glyph2025/Glyph2025/o50/390062_o50.png,O50,True,39,62,106
/kaggle/input/datasets/maryemmahmood/glyph2025/Glyph2025/q3/q3_64.jpg,Q3,False,-1,-1,113
/kaggle/input/datasets/maryemmahmood/glyph2025/Glyph2025/g43/g43_151.png,G43,False,-1,-1,60
/kaggle/input/datasets/maryemmahmood/glyph2025/Glyph2025/f39/f39_16.jpg,F39,False,-1,-1,47
/kaggle/input/datasets/maryemmahmood/glyph2025/Glyph2025/i15/i15_3.png,I15,False,-1,-1,67
/kaggle/input/datasets/maryemmahmood/glyph2025/Glyph2025/v28/v28_168.jpg,V28,False,-1,-1,142
/kaggle/input/datasets/maryemmahmood/glyph2025/Glyph2025/d21/220027_d21.png,D21,True,22,27,14
/kaggle/input/datasets/maryemmahmood/glyph2025/Glyph2025/n25/n25_30.png,N25,False,-1,-1,88
/kaggle/input/datasets/maryemmahmood/glyph2025/Glyph2025/v30/v30_4.png,V30,False,-1,-1,144
/kaggle/input/datasets/maryemmahmood/glyph2025/Glyph2025/m23/m23_53.jpg,M23,False,-1,-1,78
/kaggle/input/datasets/maryemmahmood/glyph2025/Glyph2025/n35/220431_n35.png,N35,True,22,431,94
/kaggle/input/datasets/maryemmahmood/glyph2025/Glyph2025/d46/090301_d46.png,D46,True,9,301,23
/kaggle/input/datasets/maryemmahmood/glyph2025/Glyph2025/s29/s29_176.png,S29,False,-1,-1,124
/kaggle/input/datasets/maryemmahmood/glyph2025/Glyph2025/w24/w24_34.png,W24,False,-1,-1,157
/kaggle/input/datasets/maryemmahmood/glyph2025/Glyph2025/u7/u7_70.jpg,U7,False,-1,-1,137
/kaggle/input/datasets/maryemmahmood/glyph2025/Glyph2025/n35/220029_n35.png,N35,True,22,29,94
/kaggle/input/datasets/maryemmahmood/glyph2025/Glyph2025/s29/s29_143.png,S29,False,-1,-1,124
/kaggle/input/datasets/maryemmahmood/glyph2025/Glyph2025/i9/i9_301.png,I9,False,-1,-1,68
/kaggle/input/datasets/maryemmahmood/glyph2025/Glyph2025/v30/v30_231.png,V30,False,-1,-1,144
/kaggle/input/datasets/maryemmahmood/glyph2025/Glyph2025/d4/d4_6.jpg,D4,False,-1,-1,20
/kaggle/input/datasets/maryemmahmood/glyph2025/Glyph2025/i9/i9_170.png,I9,False,-1,-1,68
/kaggle/input/datasets/maryemmahmood/glyph2025/Glyph2025/q1/390399_q1.png,Q1,True,39,399,111
/kaggle/input/datasets/maryemmahmood/glyph2025/Glyph2025/n1/n1_33.jpg,N1,False,-1,-1,83
/kaggle/input/datasets/maryemmahmood/glyph2025/Glyph2025/n35/n35_127.png,N35,False,-1,-1,94
/kaggle/input/datasets/maryemmahmood/glyph2025/Glyph2025/b1/b1_3.jpg,B1,False,-1,-1,11
/kaggle/input/datasets/maryemmahmood/glyph2025/Glyph2025/n35/n35_305.png,N35,False,-1,-1,94
/kaggle/input/datasets/maryemmahmood/glyph2025/Glyph2025/i9/220012_i9.png,I9,True,22,12,68
/kaggle/input/datasets/maryemmahmood/glyph2025/Glyph2025/x1/x1_399.jpg,X1,False,-1,-1,160
/kaggle/input/datasets/maryemmahmood/glyph2025/Glyph2025/v13/030303_v13.png,V13,True,3,303,140
/kaggle/input/datasets/maryemmahmood/glyph2025/Glyph2025/n35/050431_n35.png,N35,True,5,431,94
/kaggle/input/datasets/maryemmahmood/glyph2025/Glyph2025/d21/d21_330.png,D21,False,-1,-1,14
/kaggle/input/datasets/maryemmahmood/glyph2025/Glyph2025/n37/090263_n37.png,N37,True,9,263,96
/kaggle/input/datasets/maryemmahmood/glyph2025/Glyph2025/d36/410031_d36.png,D36,True,41,31,17
/kaggle/input/datasets/maryemmahmood/glyph2025/Glyph2025/i10/030133_i10.png,I10,True,3,133,66
/kaggle/input/datasets/maryemmahmood/glyph2025/Glyph2025/d28/d28_11.png,D28,False,-1,-1,15
/kaggle/input/datasets/maryemmahmood/glyph2025/Glyph2025/f32/030285_f32.png,F32,True,3,285,44
/kaggle/input/datasets/maryemmahmood/glyph2025/Glyph2025/i9/050433_i9.png,I9,True,5,433,68
/kaggle/input/datasets/maryemmahmood/glyph2025/Glyph2025/d55/d55_54.png,D55,False,-1,-1,26
/kaggle/input/datasets/maryemmahmood/glyph2025/Glyph2025/e1/e1_5.png,E1,False,-1,-1,30
/kaggle/input/datasets/maryemmahmood/glyph2025/Glyph2025/i9/i9_105.png,I9,False,-1,-1,68
/kaggle/input/datasets/maryemmahmood/glyph2025/Glyph2025/i10/i10_28.png,I10,False,-1,-1,66
/kaggle/input/datasets/maryemmahmood/glyph2025/Glyph2025/y2/y2_7.jpg,Y2,False,-1,-1,164
/kaggle/input/datasets/maryemmahmood/glyph2025/Glyph2025/d46/d46_5.jpg,D46,False,-1,-1,23
/kaggle/input/datasets/maryemmahmood/glyph2025/Glyph2025/n35/n35_322.png,N35,False,-1,-1,94
/kaggle/input/datasets/maryemmahmood/glyph2025/Glyph2025/d46/d46_26.png,D46,False,-1,-1,23
/kaggle/input/datasets/maryemmahmood/glyph2025/Glyph2025/g43/g43_154.png,G43,False,-1,-1,60
/kaggle/input/datasets/maryemmahmood/glyph2025/Glyph2025/y2/y2_2.jpg,Y2,False,-1,-1,164
/kaggle/input/datasets/maryemmahmood/glyph2025/Glyph2025/s29/220148_s29.png,S29,True,22,148,124
/kaggle/input/datasets/maryemmahmood/glyph2025/Glyph2025/n35/410272_n35.png,N35,True,41,272,94
/kaggle/input/datasets/maryemmahmood/glyph2025/Glyph2025/y3/y3_7.png,Y3,False,-1,-1,165
/kaggle/input/datasets/maryemmahmood/glyph2025/Glyph2025/v13/200018_v13.png,V13,True,20,18,140
/kaggle/input/datasets/maryemmahmood/glyph2025/Glyph2025/v30/200180_v30.png,V30,True,20,180,144
/kaggle/input/datasets/maryemmahmood/glyph2025/Glyph2025/g14/g14_19.jpg,G14,False,-1,-1,50
/kaggle/input/datasets/maryemmahmood/glyph2025/Glyph2025/d60/050019_d60.png,D60,True,5,19,29
/kaggle/input/datasets/maryemmahmood/glyph2025/Glyph2025/m23/220385_m23.png,M23,True,22,385,78
/kaggle/input/datasets/maryemmahmood/glyph2025/Glyph2025/n35/n35_402.png,N35,False,-1,-1,94
/kaggle/input/datasets/maryemmahmood/glyph2025/Glyph2025/d28/d28_20.png,D28,False,-1,-1,15
/kaggle/input/datasets/maryemmahmood/glyph2025/Glyph2025/d28/d28_54.png,D28,False,-1,-1,15
/kaggle/input/datasets/maryemmahmood/glyph2025/Glyph2025/d21/200373_d21.png,D21,True,20,373,14
/kaggle/input/datasets/maryemmahmood/glyph2025/Glyph2025/v30/v30_144.png,V30,False,-1,-1,144
/kaggle/input/datasets/maryemmahmood/glyph2025/Glyph2025/x1/030049_x1.png,X1,True,3,49,160
/kaggle/input/datasets/maryemmahmood/glyph2025/Glyph2025/f4/f4_15.png,F4,False,-1,-1,48
/kaggle/input/datasets/maryemmahmood/glyph2025/Glyph2025/i9/i9_118.jpg,I9,False,-1,-1,68
/kaggle/input/datasets/maryemmahmood/glyph2025/Glyph2025/m23/390259_m23.png,M23,True,39,259,78
/kaggle/input/datasets/maryemmahmood/glyph2025/Glyph2025/s40/s40_24.png,S40,False,-1,-1,128
/kaggle/input/datasets/maryemmahmood/glyph2025/Glyph2025/v10/v10_3.jpg,V10,False,-1,-1,139
/kaggle/input/datasets/maryemmahmood/glyph2025/Glyph2025/g43/410043_g43.png,G43,True,41,43,60
/kaggle/input/datasets/maryemmahmood/glyph2025/Glyph2025/q3/q3_126.png,Q3,False,-1,-1,113
/kaggle/input/datasets/maryemmahmood/glyph2025/Glyph2025/m17/m17_284.png,M17,False,-1,-1,73
/kaggle/input/datasets/maryemmahmood/glyph2025/Glyph2025/m17/m17_261.png,M17,False,-1,-1,73
/kaggle/input/datasets/maryemmahmood/glyph2025/Glyph2025/i9/i9_52.png,I9,False,-1,-1,68
/kaggle/input/datasets/maryemmahmood/glyph2025/Glyph2025/o1/o1_24.png,O1,False,-1,-1,100
/kaggle/input/datasets/maryemmahmood/glyph2025/Glyph2025/s29/s29_138.png,S29,False,-1,-1,124
/kaggle/input/datasets/maryemmahmood/glyph2025/Glyph2025/n35/n35_277.png,N35,False,-1,-1,94
/kaggle/input/datasets/maryemmahmood/glyph2025/Glyph2025/q3/q3_13.png,Q3,False,-1,-1,113
/kaggle/input/datasets/maryemmahmood/glyph2025/Glyph2025/g36/220201_g36.png,G36,True,22,201,54
/kaggle/input/datasets/maryemmahmood/glyph2025/Glyph2025/o1/o1_142.png,O1,False,-1,-1,100
/kaggle/input/datasets/maryemmahmood/glyph2025/Glyph2025/e16/e16_4.png,E16,False,-1,-1,32
/kaggle/input/datasets/maryemmahmood/glyph2025/Glyph2025/m17/m17_311.png,M17,False,-1,-1,73
/kaggle/input/datasets/maryemmahmood/glyph2025/Glyph2025/o34/o34_68.png,O34,False,-1,-1,103
/kaggle/input/datasets/maryemmahmood/glyph2025/Glyph2025/m12/m12_76.png,M12,False,-1,-1,71
/kaggle/input/datasets/maryemmahmood/glyph2025/Glyph2025/d37/d37_60.jpg,D37,False,-1,-1,18
/kaggle/input/datasets/maryemmahmood/glyph2025/Glyph2025/v28/v28_1.png,V28,False,-1,-1,142
/kaggle/input/datasets/maryemmahmood/glyph2025/Glyph2025/v1/v1_30.png,V1,False,-1,-1,138
/kaggle/input/datasets/maryemmahmood/glyph2025/Glyph2025/n37/050257_n37.png,N37,True,5,257,96
/kaggle/input/datasets/maryemmahmood/glyph2025/Glyph2025/n31/230210_n31.png,N31,True,23,210,91
/kaggle/input/datasets/maryemmahmood/glyph2025/Glyph2025/d4/d4_72.png,D4,False,-1,-1,20
/kaggle/input/datasets/maryemmahmood/glyph2025/Glyph2025/d36/030183_d36.png,D36,True,3,183,17
/kaggle/input/datasets/maryemmahmood/glyph2025/Glyph2025/x8/x8_50.jpg,X8,False,-1,-1,162
/kaggle/input/datasets/maryemmahmood/glyph2025/Glyph2025/m17/m17_209.png,M17,False,-1,-1,73
/kaggle/input/datasets/maryemmahmood/glyph2025/Glyph2025/v28/v28_74.png,V28,False,-1,-1,142
/kaggle/input/datasets/maryemmahmood/glyph2025/Glyph2025/m17/m17_265.png,M17,False,-1,-1,73
/kaggle/input/datasets/maryemmahmood/glyph2025/Glyph2025/f31/f31_69.png,F31,False,-1,-1,43
/kaggle/input/datasets/maryemmahmood/glyph2025/Glyph2025/q3/q3_34.png,Q3,False,-1,-1,113
/kaggle/input/datasets/maryemmahmood/glyph2025/Glyph2025/d55/d55_40.png,D55,False,-1,-1,26
/kaggle/input/datasets/maryemmahmood/glyph2025/Glyph2025/m17/220346_m17.png,M17,True,22,346,73
/kaggle/input/datasets/maryemmahmood/glyph2025/Glyph2025/x1/x1_262.png,X1,False,-1,-1,160
/kaggle/input/datasets/maryemmahmood/glyph2025/Glyph2025/d54/d54_13.png,D54,False,-1,-1,25
/kaggle/input/datasets/maryemmahmood/glyph2025/Glyph2025/n33/n33_32.jpg,N33,False,-1,-1,92
/kaggle/input/datasets/maryemmahmood/glyph2025/Glyph2025/r4/r4_20.jpg,R4,False,-1,-1,116
/kaggle/input/datasets/maryemmahmood/glyph2025/Glyph2025/x1/x1_324.png,X1,False,-1,-1,160
/kaggle/input/datasets/maryemmahmood/glyph2025/Glyph2025/d28/d28_60.png,D28,False,-1,-1,15
/kaggle/input/datasets/maryemmahmood/glyph2025/Glyph2025/o1/o1_134.jpg,O1,False,-1,-1,100
/kaggle/input/datasets/maryemmahmood/glyph2025/Glyph2025/a2/a2_5.jpg,A2,False,-1,-1,3
/kaggle/input/datasets/maryemmahmood/glyph2025/Glyph2025/n35/n35_372.png,N35,False,-1,-1,94
/kaggle/input/datasets/maryemmahmood/glyph2025/Glyph2025/n35/090312_n35.png,N35,True,9,312,94
/kaggle/input/datasets/maryemmahmood/glyph2025/Glyph2025/v31/090278_v31.png,V31,True,9,278,145
/kaggle/input/datasets/maryemmahmood/glyph2025/Glyph2025/d21/d21_46.png,D21,False,-1,-1,14
/kaggle/input/datasets/maryemmahmood/glyph2025/Glyph2025/m17/m17_430.jpg,M17,False,-1,-1,73
/kaggle/input/datasets/maryemmahmood/glyph2025/Glyph2025/n35/090177_n35.png,N35,True,9,177,94
/kaggle/input/datasets/maryemmahmood/glyph2025/Glyph2025/r4/r4_91.png,R4,False,-1,-1,116
/kaggle/input/datasets/maryemmahmood/glyph2025/Glyph2025/v30/220361_v30.png,V30,True,22,361,144
/kaggle/input/datasets/maryemmahmood/glyph2025/Glyph2025/i9/i9_98.jpg,I9,False,-1,-1,68
/kaggle/input/datasets/maryemmahmood/glyph2025/Glyph2025/n37/230226_n37.png,N37,True,23,226,96
/kaggle/input/datasets/maryemmahmood/glyph2025/Glyph2025/g43/200318_g43.png,G43,True,20,318,60
/kaggle/input/datasets/maryemmahmood/glyph2025/Glyph2025/r8/r8_41.png,R8,False,-1,-1,118
/kaggle/input/datasets/maryemmahmood/glyph2025/Glyph2025/n35/n35_279.png,N35,False,-1,-1,94
/kaggle/input/datasets/maryemmahmood/glyph2025/Glyph2025/u23/u23_16.png,U23,False,-1,-1,134
/kaggle/input/datasets/maryemmahmood/glyph2025/Glyph2025/n35/n35_486.jpg,N35,False,-1,-1,94
/kaggle/input/datasets/maryemmahmood/glyph2025/Glyph2025/u7/u7_19.png,U7,False,-1,-1,137
/kaggle/input/datasets/maryemmahmood/glyph2025/Glyph2025/v13/v13_72.png,V13,False,-1,-1,140
/kaggle/input/datasets/maryemmahmood/glyph2025/Glyph2025/d35/d35_26.png,D35,False,-1,-1,16
/kaggle/input/datasets/maryemmahmood/glyph2025/Glyph2025/r8/r8_155.png,R8,False,-1,-1,118
/kaggle/input/datasets/maryemmahmood/glyph2025/Glyph2025/z1/390340_z1.png,Z1,True,39,340,168
/kaggle/input/datasets/maryemmahmood/glyph2025/Glyph2025/v30/v30_115.png,V30,False,-1,-1,144
/kaggle/input/datasets/maryemmahmood/glyph2025/Glyph2025/d21/d21_80.jpg,D21,False,-1,-1,14
/kaggle/input/datasets/maryemmahmood/glyph2025/Glyph2025/q3/390307_q3.png,Q3,True,39,307,113
/kaggle/input/datasets/maryemmahmood/glyph2025/Glyph2025/g17/050164_g17.png,G17,True,5,164,51
/kaggle/input/datasets/maryemmahmood/glyph2025/Glyph2025/g17/090274_g17.png,G17,True,9,274,51
/kaggle/input/datasets/maryemmahmood/glyph2025/Glyph2025/n35/n35_539.png,N35,False,-1,-1,94
/kaggle/input/datasets/maryemmahmood/glyph2025/Glyph2025/s34/s34_7.png,S34,False,-1,-1,126
/kaggle/input/datasets/maryemmahmood/glyph2025/Glyph2025/v30/v30_166.png,V30,False,-1,-1,144
/kaggle/input/datasets/maryemmahmood/glyph2025/Glyph2025/i10/i10_48.png,I10,False,-1,-1,66
/kaggle/input/datasets/maryemmahmood/glyph2025/Glyph2025/g43/g43_130.jpg,G43,False,-1,-1,60
/kaggle/input/datasets/maryemmahmood/glyph2025/Glyph2025/f13/390344_f13.png,F13,True,39,344,39
/kaggle/input/datasets/maryemmahmood/glyph2025/Glyph2025/e34/e34_8.png,E34,False,-1,-1,34
/kaggle/input/datasets/maryemmahmood/glyph2025/Glyph2025/v7/v7_13.png,V7,False,-1,-1,148
/kaggle/input/datasets/maryemmahmood/glyph2025/Glyph2025/n35/410199_n35.png,N35,True,41,199,94
/kaggle/input/datasets/maryemmahmood/glyph2025/Glyph2025/n35/n35_39.png,N35,False,-1,-1,94
/kaggle/input/datasets/maryemmahmood/glyph2025/Glyph2025/m23/m23_130.png,M23,False,-1,-1,78
/kaggle/input/datasets/maryemmahmood/glyph2025/Glyph2025/x1/390371_x1.png,X1,True,39,371,160
/kaggle/input/datasets/maryemmahmood/glyph2025/Glyph2025/w24/230077_w24.png,W24,True,23,77,157
/kaggle/input/datasets/maryemmahmood/glyph2025/Glyph2025/n35/n35_220.png,N35,False,-1,-1,94
/kaggle/input/datasets/maryemmahmood/glyph2025/Glyph2025/d21/d21_331.png,D21,False,-1,-1,14
/kaggle/input/datasets/maryemmahmood/glyph2025/Glyph2025/a1/a1_34.jpg,A1,False,-1,-1,0
/kaggle/input/datasets/maryemmahmood/glyph2025/Glyph2025/n35/n35_457.png,N35,False,-1,-1,94
/kaggle/input/datasets/maryemmahmood/glyph2025/Glyph2025/s27/s27_7.jpg,S27,False,-1,-1,122
/kaggle/input/datasets/maryemmahmood/glyph2025/Glyph2025/q1/q1_19.png,Q1,False,-1,-1,111
/kaggle/input/datasets/maryemmahmood/glyph2025/Glyph2025/i10/i10_43.png,I10,False,-1,-1,66
/kaggle/input/datasets/maryemmahmood/glyph2025/Glyph2025/v31/v31_87.png,V31,False,-1,-1,145
/kaggle/input/datasets/maryemmahmood/glyph2025/Glyph2025/m17/220301_m17.png,M17,True,22,301,73
/kaggle/input/datasets/maryemmahmood/glyph2025/Glyph2025/b1/b1_10.png,B1,False,-1,-1,11
/kaggle/input/datasets/maryemmahmood/glyph2025/Glyph2025/e34/210131_e34.png,E34,True,21,131,34
/kaggle/input/datasets/maryemmahmood/glyph2025/Glyph2025/d37/d37_7.jpg,D37,False,-1,-1,18
/kaggle/input/datasets/maryemmahmood/glyph2025/Glyph2025/g35/030381_g35.png,G35,True,3,381,53
/kaggle/input/datasets/maryemmahmood/glyph2025/Glyph2025/m23/m23_116.png,M23,False,-1,-1,78
/kaggle/input/datasets/maryemmahmood/glyph2025/Glyph2025/f35/f35_157.jpg,F35,False,-1,-1,46
/kaggle/input/datasets/maryemmahmood/glyph2025/Glyph2025/d21/d21_57.png,D21,False,-1,-1,14
/kaggle/input/datasets/maryemmahmood/glyph2025/Glyph2025/n35/n35_29.png,N35,False,-1,-1,94
/kaggle/input/datasets/maryemmahmood/glyph2025/Glyph2025/m17/m17_234.png,M17,False,-1,-1,73
/kaggle/input/datasets/maryemmahmood/glyph2025/Glyph2025/m17/m17_155.png,M17,False,-1,-1,73
/kaggle/input/datasets/maryemmahmood/glyph2025/Glyph2025/d21/d21_87.png,D21,False,-1,-1,14
/kaggle/input/datasets/maryemmahmood/glyph2025/Glyph2025/x1/220427_x1.png,X1,True,22,427,160
/kaggle/input/datasets/maryemmahmood/glyph2025/Glyph2025/d37/d37_101.png,D37,False,-1,-1,18
/kaggle/input/datasets/maryemmahmood/glyph2025/Glyph2025/m17/m17_360.png,M17,False,-1,-1,73
/kaggle/input/datasets/maryemmahmood/glyph2025/Glyph2025/y1/y1_104.png,Y1,False,-1,-1,163
/kaggle/input/datasets/maryemmahmood/glyph2025/Glyph2025/x1/x1_123.jpg,X1,False,-1,-1,160
/kaggle/input/datasets/maryemmahmood/glyph2025/Glyph2025/d21/220352_d21.png,D21,True,22,352,14
/kaggle/input/datasets/maryemmahmood/glyph2025/Glyph2025/x1/230020_x1.png,X1,True,23,20,160
/kaggle/input/datasets/maryemmahmood/glyph2025/Glyph2025/g17/390357_g17.png,G17,True,39,357,51
/kaggle/input/datasets/maryemmahmood/glyph2025/Glyph2025/x8/x8_74.png,X8,False,-1,-1,162
/kaggle/input/datasets/maryemmahmood/glyph2025/Glyph2025/s3/s3_19.png,S3,False,-1,-1,125
/kaggle/input/datasets/maryemmahmood/glyph2025/Glyph2025/g1/090036_g1.png,G1,True,9,36,49
/kaggle/input/datasets/maryemmahmood/glyph2025/Glyph2025/v28/v28_90.png,V28,False,-1,-1,142
/kaggle/input/datasets/maryemmahmood/glyph2025/Glyph2025/e23/200309_e23.png,E23,True,20,309,33
/kaggle/input/datasets/maryemmahmood/glyph2025/Glyph2025/q1/q1_145.png,Q1,False,-1,-1,111
/kaggle/input/datasets/maryemmahmood/glyph2025/Glyph2025/o49/o49_81.png,O49,False,-1,-1,105
/kaggle/input/datasets/maryemmahmood/glyph2025/Glyph2025/x1/x1_147.png,X1,False,-1,-1,160
/kaggle/input/datasets/maryemmahmood/glyph2025/Glyph2025/o1/o1_11.jpg,O1,False,-1,-1,100
/kaggle/input/datasets/maryemmahmood/glyph2025/Glyph2025/w17/w17_30.png,W17,False,-1,-1,152
/kaggle/input/datasets/maryemmahmood/glyph2025/Glyph2025/v31/v31_93.png,V31,False,-1,-1,145
/kaggle/input/datasets/maryemmahmood/glyph2025/Glyph2025/a1/a1_89.jpg,A1,False,-1,-1,0
/kaggle/input/datasets/maryemmahmood/glyph2025/Glyph2025/w17/w17_34.png,W17,False,-1,-1,152
/kaggle/input/datasets/maryemmahmood/glyph2025/Glyph2025/q1/q1_59.png,Q1,False,-1,-1,111
/kaggle/input/datasets/maryemmahmood/glyph2025/Glyph2025/d37/d37_32.png,D37,False,-1,-1,18
/kaggle/input/datasets/maryemmahmood/glyph2025/Glyph2025/x8/x8_87.jpg,X8,False,-1,-1,162
/kaggle/input/datasets/maryemmahmood/glyph2025/Glyph2025/a1/a1_40.jpg,A1,False,-1,-1,0
/kaggle/input/datasets/maryemmahmood/glyph2025/Glyph2025/d28/d28_89.jpg,D28,False,-1,-1,15
/kaggle/input/datasets/maryemmahmood/glyph2025/Glyph2025/v28/v28_122.png,V28,False,-1,-1,142
/kaggle/input/datasets/maryemmahmood/glyph2025/Glyph2025/f31/f31_61.png,F31,False,-1,-1,43
/kaggle/input/datasets/maryemmahmood/glyph2025/Glyph2025/x8/x8_128.png,X8,False,-1,-1,162
/kaggle/input/datasets/maryemmahmood/glyph2025/Glyph2025/i10/i10_12.png,I10,False,-1,-1,66
/kaggle/input/datasets/maryemmahmood/glyph2025/Glyph2025/x1/x1_248.png,X1,False,-1,-1,160
/kaggle/input/datasets/maryemmahmood/glyph2025/Glyph2025/g37/390297_g37.png,G37,True,39,297,55
/kaggle/input/datasets/maryemmahmood/glyph2025/Glyph2025/f1/f1_50.png,F1,False,-1,-1,37
/kaggle/input/datasets/maryemmahmood/glyph2025/Glyph2025/m42/m42_2.jpg,M42,False,-1,-1,81
/kaggle/input/datasets/maryemmahmood/glyph2025/Glyph2025/v31/v31_38.jpg,V31,False,-1,-1,145
/kaggle/input/datasets/maryemmahmood/glyph2025/Glyph2025/m17/m17_110.jpg,M17,False,-1,-1,73
/kaggle/input/datasets/maryemmahmood/glyph2025/Glyph2025/r8/r8_2.jpg,R8,False,-1,-1,118
/kaggle/input/datasets/maryemmahmood/glyph2025/Glyph2025/r11/r11_23.png,R11,False,-1,-1,114
/kaggle/input/datasets/maryemmahmood/glyph2025/Glyph2025/g4/230029_g4.png,G4,True,23,29,58
/kaggle/input/datasets/maryemmahmood/glyph2025/Glyph2025/h6/h6_32.png,H6,False,-1,-1,63
/kaggle/input/datasets/maryemmahmood/glyph2025/Glyph2025/d37/d37_48.png,D37,False,-1,-1,18
/kaggle/input/datasets/maryemmahmood/glyph2025/Glyph2025/h1/h1_15.png,H1,False,-1,-1,62
/kaggle/input/datasets/maryemmahmood/glyph2025/Glyph2025/t22/t22_1.png,T22,False,-1,-1,130
/kaggle/input/datasets/maryemmahmood/glyph2025/Glyph2025/q1/q1_88.png,Q1,False,-1,-1,111
/kaggle/input/datasets/maryemmahmood/glyph2025/Glyph2025/d60/d60_13.png,D60,False,-1,-1,29
/kaggle/input/datasets/maryemmahmood/glyph2025/Glyph2025/u7/u7_4.png,U7,False,-1,-1,137
/kaggle/input/datasets/maryemmahmood/glyph2025/Glyph2025/d36/d36_130.png,D36,False,-1,-1,17
/kaggle/input/datasets/maryemmahmood/glyph2025/Glyph2025/q1/050114_q1.png,Q1,True,5,114,111
/kaggle/input/datasets/maryemmahmood/glyph2025/Glyph2025/n35/220307_n35.png,N35,True,22,307,94
/kaggle/input/datasets/maryemmahmood/glyph2025/Glyph2025/u23/u23_23.png,U23,False,-1,-1,134
/kaggle/input/datasets/maryemmahmood/glyph2025/Glyph2025/q3/q3_40.png,Q3,False,-1,-1,113
/kaggle/input/datasets/maryemmahmood/glyph2025/Glyph2025/x1/x1_289.png,X1,False,-1,-1,160
/kaggle/input/datasets/maryemmahmood/glyph2025/Glyph2025/d21/050306_d21.png,D21,True,5,306,14
/kaggle/input/datasets/maryemmahmood/glyph2025/Glyph2025/s19/s19_2.jpg,S19,False,-1,-1,119
/kaggle/input/datasets/maryemmahmood/glyph2025/Glyph2025/v13/v13_12.png,V13,False,-1,-1,140
/kaggle/input/datasets/maryemmahmood/glyph2025/Glyph2025/a2/a2_6.jpg,A2,False,-1,-1,3
/kaggle/input/datasets/maryemmahmood/glyph2025/Glyph2025/z1/390119_z1.png,Z1,True,39,119,168
/kaggle/input/datasets/maryemmahmood/glyph2025/Glyph2025/d37/d37_4.jpg,D37,False,-1,-1,18
/kaggle/input/datasets/maryemmahmood/glyph2025/Glyph2025/f4/410367_f4.png,F4,True,41,367,48
/kaggle/input/datasets/maryemmahmood/glyph2025/Glyph2025/n1/n1_8.jpg,N1,False,-1,-1,83
/kaggle/input/datasets/maryemmahmood/glyph2025/Glyph2025/r8/r8_124.png,R8,False,-1,-1,118
/kaggle/input/datasets/maryemmahmood/glyph2025/Glyph2025/n33/n33_2.png,N33,False,-1,-1,92
/kaggle/input/datasets/maryemmahmood/glyph2025/Glyph2025/s34/s34_23.png,S34,False,-1,-1,126
/kaggle/input/datasets/maryemmahmood/glyph2025/Glyph2025/g17/g17_10.jpg,G17,False,-1,-1,51
/kaggle/input/datasets/maryemmahmood/glyph2025/Glyph2025/s34/s34_16.png,S34,False,-1,-1,126
/kaggle/input/datasets/maryemmahmood/glyph2025/Glyph2025/h6/230131_h6.png,H6,True,23,131,63
/kaggle/input/datasets/maryemmahmood/glyph2025/Glyph2025/i9/i9_266.png,I9,False,-1,-1,68
/kaggle/input/datasets/maryemmahmood/glyph2025/Glyph2025/o4/390323_o4.png,O4,True,39,323,104
/kaggle/input/datasets/maryemmahmood/glyph2025/Glyph2025/y5/y5_47.png,Y5,False,-1,-1,167
/kaggle/input/datasets/maryemmahmood/glyph2025/Glyph2025/x1/x1_326.png,X1,False,-1,-1,160
/kaggle/input/datasets/maryemmahmood/glyph2025/Glyph2025/n35/n35_340.png,N35,False,-1,-1,94
/kaggle/input/datasets/maryemmahmood/glyph2025/Glyph2025/a40/a40_54.png,A40,False,-1,-1,6
/kaggle/input/datasets/maryemmahmood/glyph2025/Glyph2025/m17/200151_m17.png,M17,True,20,151,73
/kaggle/input/datasets/maryemmahmood/glyph2025/Glyph2025/d45/d45_7.png,D45,False,-1,-1,22
/kaggle/input/datasets/maryemmahmood/glyph2025/Glyph2025/m2/m2_2.png,M2,False,-1,-1,75
/kaggle/input/datasets/maryemmahmood/glyph2025/Glyph2025/l1/l1_6.jpg,L1,False,-1,-1,69
/kaggle/input/datasets/maryemmahmood/glyph2025/Glyph2025/s24/s24_8.png,S24,False,-1,-1,121
/kaggle/input/datasets/maryemmahmood/glyph2025/Glyph2025/m23/m23_114.png,M23,False,-1,-1,78
/kaggle/input/datasets/maryemmahmood/glyph2025/Glyph2025/v1/v1_20.png,V1,False,-1,-1,138
/kaggle/input/datasets/maryemmahmood/glyph2025/Glyph2025/d4/d4_148.png,D4,False,-1,-1,20
/kaggle/input/datasets/maryemmahmood/glyph2025/Glyph2025/q3/q3_36.jpg,Q3,False,-1,-1,113
/kaggle/input/datasets/maryemmahmood/glyph2025/Glyph2025/d36/d36_144.png,D36,False,-1,-1,17
/kaggle/input/datasets/maryemmahmood/glyph2025/Glyph2025/w24/390223_w24.png,W24,True,39,223,157
/kaggle/input/datasets/maryemmahmood/glyph2025/Glyph2025/x1/x1_342.png,X1,False,-1,-1,160
/kaggle/input/datasets/maryemmahmood/glyph2025/Glyph2025/m17/210356_m17.png,M17,True,21,356,73
/kaggle/input/datasets/maryemmahmood/glyph2025/Glyph2025/q1/q1_129.png,Q1,False,-1,-1,111
/kaggle/input/datasets/maryemmahmood/glyph2025/Glyph2025/o4/o4_31.jpg,O4,False,-1,-1,104
/kaggle/input/datasets/maryemmahmood/glyph2025/Glyph2025/n35/n35_391.png,N35,False,-1,-1,94
/kaggle/input/datasets/maryemmahmood/glyph2025/Glyph2025/d4/d4_156.png,D4,False,-1,-1,20
/kaggle/input/datasets/maryemmahmood/glyph2025/Glyph2025/q3/090180_q3.png,Q3,True,9,180,113
/kaggle/input/datasets/maryemmahmood/glyph2025/Glyph2025/n35/220371_n35.png,N35,True,22,371,94
/kaggle/input/datasets/maryemmahmood/glyph2025/Glyph2025/s29/s29_172.png,S29,False,-1,-1,124
/kaggle/input/datasets/maryemmahmood/glyph2025/Glyph2025/g17/220173_g17.png,G17,True,22,173,51
/kaggle/input/datasets/maryemmahmood/glyph2025/Glyph2025/i9/210209_i9.png,I9,True,21,209,68
/kaggle/input/datasets/maryemmahmood/glyph2025/Glyph2025/d58/d58_33.jpg,D58,False,-1,-1,28
/kaggle/input/datasets/maryemmahmood/glyph2025/Glyph2025/n35/n35_433.png,N35,False,-1,-1,94
/kaggle/input/datasets/maryemmahmood/glyph2025/Glyph2025/d21/030235_d21.png,D21,True,3,235,14
/kaggle/input/datasets/maryemmahmood/glyph2025/Glyph2025/g17/g17_78.png,G17,False,-1,-1,51
/kaggle/input/datasets/maryemmahmood/glyph2025/Glyph2025/x1/050225_x1.png,X1,True,5,225,160
/kaggle/input/datasets/maryemmahmood/glyph2025/Glyph2025/s21/s21_24.png,S21,False,-1,-1,120
/kaggle/input/datasets/maryemmahmood/glyph2025/Glyph2025/g40/g40_7.jpg,G40,False,-1,-1,59
/kaggle/input/datasets/maryemmahmood/glyph2025/Glyph2025/x1/x1_21.png,X1,False,-1,-1,160
/kaggle/input/datasets/maryemmahmood/glyph2025/Glyph2025/v31/220133_v31.png,V31,True,22,133,145
/kaggle/input/datasets/maryemmahmood/glyph2025/Glyph2025/n35/n35_386.png,N35,False,-1,-1,94
/kaggle/input/datasets/maryemmahmood/glyph2025/Glyph2025/n35/200142_n35.png,N35,True,20,142,94
/kaggle/input/datasets/maryemmahmood/glyph2025/Glyph2025/b1/b1_32.png,B1,False,-1,-1,11
/kaggle/input/datasets/maryemmahmood/glyph2025/Glyph2025/m23/m23_146.png,M23,False,-1,-1,78
/kaggle/input/datasets/maryemmahmood/glyph2025/Glyph2025/b1/b1_7.png,B1,False,-1,-1,11
/kaggle/input/datasets/maryemmahmood/glyph2025/Glyph2025/n33/n33_83.png,N33,False,-1,-1,92
/kaggle/input/datasets/maryemmahmood/glyph2025/Glyph2025/n33/n33_20.png,N33,False,-1,-1,92
/kaggle/input/datasets/maryemmahmood/glyph2025/Glyph2025/n35/090395_n35.png,N35,True,9,395,94
/kaggle/input/datasets/maryemmahmood/glyph2025/Glyph2025/d46/410234_d46.png,D46,True,41,234,23
/kaggle/input/datasets/maryemmahmood/glyph2025/Glyph2025/d21/030452_d21.png,D21,True,3,452,14
/kaggle/input/datasets/maryemmahmood/glyph2025/Glyph2025/s29/200221_s29.png,S29,True,20,221,124
/kaggle/input/datasets/maryemmahmood/glyph2025/Glyph2025/m23/m23_135.png,M23,False,-1,-1,78
/kaggle/input/datasets/maryemmahmood/glyph2025/Glyph2025/g43/200258_g43.png,G43,True,20,258,60
/kaggle/input/datasets/maryemmahmood/glyph2025/Glyph2025/v30/v30_177.png,V30,False,-1,-1,144
/kaggle/input/datasets/maryemmahmood/glyph2025/Glyph2025/n35/220327_n35.png,N35,True,22,327,94
/kaggle/input/datasets/maryemmahmood/glyph2025/Glyph2025/m23/m23_161.png,M23,False,-1,-1,78
/kaggle/input/datasets/maryemmahmood/glyph2025/Glyph2025/g17/210171_g17.png,G17,True,21,171,51
/kaggle/input/datasets/maryemmahmood/glyph2025/Glyph2025/i9/220192_i9.png,I9,True,22,192,68
/kaggle/input/datasets/maryemmahmood/glyph2025/Glyph2025/v30/v30_29.png,V30,False,-1,-1,144
/kaggle/input/datasets/maryemmahmood/glyph2025/Glyph2025/d2/d2_84.png,D2,False,-1,-1,13
/kaggle/input/datasets/maryemmahmood/glyph2025/Glyph2025/m12/m12_72.png,M12,False,-1,-1,71
/kaggle/input/datasets/maryemmahmood/glyph2025/Glyph2025/w25/w25_9.jpg,W25,False,-1,-1,158
/kaggle/input/datasets/maryemmahmood/glyph2025/Glyph2025/z11/230288_z11.png,Z11,True,23,288,169
/kaggle/input/datasets/maryemmahmood/glyph2025/Glyph2025/d58/d58_63.jpg,D58,False,-1,-1,28
/kaggle/input/datasets/maryemmahmood/glyph2025/Glyph2025/g17/390015_g17.png,G17,True,39,15,51
/kaggle/input/datasets/maryemmahmood/glyph2025/Glyph2025/i9/030172_i9.png,I9,True,3,172,68
/kaggle/input/datasets/maryemmahmood/glyph2025/Glyph2025/f31/f31_26.png,F31,False,-1,-1,43
/kaggle/input/datasets/maryemmahmood/glyph2025/Glyph2025/f35/f35_74.png,F35,False,-1,-1,46
/kaggle/input/datasets/maryemmahmood/glyph2025/Glyph2025/d21/230166_d21.png,D21,True,23,166,14
/kaggle/input/datasets/maryemmahmood/glyph2025/Glyph2025/d28/d28_46.png,D28,False,-1,-1,15
/kaggle/input/datasets/maryemmahmood/glyph2025/Glyph2025/m17/030442_m17.png,M17,True,3,442,73
/kaggle/input/datasets/maryemmahmood/glyph2025/Glyph2025/g17/050072_g17.png,G17,True,5,72,51
/kaggle/input/datasets/maryemmahmood/glyph2025/Glyph2025/n33/n33_81.png,N33,False,-1,-1,92
/kaggle/input/datasets/maryemmahmood/glyph2025/Glyph2025/f12/f12_13.jpg,F12,False,-1,-1,38
/kaggle/input/datasets/maryemmahmood/glyph2025/Glyph2025/o49/o49_55.jpg,O49,False,-1,-1,105
/kaggle/input/datasets/maryemmahmood/glyph2025/Glyph2025/v30/v30_84.png,V30,False,-1,-1,144
/kaggle/input/datasets/maryemmahmood/glyph2025/Glyph2025/b1/b1_44.jpg,B1,False,-1,-1,11
/kaggle/input/datasets/maryemmahmood/glyph2025/Glyph2025/v6/v6_18.png,V6,False,-1,-1,147
/kaggle/input/datasets/maryemmahmood/glyph2025/Glyph2025/q1/q1_157.png,Q1,False,-1,-1,111
/kaggle/input/datasets/maryemmahmood/glyph2025/Glyph2025/g37/g37_1.png,G37,False,-1,-1,55
/kaggle/input/datasets/maryemmahmood/glyph2025/Glyph2025/n35/090063_n35.png,N35,True,9,63,94
/kaggle/input/datasets/maryemmahmood/glyph2025/Glyph2025/n35/n35_327.png,N35,False,-1,-1,94
/kaggle/input/datasets/maryemmahmood/glyph2025/Glyph2025/r8/r8_63.png,R8,False,-1,-1,118
/kaggle/input/datasets/maryemmahmood/glyph2025/Glyph2025/v31/v31_5.png,V31,False,-1,-1,145
/kaggle/input/datasets/maryemmahmood/glyph2025/Glyph2025/g17/200287_g17.png,G17,True,20,287,51
/kaggle/input/datasets/maryemmahmood/glyph2025/Glyph2025/e1/e1_9.png,E1,False,-1,-1,30
/kaggle/input/datasets/maryemmahmood/glyph2025/Glyph2025/g17/g17_126.jpg,G17,False,-1,-1,51
/kaggle/input/datasets/maryemmahmood/glyph2025/Glyph2025/w18/w18_3.png,W18,False,-1,-1,153
/kaggle/input/datasets/maryemmahmood/glyph2025/Glyph2025/v31/410262_v31.png,V31,True,41,262,145
/kaggle/input/datasets/maryemmahmood/glyph2025/Glyph2025/i9/i9_59.png,I9,False,-1,-1,68
/kaggle/input/datasets/maryemmahmood/glyph2025/Glyph2025/v20/v20_9.jpg,V20,False,-1,-1,141
/kaggle/input/datasets/maryemmahmood/glyph2025/Glyph2025/d37/d37_109.png,D37,False,-1,-1,18
/kaggle/input/datasets/maryemmahmood/glyph2025/Glyph2025/s29/s29_89.png,S29,False,-1,-1,124
/kaggle/input/datasets/maryemmahmood/glyph2025/Glyph2025/x8/x8_102.jpg,X8,False,-1,-1,162
/kaggle/input/datasets/maryemmahmood/glyph2025/Glyph2025/x1/x1_363.png,X1,False,-1,-1,160
/kaggle/input/datasets/maryemmahmood/glyph2025/Glyph2025/g35/030375_g35.png,G35,True,3,375,53
/kaggle/input/datasets/maryemmahmood/glyph2025/Glyph2025/v4/v4_5.jpg,V4,False,-1,-1,146
/kaggle/input/datasets/maryemmahmood/glyph2025/Glyph2025/v30/v30_68.jpg,V30,False,-1,-1,144
/kaggle/input/datasets/maryemmahmood/glyph2025/Glyph2025/w23/w23_6.png,W23,False,-1,-1,156
/kaggle/input/datasets/maryemmahmood/glyph2025/Glyph2025/n35/n35_314.png,N35,False,-1,-1,94
/kaggle/input/datasets/maryemmahmood/glyph2025/Glyph2025/a24/a24_7.jpg,A24,False,-1,-1,4
/kaggle/input/datasets/maryemmahmood/glyph2025/Glyph2025/s29/s29_71.png,S29,False,-1,-1,124
/kaggle/input/datasets/maryemmahmood/glyph2025/Glyph2025/f35/f35_75.png,F35,False,-1,-1,46
/kaggle/input/datasets/maryemmahmood/glyph2025/Glyph2025/f34/200191_f34.png,F34,True,20,191,45
/kaggle/input/datasets/maryemmahmood/glyph2025/Glyph2025/d35/210004_d35.png,D35,True,21,4,16
/kaggle/input/datasets/maryemmahmood/glyph2025/Glyph2025/aa15/aa15_36.png,AA15,False,-1,-1,10
/kaggle/input/datasets/maryemmahmood/glyph2025/Glyph2025/d21/d21_2.png,D21,False,-1,-1,14
/kaggle/input/datasets/maryemmahmood/glyph2025/Glyph2025/n35/090064_n35.png,N35,True,9,64,94
/kaggle/input/datasets/maryemmahmood/glyph2025/Glyph2025/u6/u6_2.png,U6,False,-1,-1,136
/kaggle/input/datasets/maryemmahmood/glyph2025/Glyph2025/n35/n35_244.png,N35,False,-1,-1,94
/kaggle/input/datasets/maryemmahmood/glyph2025/Glyph2025/x1/030187_x1.png,X1,True,3,187,160
/kaggle/input/datasets/maryemmahmood/glyph2025/Glyph2025/o34/o34_4.png,O34,False,-1,-1,103
/kaggle/input/datasets/maryemmahmood/glyph2025/Glyph2025/s34/s34_79.png,S34,False,-1,-1,126
/kaggle/input/datasets/maryemmahmood/glyph2025/Glyph2025/s29/220383_s29.png,S29,True,22,383,124
/kaggle/input/datasets/maryemmahmood/glyph2025/Glyph2025/r11/r11_8.jpg,R11,False,-1,-1,114
/kaggle/input/datasets/maryemmahmood/glyph2025/Glyph2025/n35/n35_152.png,N35,False,-1,-1,94
/kaggle/input/datasets/maryemmahmood/glyph2025/Glyph2025/v7/v7_3.jpg,V7,False,-1,-1,148
/kaggle/input/datasets/maryemmahmood/glyph2025/Glyph2025/r8/410086_r8.png,R8,True,41,86,118
/kaggle/input/datasets/maryemmahmood/glyph2025/Glyph2025/m23/m23_19.png,M23,False,-1,-1,78
/kaggle/input/datasets/maryemmahmood/glyph2025/Glyph2025/v13/v13_9.png,V13,False,-1,-1,140
/kaggle/input/datasets/maryemmahmood/glyph2025/Glyph2025/s29/200106_s29.png,S29,True,20,106,124
/kaggle/input/datasets/maryemmahmood/glyph2025/Glyph2025/x8/x8_25.jpg,X8,False,-1,-1,162
/kaggle/input/datasets/maryemmahmood/glyph2025/Glyph2025/e34/220412_e34.png,E34,True,22,412,34
/kaggle/input/datasets/maryemmahmood/glyph2025/Glyph2025/z1/410104_z1.png,Z1,True,41,104,168
/kaggle/input/datasets/maryemmahmood/glyph2025/Glyph2025/v31/v31_20.png,V31,False,-1,-1,145
/kaggle/input/datasets/maryemmahmood/glyph2025/Glyph2025/f34/390003_f34.png,F34,True,39,3,45
/kaggle/input/datasets/maryemmahmood/glyph2025/Glyph2025/g43/g43_74.png,G43,False,-1,-1,60
/kaggle/input/datasets/maryemmahmood/glyph2025/Glyph2025/u7/u7_43.png,U7,False,-1,-1,137
/kaggle/input/datasets/maryemmahmood/glyph2025/Glyph2025/m17/m17_21.png,M17,False,-1,-1,73
/kaggle/input/datasets/maryemmahmood/glyph2025/Glyph2025/u7/u7_49.png,U7,False,-1,-1,137
/kaggle/input/datasets/maryemmahmood/glyph2025/Glyph2025/n35/210059_n35.png,N35,True,21,59,94
/kaggle/input/datasets/maryemmahmood/glyph2025/Glyph2025/r8/r8_4.png,R8,False,-1,-1,118
/kaggle/input/datasets/maryemmahmood/glyph2025/Glyph2025/g36/g36_34.jpg,G36,False,-1,-1,54
/kaggle/input/datasets/maryemmahmood/glyph2025/Glyph2025/q1/q1_38.png,Q1,False,-1,-1,111
/kaggle/input/datasets/maryemmahmood/glyph2025/Glyph2025/y1/y1_97.png,Y1,False,-1,-1,163
/kaggle/input/datasets/maryemmahmood/glyph2025/Glyph2025/n35/n35_460.jpg,N35,False,-1,-1,94
/kaggle/input/datasets/maryemmahmood/glyph2025/Glyph2025/f4/f4_6.png,F4,False,-1,-1,48
/kaggle/input/datasets/maryemmahmood/glyph2025/Glyph2025/u23/u23_19.png,U23,False,-1,-1,134
/kaggle/input/datasets/maryemmahmood/glyph2025/Glyph2025/d46/050430_d46.png,D46,True,5,430,23
/kaggle/input/datasets/maryemmahmood/glyph2025/Glyph2025/d2/d2_68.png,D2,False,-1,-1,13
/kaggle/input/datasets/maryemmahmood/glyph2025/Glyph2025/r11/r11_25.jpg,R11,False,-1,-1,114
/kaggle/input/datasets/maryemmahmood/glyph2025/Glyph2025/s29/220273_s29.png,S29,True,22,273,124
/kaggle/input/datasets/maryemmahmood/glyph2025/Glyph2025/y1/y1_6.png,Y1,False,-1,-1,163
/kaggle/input/datasets/maryemmahmood/glyph2025/Glyph2025/o1/o1_35.jpg,O1,False,-1,-1,100
/kaggle/input/datasets/maryemmahmood/glyph2025/Glyph2025/d36/d36_22.png,D36,False,-1,-1,17
/kaggle/input/datasets/maryemmahmood/glyph2025/Glyph2025/v30/v30_7.png,V30,False,-1,-1,144
/kaggle/input/datasets/maryemmahmood/glyph2025/Glyph2025/m17/m17_109.png,M17,False,-1,-1,73
/kaggle/input/datasets/maryemmahmood/glyph2025/Glyph2025/x8/x8_41.png,X8,False,-1,-1,162
/kaggle/input/datasets/maryemmahmood/glyph2025/Glyph2025/g36/g36_2.jpg,G36,False,-1,-1,54
/kaggle/input/datasets/maryemmahmood/glyph2025/Glyph2025/d21/200241_d21.png,D21,True,20,241,14
/kaggle/input/datasets/maryemmahmood/glyph2025/Glyph2025/d21/d21_340.png,D21,False,-1,-1,14
/kaggle/input/datasets/maryemmahmood/glyph2025/Glyph2025/m17/m17_418.png,M17,False,-1,-1,73
/kaggle/input/datasets/maryemmahmood/glyph2025/Glyph2025/m16/m16_21.png,M16,False,-1,-1,72
/kaggle/input/datasets/maryemmahmood/glyph2025/Glyph2025/n35/n35_513.png,N35,False,-1,-1,94
/kaggle/input/datasets/maryemmahmood/glyph2025/Glyph2025/a2/a2_24.png,A2,False,-1,-1,3
/kaggle/input/datasets/maryemmahmood/glyph2025/Glyph2025/g17/g17_39.jpg,G17,False,-1,-1,51
/kaggle/input/datasets/maryemmahmood/glyph2025/Glyph2025/m18/m18_12.png,M18,False,-1,-1,74
/kaggle/input/datasets/maryemmahmood/glyph2025/Glyph2025/n35/410069_n35.png,N35,True,41,69,94
/kaggle/input/datasets/maryemmahmood/glyph2025/Glyph2025/e34/090160_e34.png,E34,True,9,160,34
/kaggle/input/datasets/maryemmahmood/glyph2025/Glyph2025/i9/i9_13.png,I9,False,-1,-1,68
/kaggle/input/datasets/maryemmahmood/glyph2025/Glyph2025/s29/230368_s29.png,S29,True,23,368,124
/kaggle/input/datasets/maryemmahmood/glyph2025/Glyph2025/m17/390194_m17.png,M17,True,39,194,73
/kaggle/input/datasets/maryemmahmood/glyph2025/Glyph2025/d40/d40_15.jpg,D40,False,-1,-1,21
/kaggle/input/datasets/maryemmahmood/glyph2025/Glyph2025/i9/i9_43.png,I9,False,-1,-1,68
/kaggle/input/datasets/maryemmahmood/glyph2025/Glyph2025/d21/050156_d21.png,D21,True,5,156,14
/kaggle/input/datasets/maryemmahmood/glyph2025/Glyph2025/w14/w14_9.png,W14,False,-1,-1,150
/kaggle/input/datasets/maryemmahmood/glyph2025/Glyph2025/m17/m17_445.png,M17,False,-1,-1,73
/kaggle/input/datasets/maryemmahmood/glyph2025/Glyph2025/d21/d21_181.png,D21,False,-1,-1,14
/kaggle/input/datasets/maryemmahmood/glyph2025/Glyph2025/r4/r4_79.png,R4,False,-1,-1,116
/kaggle/input/datasets/maryemmahmood/glyph2025/Glyph2025/s29/s29_49.jpg,S29,False,-1,-1,124
/kaggle/input/datasets/maryemmahmood/glyph2025/Glyph2025/m17/m17_394.jpg,M17,False,-1,-1,73
/kaggle/input/datasets/maryemmahmood/glyph2025/Glyph2025/n35/230222_n35.png,N35,True,23,222,94
/kaggle/input/datasets/maryemmahmood/glyph2025/Glyph2025/d36/d36_160.png,D36,False,-1,-1,17
/kaggle/input/datasets/maryemmahmood/glyph2025/Glyph2025/y5/y5_25.jpg,Y5,False,-1,-1,167
/kaggle/input/datasets/maryemmahmood/glyph2025/Glyph2025/d21/d21_203.png,D21,False,-1,-1,14
/kaggle/input/datasets/maryemmahmood/glyph2025/Glyph2025/d37/d37_8.png,D37,False,-1,-1,18
/kaggle/input/datasets/maryemmahmood/glyph2025/Glyph2025/d28/d28_69.png,D28,False,-1,-1,15
/kaggle/input/datasets/maryemmahmood/glyph2025/Glyph2025/r8/r8_78.png,R8,False,-1,-1,118
/kaggle/input/datasets/maryemmahmood/glyph2025/Glyph2025/s29/030208_s29.png,S29,True,3,208,124
/kaggle/input/datasets/maryemmahmood/glyph2025/Glyph2025/q3/410313_q3.png,Q3,True,41,313,113
/kaggle/input/datasets/maryemmahmood/glyph2025/Glyph2025/m23/m23_82.png,M23,False,-1,-1,78
/kaggle/input/datasets/maryemmahmood/glyph2025/Glyph2025/s29/220297_s29.png,S29,True,22,297,124
/kaggle/input/datasets/maryemmahmood/glyph2025/Glyph2025/b1/b1_19.png,B1,False,-1,-1,11
/kaggle/input/datasets/maryemmahmood/glyph2025/Glyph2025/d35/d35_17.jpg,D35,False,-1,-1,16
/kaggle/input/datasets/maryemmahmood/glyph2025/Glyph2025/x1/x1_307.png,X1,False,-1,-1,160
/kaggle/input/datasets/maryemmahmood/glyph2025/Glyph2025/g17/050439_g17.png,G17,True,5,439,51
/kaggle/input/datasets/maryemmahmood/glyph2025/Glyph2025/g36/050208_g36.png,G36,True,5,208,54
/kaggle/input/datasets/maryemmahmood/glyph2025/Glyph2025/n35/210095_n35.png,N35,True,21,95,94
/kaggle/input/datasets/maryemmahmood/glyph2025/Glyph2025/s29/s29_93.jpg,S29,False,-1,-1,124
/kaggle/input/datasets/maryemmahmood/glyph2025/Glyph2025/i9/i9_188.png,I9,False,-1,-1,68
/kaggle/input/datasets/maryemmahmood/glyph2025/Glyph2025/f1/f1_38.png,F1,False,-1,-1,37
/kaggle/input/datasets/maryemmahmood/glyph2025/Glyph2025/r4/r4_15.png,R4,False,-1,-1,116
/kaggle/input/datasets/maryemmahmood/glyph2025/Glyph2025/m17/220170_m17.png,M17,True,22,170,73
/kaggle/input/datasets/maryemmahmood/glyph2025/Glyph2025/n35/n35_81.png,N35,False,-1,-1,94
/kaggle/input/datasets/maryemmahmood/glyph2025/Glyph2025/x8/x8_82.png,X8,False,-1,-1,162
/kaggle/input/datasets/maryemmahmood/glyph2025/Glyph2025/r8/r8_73.png,R8,False,-1,-1,118
/kaggle/input/datasets/maryemmahmood/glyph2025/Glyph2025/v31/v31_33.png,V31,False,-1,-1,145
/kaggle/input/datasets/maryemmahmood/glyph2025/Glyph2025/n35/n35_235.png,N35,False,-1,-1,94
/kaggle/input/datasets/maryemmahmood/glyph2025/Glyph2025/a1/a1_85.jpg,A1,False,-1,-1,0
/kaggle/input/datasets/maryemmahmood/glyph2025/Glyph2025/q1/q1_12.png,Q1,False,-1,-1,111
/kaggle/input/datasets/maryemmahmood/glyph2025/Glyph2025/z2/z2_11.png,Z2,False,-1,-1,171
/kaggle/input/datasets/maryemmahmood/glyph2025/Glyph2025/n1/n1_37.png,N1,False,-1,-1,83
/kaggle/input/datasets/maryemmahmood/glyph2025/Glyph2025/n14/n14_17.png,N14,False,-1,-1,84
/kaggle/input/datasets/maryemmahmood/glyph2025/Glyph2025/q3/q3_83.png,Q3,False,-1,-1,113
/kaggle/input/datasets/maryemmahmood/glyph2025/Glyph2025/aa15/aa15_57.png,AA15,False,-1,-1,10
/kaggle/input/datasets/maryemmahmood/glyph2025/Glyph2025/n35/n35_45.png,N35,False,-1,-1,94
/kaggle/input/datasets/maryemmahmood/glyph2025/Glyph2025/w11/w11_3.jpg,W11,False,-1,-1,149
/kaggle/input/datasets/maryemmahmood/glyph2025/Glyph2025/d37/d37_104.png,D37,False,-1,-1,18
/kaggle/input/datasets/maryemmahmood/glyph2025/Glyph2025/m12/m12_36.png,M12,False,-1,-1,71
/kaggle/input/datasets/maryemmahmood/glyph2025/Glyph2025/u1/u1_31.png,U1,False,-1,-1,132
/kaggle/input/datasets/maryemmahmood/glyph2025/Glyph2025/n35/030111_n35.png,N35,True,3,111,94
/kaggle/input/datasets/maryemmahmood/glyph2025/Glyph2025/u7/u7_22.png,U7,False,-1,-1,137
/kaggle/input/datasets/maryemmahmood/glyph2025/Glyph2025/q3/q3_6.png,Q3,False,-1,-1,113
/kaggle/input/datasets/maryemmahmood/glyph2025/Glyph2025/v10/v10_9.jpg,V10,False,-1,-1,139
/kaggle/input/datasets/maryemmahmood/glyph2025/Glyph2025/v28/v28_48.png,V28,False,-1,-1,142
/kaggle/input/datasets/maryemmahmood/glyph2025/Glyph2025/d46/d46_8.png,D46,False,-1,-1,23
/kaggle/input/datasets/maryemmahmood/glyph2025/Glyph2025/x1/230290_x1.png,X1,True,23,290,160
/kaggle/input/datasets/maryemmahmood/glyph2025/Glyph2025/d21/d21_92.jpg,D21,False,-1,-1,14
/kaggle/input/datasets/maryemmahmood/glyph2025/Glyph2025/g17/220161_g17.png,G17,True,22,161,51
/kaggle/input/datasets/maryemmahmood/glyph2025/Glyph2025/m17/090134_m17.png,M17,True,9,134,73
/kaggle/input/datasets/maryemmahmood/glyph2025/Glyph2025/n35/410194_n35.png,N35,True,41,194,94
/kaggle/input/datasets/maryemmahmood/glyph2025/Glyph2025/h1/h1_32.png,H1,False,-1,-1,62
/kaggle/input/datasets/maryemmahmood/glyph2025/Glyph2025/g43/g43_87.jpg,G43,False,-1,-1,60
/kaggle/input/datasets/maryemmahmood/glyph2025/Glyph2025/g14/g14_15.jpg,G14,False,-1,-1,50
/kaggle/input/datasets/maryemmahmood/glyph2025/Glyph2025/o34/o34_56.png,O34,False,-1,-1,103
/kaggle/input/datasets/maryemmahmood/glyph2025/Glyph2025/d36/230054_d36.png,D36,True,23,54,17
/kaggle/input/datasets/maryemmahmood/glyph2025/Glyph2025/d4/d4_135.png,D4,False,-1,-1,20
/kaggle/input/datasets/maryemmahmood/glyph2025/Glyph2025/o1/o1_10.png,O1,False,-1,-1,100
/kaggle/input/datasets/maryemmahmood/glyph2025/Glyph2025/d58/d58_93.png,D58,False,-1,-1,28
/kaggle/input/datasets/maryemmahmood/glyph2025/Glyph2025/n36/410049_n36.png,N36,True,41,49,95
/kaggle/input/datasets/maryemmahmood/glyph2025/Glyph2025/g17/030065_g17.png,G17,True,3,65,51
/kaggle/input/datasets/maryemmahmood/glyph2025/Glyph2025/s34/s34_82.png,S34,False,-1,-1,126
/kaggle/input/datasets/maryemmahmood/glyph2025/Glyph2025/y1/y1_4.jpg,Y1,False,-1,-1,163
/kaggle/input/datasets/maryemmahmood/glyph2025/Glyph2025/d21/230311_d21.png,D21,True,23,311,14
/kaggle/input/datasets/maryemmahmood/glyph2025/Glyph2025/m17/230090_m17.png,M17,True,23,90,73
/kaggle/input/datasets/maryemmahmood/glyph2025/Glyph2025/o34/030331_o34.png,O34,True,3,331,103
/kaggle/input/datasets/maryemmahmood/glyph2025/Glyph2025/i9/i9_61.png,I9,False,-1,-1,68
/kaggle/input/datasets/maryemmahmood/glyph2025/Glyph2025/n1/n1_46.png,N1,False,-1,-1,83
/kaggle/input/datasets/maryemmahmood/glyph2025/Glyph2025/m3/m3_1.png,M3,False,-1,-1,80
/kaggle/input/datasets/maryemmahmood/glyph2025/Glyph2025/r11/r11_28.png,R11,False,-1,-1,114
/kaggle/input/datasets/maryemmahmood/glyph2025/Glyph2025/d4/d4_50.jpg,D4,False,-1,-1,20
/kaggle/input/datasets/maryemmahmood/glyph2025/Glyph2025/s29/s29_115.png,S29,False,-1,-1,124
/kaggle/input/datasets/maryemmahmood/glyph2025/Glyph2025/n14/n14_18.png,N14,False,-1,-1,84
/kaggle/input/datasets/maryemmahmood/glyph2025/Glyph2025/m17/m17_376.png,M17,False,-1,-1,73
/kaggle/input/datasets/maryemmahmood/glyph2025/Glyph2025/v30/v30_248.png,V30,False,-1,-1,144
/kaggle/input/datasets/maryemmahmood/glyph2025/Glyph2025/m17/410294_m17.png,M17,True,41,294,73
/kaggle/input/datasets/maryemmahmood/glyph2025/Glyph2025/q1/q1_54.png,Q1,False,-1,-1,111
/kaggle/input/datasets/maryemmahmood/glyph2025/Glyph2025/n18/230098_n18.png,N18,True,23,98,86
/kaggle/input/datasets/maryemmahmood/glyph2025/Glyph2025/r8/210083_r8.png,R8,True,21,83,118
/kaggle/input/datasets/maryemmahmood/glyph2025/Glyph2025/g5/410393_g5.png,G5,True,41,393,61
/kaggle/input/datasets/maryemmahmood/glyph2025/Glyph2025/e34/210092_e34.png,E34,True,21,92,34
/kaggle/input/datasets/maryemmahmood/glyph2025/Glyph2025/z11/210163_z11.png,Z11,True,21,163,169
/kaggle/input/datasets/maryemmahmood/glyph2025/Glyph2025/n35/n35_342.png,N35,False,-1,-1,94
/kaggle/input/datasets/maryemmahmood/glyph2025/Glyph2025/i10/i10_16.png,I10,False,-1,-1,66
/kaggle/input/datasets/maryemmahmood/glyph2025/Glyph2025/u7/u7_72.jpg,U7,False,-1,-1,137
/kaggle/input/datasets/maryemmahmood/glyph2025/Glyph2025/s3/s3_15.png,S3,False,-1,-1,125
/kaggle/input/datasets/maryemmahmood/glyph2025/Glyph2025/i9/i9_99.png,I9,False,-1,-1,68
/kaggle/input/datasets/maryemmahmood/glyph2025/Glyph2025/n35/200089_n35.png,N35,True,20,89,94
/kaggle/input/datasets/maryemmahmood/glyph2025/Glyph2025/aa15/aa15_33.png,AA15,False,-1,-1,10
/kaggle/input/datasets/maryemmahmood/glyph2025/Glyph2025/d21/d21_67.jpg,D21,False,-1,-1,14
/kaggle/input/datasets/maryemmahmood/glyph2025/Glyph2025/d58/d58_52.png,D58,False,-1,-1,28
/kaggle/input/datasets/maryemmahmood/glyph2025/Glyph2025/g40/g40_9.jpg,G40,False,-1,-1,59
/kaggle/input/datasets/maryemmahmood/glyph2025/Glyph2025/o1/o1_69.png,O1,False,-1,-1,100
/kaggle/input/datasets/maryemmahmood/glyph2025/Glyph2025/m17/210179_m17.png,M17,True,21,179,73
/kaggle/input/datasets/maryemmahmood/glyph2025/Glyph2025/d2/230216_d2.png,D2,True,23,216,13
/kaggle/input/datasets/maryemmahmood/glyph2025/Glyph2025/f31/f31_20.jpg,F31,False,-1,-1,43
/kaggle/input/datasets/maryemmahmood/glyph2025/Glyph2025/y5/y5_66.png,Y5,False,-1,-1,167
/kaggle/input/datasets/maryemmahmood/glyph2025/Glyph2025/m17/030462_m17.png,M17,True,3,462,73
/kaggle/input/datasets/maryemmahmood/glyph2025/Glyph2025/d21/d21_327.png,D21,False,-1,-1,14
/kaggle/input/datasets/maryemmahmood/glyph2025/Glyph2025/m23/m23_104.jpg,M23,False,-1,-1,78
/kaggle/input/datasets/maryemmahmood/glyph2025/Glyph2025/d35/d35_25.png,D35,False,-1,-1,16
/kaggle/input/datasets/maryemmahmood/glyph2025/Glyph2025/f1/f1_29.png,F1,False,-1,-1,37
/kaggle/input/datasets/maryemmahmood/glyph2025/Glyph2025/v13/v13_25.png,V13,False,-1,-1,140
/kaggle/input/datasets/maryemmahmood/glyph2025/Glyph2025/d58/d58_107.png,D58,False,-1,-1,28
/kaggle/input/datasets/maryemmahmood/glyph2025/Glyph2025/p1/220184_p1.png,P1,True,22,184,108
/kaggle/input/datasets/maryemmahmood/glyph2025/Glyph2025/r4/r4_141.png,R4,False,-1,-1,116
/kaggle/input/datasets/maryemmahmood/glyph2025/Glyph2025/o49/o49_64.png,O49,False,-1,-1,105
/kaggle/input/datasets/maryemmahmood/glyph2025/Glyph2025/g17/390200_g17.png,G17,True,39,200,51
/kaggle/input/datasets/maryemmahmood/glyph2025/Glyph2025/y5/220422_y5.png,Y5,True,22,422,167
/kaggle/input/datasets/maryemmahmood/glyph2025/Glyph2025/m12/m12_56.png,M12,False,-1,-1,71
/kaggle/input/datasets/maryemmahmood/glyph2025/Glyph2025/o1/o1_111.png,O1,False,-1,-1,100
/kaggle/input/datasets/maryemmahmood/glyph2025/Glyph2025/n35/050425_n35.png,N35,True,5,425,94
/kaggle/input/datasets/maryemmahmood/glyph2025/Glyph2025/d21/d21_321.png,D21,False,-1,-1,14
/kaggle/input/datasets/maryemmahmood/glyph2025/Glyph2025/v30/v30_185.png,V30,False,-1,-1,144
/kaggle/input/datasets/maryemmahmood/glyph2025/Glyph2025/d21/200013_d21.png,D21,True,20,13,14
/kaggle/input/datasets/maryemmahmood/glyph2025/Glyph2025/m23/090229_m23.png,M23,True,9,229,78
/kaggle/input/datasets/maryemmahmood/glyph2025/Glyph2025/d36/d36_29.jpg,D36,False,-1,-1,17
/kaggle/input/datasets/maryemmahmood/glyph2025/Glyph2025/d2/030354_d2.png,D2,True,3,354,13
/kaggle/input/datasets/maryemmahmood/glyph2025/Glyph2025/d28/230076_d28.png,D28,True,23,76,15
/kaggle/input/datasets/maryemmahmood/glyph2025/Glyph2025/d21/200368_d21.png,D21,True,20,368,14
/kaggle/input/datasets/maryemmahmood/glyph2025/Glyph2025/v28/390138_v28.png,V28,True,39,138,142
/kaggle/input/datasets/maryemmahmood/glyph2025/Glyph2025/s29/s29_62.jpg,S29,False,-1,-1,124
/kaggle/input/datasets/maryemmahmood/glyph2025/Glyph2025/g43/210138_g43.png,G43,True,21,138,60
/kaggle/input/datasets/maryemmahmood/glyph2025/Glyph2025/o1/o1_20.png,O1,False,-1,-1,100
/kaggle/input/datasets/maryemmahmood/glyph2025/Glyph2025/d4/d4_110.png,D4,False,-1,-1,20
/kaggle/input/datasets/maryemmahmood/glyph2025/Glyph2025/g43/220246_g43.png,G43,True,22,246,60
/kaggle/input/datasets/maryemmahmood/glyph2025/Glyph2025/m12/410215_m12.png,M12,True,41,215,71
/kaggle/input/datasets/maryemmahmood/glyph2025/Glyph2025/o4/o4_1.jpg,O4,False,-1,-1,104
/kaggle/input/datasets/maryemmahmood/glyph2025/Glyph2025/s34/s34_58.png,S34,False,-1,-1,126
/kaggle/input/datasets/maryemmahmood/glyph2025/Glyph2025/g17/200222_g17.png,G17,True,20,222,51
/kaggle/input/datasets/maryemmahmood/glyph2025/Glyph2025/o49/o49_88.png,O49,False,-1,-1,105
/kaggle/input/datasets/maryemmahmood/glyph2025/Glyph2025/x1/x1_42.png,X1,False,-1,-1,160
/kaggle/input/datasets/maryemmahmood/glyph2025/Glyph2025/g17/g17_133.png,G17,False,-1,-1,51
/kaggle/input/datasets/maryemmahmood/glyph2025/Glyph2025/y1/y1_72.png,Y1,False,-1,-1,163
/kaggle/input/datasets/maryemmahmood/glyph2025/Glyph2025/n35/n35_20.jpg,N35,False,-1,-1,94
/kaggle/input/datasets/maryemmahmood/glyph2025/Glyph2025/i9/i9_283.png,I9,False,-1,-1,68
/kaggle/input/datasets/maryemmahmood/glyph2025/Glyph2025/w24/w24_18.jpg,W24,False,-1,-1,157
/kaggle/input/datasets/maryemmahmood/glyph2025/Glyph2025/d21/d21_259.png,D21,False,-1,-1,14
/kaggle/input/datasets/maryemmahmood/glyph2025/Glyph2025/d37/d37_116.png,D37,False,-1,-1,18
/kaggle/input/datasets/maryemmahmood/glyph2025/Glyph2025/m17/220351_m17.png,M17,True,22,351,73
/kaggle/input/datasets/maryemmahmood/glyph2025/Glyph2025/r4/r4_4.jpg,R4,False,-1,-1,116
/kaggle/input/datasets/maryemmahmood/glyph2025/Glyph2025/g43/050227_g43.png,G43,True,5,227,60
/kaggle/input/datasets/maryemmahmood/glyph2025/Glyph2025/g35/390330_g35.png,G35,True,39,330,53
/kaggle/input/datasets/maryemmahmood/glyph2025/Glyph2025/d21/d21_180.png,D21,False,-1,-1,14
/kaggle/input/datasets/maryemmahmood/glyph2025/Glyph2025/n35/n35_283.png,N35,False,-1,-1,94
/kaggle/input/datasets/maryemmahmood/glyph2025/Glyph2025/f1/f1_6.png,F1,False,-1,-1,37
/kaggle/input/datasets/maryemmahmood/glyph2025/Glyph2025/n35/090147_n35.png,N35,True,9,147,94
/kaggle/input/datasets/maryemmahmood/glyph2025/Glyph2025/v31/v31_98.png,V31,False,-1,-1,145
/kaggle/input/datasets/maryemmahmood/glyph2025/Glyph2025/o34/o34_59.png,O34,False,-1,-1,103
/kaggle/input/datasets/maryemmahmood/glyph2025/Glyph2025/d28/d28_5.png,D28,False,-1,-1,15
/kaggle/input/datasets/maryemmahmood/glyph2025/Glyph2025/w25/090192_w25.png,W25,True,9,192,158
/kaggle/input/datasets/maryemmahmood/glyph2025/Glyph2025/g43/g43_75.jpg,G43,False,-1,-1,60
/kaggle/input/datasets/maryemmahmood/glyph2025/Glyph2025/x1/x1_235.png,X1,False,-1,-1,160
/kaggle/input/datasets/maryemmahmood/glyph2025/Glyph2025/i9/i9_256.png,I9,False,-1,-1,68
/kaggle/input/datasets/maryemmahmood/glyph2025/Glyph2025/y1/y1_7.png,Y1,False,-1,-1,163
/kaggle/input/datasets/maryemmahmood/glyph2025/Glyph2025/n35/n35_92.png,N35,False,-1,-1,94
/kaggle/input/datasets/maryemmahmood/glyph2025/Glyph2025/m17/m17_78.png,M17,False,-1,-1,73
/kaggle/input/datasets/maryemmahmood/glyph2025/Glyph2025/d28/d28_2.png,D28,False,-1,-1,15
/kaggle/input/datasets/maryemmahmood/glyph2025/Glyph2025/d37/d37_142.png,D37,False,-1,-1,18
/kaggle/input/datasets/maryemmahmood/glyph2025/Glyph2025/m23/m23_52.png,M23,False,-1,-1,78
/kaggle/input/datasets/maryemmahmood/glyph2025/Glyph2025/d36/d36_69.png,D36,False,-1,-1,17
/kaggle/input/datasets/maryemmahmood/glyph2025/Glyph2025/y1/y1_106.jpg,Y1,False,-1,-1,163
/kaggle/input/datasets/maryemmahmood/glyph2025/Glyph2025/e7/e7_5.png,E7,False,-1,-1,35
/kaggle/input/datasets/maryemmahmood/glyph2025/Glyph2025/w24/w24_25.png,W24,False,-1,-1,157
/kaggle/input/datasets/maryemmahmood/glyph2025/Glyph2025/a40/a40_48.png,A40,False,-1,-1,6
/kaggle/input/datasets/maryemmahmood/glyph2025/Glyph2025/d21/d21_243.png,D21,False,-1,-1,14
/kaggle/input/datasets/maryemmahmood/glyph2025/Glyph2025/g17/050376_g17.png,G17,True,5,376,51
/kaggle/input/datasets/maryemmahmood/glyph2025/Glyph2025/u7/u7_68.png,U7,False,-1,-1,137
/kaggle/input/datasets/maryemmahmood/glyph2025/Glyph2025/n35/n35_136.jpg,N35,False,-1,-1,94
/kaggle/input/datasets/maryemmahmood/glyph2025/Glyph2025/s29/s29_170.png,S29,False,-1,-1,124
/kaggle/input/datasets/maryemmahmood/glyph2025/Glyph2025/d35/d35_40.jpg,D35,False,-1,-1,16
/kaggle/input/datasets/maryemmahmood/glyph2025/Glyph2025/d37/d37_82.png,D37,False,-1,-1,18
/kaggle/input/datasets/maryemmahmood/glyph2025/Glyph2025/g17/390216_g17.png,G17,True,39,216,51
/kaggle/input/datasets/maryemmahmood/glyph2025/Glyph2025/z2/z2_13.jpg,Z2,False,-1,-1,171
/kaggle/input/datasets/maryemmahmood/glyph2025/Glyph2025/v28/230052_v28.png,V28,True,23,52,142
/kaggle/input/datasets/maryemmahmood/glyph2025/Glyph2025/o49/o49_37.png,O49,False,-1,-1,105
/kaggle/input/datasets/maryemmahmood/glyph2025/Glyph2025/d21/d21_85.png,D21,False,-1,-1,14
/kaggle/input/datasets/maryemmahmood/glyph2025/Glyph2025/s29/s29_118.png,S29,False,-1,-1,124
/kaggle/input/datasets/maryemmahmood/glyph2025/Glyph2025/m23/m23_78.jpg,M23,False,-1,-1,78
/kaggle/input/datasets/maryemmahmood/glyph2025/Glyph2025/d36/220355_d36.png,D36,True,22,355,17
/kaggle/input/datasets/maryemmahmood/glyph2025/Glyph2025/x1/x1_317.png,X1,False,-1,-1,160
/kaggle/input/datasets/maryemmahmood/glyph2025/Glyph2025/d4/d4_167.jpg,D4,False,-1,-1,20
/kaggle/input/datasets/maryemmahmood/glyph2025/Glyph2025/v13/230299_v13.png,V13,True,23,299,140
/kaggle/input/datasets/maryemmahmood/glyph2025/Glyph2025/d58/d58_67.png,D58,False,-1,-1,28
/kaggle/input/datasets/maryemmahmood/glyph2025/Glyph2025/q1/q1_11.png,Q1,False,-1,-1,111
/kaggle/input/datasets/maryemmahmood/glyph2025/Glyph2025/g1/220114_g1.png,G1,True,22,114,49
/kaggle/input/datasets/maryemmahmood/glyph2025/Glyph2025/a1/a1_56.jpg,A1,False,-1,-1,0
/kaggle/input/datasets/maryemmahmood/glyph2025/Glyph2025/d21/d21_290.png,D21,False,-1,-1,14
/kaggle/input/datasets/maryemmahmood/glyph2025/Glyph2025/d36/d36_68.png,D36,False,-1,-1,17
/kaggle/input/datasets/maryemmahmood/glyph2025/Glyph2025/d21/d21_238.png,D21,False,-1,-1,14
/kaggle/input/datasets/maryemmahmood/glyph2025/Glyph2025/v13/v13_22.png,V13,False,-1,-1,140
/kaggle/input/datasets/maryemmahmood/glyph2025/Glyph2025/d46/d46_57.png,D46,False,-1,-1,23
/kaggle/input/datasets/maryemmahmood/glyph2025/Glyph2025/v31/v31_34.png,V31,False,-1,-1,145
/kaggle/input/datasets/maryemmahmood/glyph2025/Glyph2025/v30/v30_192.png,V30,False,-1,-1,144
/kaggle/input/datasets/maryemmahmood/glyph2025/Glyph2025/r7/r7_3.png,R7,False,-1,-1,117
/kaggle/input/datasets/maryemmahmood/glyph2025/Glyph2025/z1/z1_19.png,Z1,False,-1,-1,168
/kaggle/input/datasets/maryemmahmood/glyph2025/Glyph2025/x1/x1_355.png,X1,False,-1,-1,160
/kaggle/input/datasets/maryemmahmood/glyph2025/Glyph2025/g17/210135_g17.png,G17,True,21,135,51
/kaggle/input/datasets/maryemmahmood/glyph2025/Glyph2025/n35/210049_n35.png,N35,True,21,49,94
/kaggle/input/datasets/maryemmahmood/glyph2025/Glyph2025/d46/030147_d46.png,D46,True,3,147,23
/kaggle/input/datasets/maryemmahmood/glyph2025/Glyph2025/q3/q3_78.png,Q3,False,-1,-1,113
/kaggle/input/datasets/maryemmahmood/glyph2025/Glyph2025/n14/n14_20.png,N14,False,-1,-1,84
/kaggle/input/datasets/maryemmahmood/glyph2025/Glyph2025/o50/410250_o50.png,O50,True,41,250,106
/kaggle/input/datasets/maryemmahmood/glyph2025/Glyph2025/i9/i9_159.png,I9,False,-1,-1,68
/kaggle/input/datasets/maryemmahmood/glyph2025/Glyph2025/x1/x1_275.png,X1,False,-1,-1,160
/kaggle/input/datasets/maryemmahmood/glyph2025/Glyph2025/o50/390242_o50.png,O50,True,39,242,106
/kaggle/input/datasets/maryemmahmood/glyph2025/Glyph2025/v31/410321_v31.png,V31,True,41,321,145
/kaggle/input/datasets/maryemmahmood/glyph2025/Glyph2025/d21/090238_d21.png,D21,True,9,238,14
/kaggle/input/datasets/maryemmahmood/glyph2025/Glyph2025/d21/220081_d21.png,D21,True,22,81,14
/kaggle/input/datasets/maryemmahmood/glyph2025/Glyph2025/s29/s29_68.jpg,S29,False,-1,-1,124
/kaggle/input/datasets/maryemmahmood/glyph2025/Glyph2025/m17/030320_m17.png,M17,True,3,320,73
/kaggle/input/datasets/maryemmahmood/glyph2025/Glyph2025/s38/s38_10.png,S38,False,-1,-1,127
/kaggle/input/datasets/maryemmahmood/glyph2025/Glyph2025/v28/v28_126.png,V28,False,-1,-1,142
/kaggle/input/datasets/maryemmahmood/glyph2025/Glyph2025/g17/220399_g17.png,G17,True,22,399,51
/kaggle/input/datasets/maryemmahmood/glyph2025/Glyph2025/n33/n33_172.png,N33,False,-1,-1,92
/kaggle/input/datasets/maryemmahmood/glyph2025/Glyph2025/d55/d55_25.jpg,D55,False,-1,-1,26
/kaggle/input/datasets/maryemmahmood/glyph2025/Glyph2025/s34/s34_60.jpg,S34,False,-1,-1,126
/kaggle/input/datasets/maryemmahmood/glyph2025/Glyph2025/g17/410352_g17.png,G17,True,41,352,51
/kaggle/input/datasets/maryemmahmood/glyph2025/Glyph2025/u23/u23_1.png,U23,False,-1,-1,134
/kaggle/input/datasets/maryemmahmood/glyph2025/Glyph2025/o50/210027_o50.png,O50,True,21,27,106
/kaggle/input/datasets/maryemmahmood/glyph2025/Glyph2025/n35/n35_139.jpg,N35,False,-1,-1,94
/kaggle/input/datasets/maryemmahmood/glyph2025/Glyph2025/m17/m17_58.png,M17,False,-1,-1,73
/kaggle/input/datasets/maryemmahmood/glyph2025/Glyph2025/u7/u7_39.jpg,U7,False,-1,-1,137
/kaggle/input/datasets/maryemmahmood/glyph2025/Glyph2025/v30/v30_102.jpg,V30,False,-1,-1,144
/kaggle/input/datasets/maryemmahmood/glyph2025/Glyph2025/m17/m17_92.jpg,M17,False,-1,-1,73
/kaggle/input/datasets/maryemmahmood/glyph2025/Glyph2025/w11/w11_11.png,W11,False,-1,-1,149
/kaggle/input/datasets/maryemmahmood/glyph2025/Glyph2025/s29/390125_s29.png,S29,True,39,125,124
/kaggle/input/datasets/maryemmahmood/glyph2025/Glyph2025/d55/d55_49.png,D55,False,-1,-1,26
/kaggle/input/datasets/maryemmahmood/glyph2025/Glyph2025/m18/410137_m18.png,M18,True,41,137,74
/kaggle/input/datasets/maryemmahmood/glyph2025/Glyph2025/h1/h1_2.png,H1,False,-1,-1,62
/kaggle/input/datasets/maryemmahmood/glyph2025/Glyph2025/d55/d55_36.png,D55,False,-1,-1,26
/kaggle/input/datasets/maryemmahmood/glyph2025/Glyph2025/w17/w17_21.png,W17,False,-1,-1,152
/kaggle/input/datasets/maryemmahmood/glyph2025/Glyph2025/d2/d2_59.png,D2,False,-1,-1,13
/kaggle/input/datasets/maryemmahmood/glyph2025/Glyph2025/x1/x1_174.png,X1,False,-1,-1,160
/kaggle/input/datasets/maryemmahmood/glyph2025/Glyph2025/r8/r8_26.png,R8,False,-1,-1,118
/kaggle/input/datasets/maryemmahmood/glyph2025/Glyph2025/n35/200200_n35.png,N35,True,20,200,94
/kaggle/input/datasets/maryemmahmood/glyph2025/Glyph2025/o34/o34_53.png,O34,False,-1,-1,103
/kaggle/input/datasets/maryemmahmood/glyph2025/Glyph2025/r4/r4_93.png,R4,False,-1,-1,116
/kaggle/input/datasets/maryemmahmood/glyph2025/Glyph2025/s21/s21_50.png,S21,False,-1,-1,120
/kaggle/input/datasets/maryemmahmood/glyph2025/Glyph2025/s29/090029_s29.png,S29,True,9,29,124
/kaggle/input/datasets/maryemmahmood/glyph2025/Glyph2025/o49/o49_49.png,O49,False,-1,-1,105
/kaggle/input/datasets/maryemmahmood/glyph2025/Glyph2025/m17/m17_149.png,M17,False,-1,-1,73
/kaggle/input/datasets/maryemmahmood/glyph2025/Glyph2025/x1/210237_x1.png,X1,True,21,237,160
/kaggle/input/datasets/maryemmahmood/glyph2025/Glyph2025/g17/g17_33.jpg,G17,False,-1,-1,51
/kaggle/input/datasets/maryemmahmood/glyph2025/Glyph2025/n35/n35_86.png,N35,False,-1,-1,94
/kaggle/input/datasets/maryemmahmood/glyph2025/Glyph2025/m17/210167_m17.png,M17,True,21,167,73
/kaggle/input/datasets/maryemmahmood/glyph2025/Glyph2025/y5/y5_63.png,Y5,False,-1,-1,167
/kaggle/input/datasets/maryemmahmood/glyph2025/Glyph2025/x1/x1_191.png,X1,False,-1,-1,160
/kaggle/input/datasets/maryemmahmood/glyph2025/Glyph2025/s29/200157_s29.png,S29,True,20,157,124
/kaggle/input/datasets/maryemmahmood/glyph2025/Glyph2025/h1/h1_1.png,H1,False,-1,-1,62
/kaggle/input/datasets/maryemmahmood/glyph2025/Glyph2025/m17/m17_39.png,M17,False,-1,-1,73
/kaggle/input/datasets/maryemmahmood/glyph2025/Glyph2025/v31/390288_v31.png,V31,True,39,288,145
/kaggle/input/datasets/maryemmahmood/glyph2025/Glyph2025/q1/390370_q1.png,Q1,True,39,370,111
/kaggle/input/datasets/maryemmahmood/glyph2025/Glyph2025/f35/f35_18.png,F35,False,-1,-1,46
/kaggle/input/datasets/maryemmahmood/glyph2025/Glyph2025/v28/v28_112.png,V28,False,-1,-1,142
/kaggle/input/datasets/maryemmahmood/glyph2025/Glyph2025/v30/v30_256.jpg,V30,False,-1,-1,144
/kaggle/input/datasets/maryemmahmood/glyph2025/Glyph2025/n35/n35_411.png,N35,False,-1,-1,94
/kaggle/input/datasets/maryemmahmood/glyph2025/Glyph2025/v31/v31_74.jpg,V31,False,-1,-1,145
/kaggle/input/datasets/maryemmahmood/glyph2025/Glyph2025/s29/220407_s29.png,S29,True,22,407,124
/kaggle/input/datasets/maryemmahmood/glyph2025/Glyph2025/g5/g5_4.png,G5,False,-1,-1,61
/kaggle/input/datasets/maryemmahmood/glyph2025/Glyph2025/v13/230239_v13.png,V13,True,23,239,140
/kaggle/input/datasets/maryemmahmood/glyph2025/Glyph2025/z1/z1_2.png,Z1,False,-1,-1,168
/kaggle/input/datasets/maryemmahmood/glyph2025/Glyph2025/d21/d21_332.png,D21,False,-1,-1,14
/kaggle/input/datasets/maryemmahmood/glyph2025/Glyph2025/n37/390364_n37.png,N37,True,39,364,96
/kaggle/input/datasets/maryemmahmood/glyph2025/Glyph2025/g17/410307_g17.png,G17,True,41,307,51
/kaggle/input/datasets/maryemmahmood/glyph2025/Glyph2025/h1/h1_13.png,H1,False,-1,-1,62
/kaggle/input/datasets/maryemmahmood/glyph2025/Glyph2025/u33/u33_2.png,U33,False,-1,-1,135
/kaggle/input/datasets/maryemmahmood/glyph2025/Glyph2025/m17/m17_106.jpg,M17,False,-1,-1,73
/kaggle/input/datasets/maryemmahmood/glyph2025/Glyph2025/r8/r8_157.png,R8,False,-1,-1,118
/kaggle/input/datasets/maryemmahmood/glyph2025/Glyph2025/v13/v13_45.jpg,V13,False,-1,-1,140
/kaggle/input/datasets/maryemmahmood/glyph2025/Glyph2025/x8/x8_123.png,X8,False,-1,-1,162
/kaggle/input/datasets/maryemmahmood/glyph2025/Glyph2025/i9/i9_291.png,I9,False,-1,-1,68
/kaggle/input/datasets/maryemmahmood/glyph2025/Glyph2025/g17/090281_g17.png,G17,True,9,281,51
/kaggle/input/datasets/maryemmahmood/glyph2025/Glyph2025/y1/y1_10.png,Y1,False,-1,-1,163
/kaggle/input/datasets/maryemmahmood/glyph2025/Glyph2025/q3/q3_79.png,Q3,False,-1,-1,113
/kaggle/input/datasets/maryemmahmood/glyph2025/Glyph2025/w15/030293_w15.png,W15,True,3,293,151
/kaggle/input/datasets/maryemmahmood/glyph2025/Glyph2025/n8/n8_2.png,N8,False,-1,-1,99
/kaggle/input/datasets/maryemmahmood/glyph2025/Glyph2025/n33/n33_53.jpg,N33,False,-1,-1,92
/kaggle/input/datasets/maryemmahmood/glyph2025/Glyph2025/g17/g17_99.jpg,G17,False,-1,-1,51
/kaggle/input/datasets/maryemmahmood/glyph2025/Glyph2025/w18/w18_9.png,W18,False,-1,-1,153
/kaggle/input/datasets/maryemmahmood/glyph2025/Glyph2025/y2/200072_y2.png,Y2,True,20,72,164
/kaggle/input/datasets/maryemmahmood/glyph2025/Glyph2025/m23/m23_121.png,M23,False,-1,-1,78
/kaggle/input/datasets/maryemmahmood/glyph2025/Glyph2025/d39/d39_2.png,D39,False,-1,-1,19
/kaggle/input/datasets/maryemmahmood/glyph2025/Glyph2025/o1/o1_87.jpg,O1,False,-1,-1,100
/kaggle/input/datasets/maryemmahmood/glyph2025/Glyph2025/u6/u6_5.jpg,U6,False,-1,-1,136
/kaggle/input/datasets/maryemmahmood/glyph2025/Glyph2025/s29/s29_137.png,S29,False,-1,-1,124
/kaggle/input/datasets/maryemmahmood/glyph2025/Glyph2025/q3/q3_46.png,Q3,False,-1,-1,113
/kaggle/input/datasets/maryemmahmood/glyph2025/Glyph2025/d37/d37_85.png,D37,False,-1,-1,18
/kaggle/input/datasets/maryemmahmood/glyph2025/Glyph2025/m17/200213_m17.png,M17,True,20,213,73
/kaggle/input/datasets/maryemmahmood/glyph2025/Glyph2025/v28/v28_55.png,V28,False,-1,-1,142
/kaggle/input/datasets/maryemmahmood/glyph2025/Glyph2025/f1/f1_60.jpg,F1,False,-1,-1,37
/kaggle/input/datasets/maryemmahmood/glyph2025/Glyph2025/s29/s29_190.png,S29,False,-1,-1,124
/kaggle/input/datasets/maryemmahmood/glyph2025/Glyph2025/g43/g43_15.jpg,G43,False,-1,-1,60
/kaggle/input/datasets/maryemmahmood/glyph2025/Glyph2025/m17/m17_453.png,M17,False,-1,-1,73
/kaggle/input/datasets/maryemmahmood/glyph2025/Glyph2025/v1/v1_22.png,V1,False,-1,-1,138
/kaggle/input/datasets/maryemmahmood/glyph2025/Glyph2025/d58/d58_101.png,D58,False,-1,-1,28
/kaggle/input/datasets/maryemmahmood/glyph2025/Glyph2025/v20/v20_5.png,V20,False,-1,-1,141
/kaggle/input/datasets/maryemmahmood/glyph2025/Glyph2025/d21/d21_45.png,D21,False,-1,-1,14
/kaggle/input/datasets/maryemmahmood/glyph2025/Glyph2025/x1/x1_429.png,X1,False,-1,-1,160
/kaggle/input/datasets/maryemmahmood/glyph2025/Glyph2025/d36/d36_120.png,D36,False,-1,-1,17
/kaggle/input/datasets/maryemmahmood/glyph2025/Glyph2025/o49/050030_o49.png,O49,True,5,30,105
/kaggle/input/datasets/maryemmahmood/glyph2025/Glyph2025/f35/f35_117.png,F35,False,-1,-1,46
/kaggle/input/datasets/maryemmahmood/glyph2025/Glyph2025/m17/m17_403.png,M17,False,-1,-1,73
/kaggle/input/datasets/maryemmahmood/glyph2025/Glyph2025/s3/s3_1.png,S3,False,-1,-1,125
/kaggle/input/datasets/maryemmahmood/glyph2025/Glyph2025/w19/w19_14.png,W19,False,-1,-1,154
/kaggle/input/datasets/maryemmahmood/glyph2025/Glyph2025/r4/r4_29.png,R4,False,-1,-1,116
/kaggle/input/datasets/maryemmahmood/glyph2025/Glyph2025/i9/390273_i9.png,I9,True,39,273,68
/kaggle/input/datasets/maryemmahmood/glyph2025/Glyph2025/d21/050244_d21.png,D21,True,5,244,14
/kaggle/input/datasets/maryemmahmood/glyph2025/Glyph2025/d55/d55_16.jpg,D55,False,-1,-1,26
/kaggle/input/datasets/maryemmahmood/glyph2025/Glyph2025/g43/210020_g43.png,G43,True,21,20,60
